d	kappa
-17032	17032
-17031	17031
-17029	17029
-17028	17028
-17026	17026
-17025	17025
-17023	17023
-17021	17021
-17020	17020
-17019	17019
-17017	17017
-17016	17016
-17015	17015
-17013	17013
-17011	17011
-17010	17010
-17009	17009
-17008	17008
-17005	17005
-17004	17004
-17003	17003
-17002	17002
-17000	17000
-16998	16998
-16997	16997
-16996	16996
-16995	16995
-16994	16994
-16992	16992
-16990	16990
-16989	16989
-16988	16988
-16987	16987
-16986	16986
-16983	16983
-16982	16982
-16981	16981
-16980	16980
-16979	16979
-16977	16977
-16975	16975
-16974	16974
-16973	16973
-16971	16971
-16969	16969
-16968	16968
-16967	16967
-16966	16966
-16965	16965
-16963	16963
-16962	16962
-16960	16960
-16959	16959
-16958	16958
-16957	16957
-16956	16956
-16954	16954
-16953	16953
-16952	16952
-16951	16951
-16950	16950
-16948	16948
-16947	16947
-16946	16946
-16945	16945
-16944	16944
-16942	16942
-16941	16941
-16940	16940
-16939	16939
-16937	16937
-16936	16936
-16935	16935
-16934	16934
-16933	16933
-16932	16932
-16931	16931
-16929	16929
-16928	16928
-16927	16927
-16926	16926
-16925	16925
-16924	16924
-16923	16923
-16921	16921
-16920	16920
-16919	16919
-16918	16918
-16917	16917
-16916	16916
-16914	16914
-16913	16913
-16912	16912
-16911	16911
-16910	16910
-16908	16908
-16906	16906
-16905	16905
-16904	16904
-16903	16903
-16902	16902
-16900	16900
-16899	16899
-16898	16898
-16897	16897
-16896	16896
-16895	16895
-16894	16894
-16893	16893
-16891	16891
-16890	16890
-16889	16889
-16888	16888
-16887	16887
-16885	16885
-16884	16884
-16883	16883
-16882	16882
-16881	16881
-16879	16879
-16878	16878
-16877	16877
-16876	16876
-16875	16875
-16874	16874
-16873	16873
-16872	16872
-16871	16871
-16870	16870
-16868	16868
-16867	16867
-16866	16866
-16865	16865
-16864	16864
-16862	16862
-16860	16860
-16859	16859
-16858	16858
-16856	16856
-16854	16854
-16852	16852
-16850	16850
-16848	16848
-16844	16844
-16842	16842
-16840	16840
-16836	16836
-16834	16834
-16832	16832
-16830	16830
-16828	16828
-16827	16827
-16826	16826
-16824	16824
-16822	16822
-16821	16821
-16820	16820
-16819	16819
-16818	16818
-16816	16816
-16815	16815
-16814	16814
-16813	16813
-16812	16812
-16811	16811
-16810	16810
-16809	16809
-16808	16808
-16807	16807
-16806	16806
-16805	16805
-16804	16804
-16803	16803
-16802	16802
-16801	16801
-16799	16799
-16798	16798
-16797	16797
-16796	16796
-16795	16795
-16793	16793
-16791	16791
-16790	16790
-16789	16789
-16787	16787
-16785	16785
-16783	16783
-16781	16781
-16779	16779
-16775	16775
-16773	16773
-16767	16767
-16764	16764
-16760	16760
-16758	16758
-16756	16756
-16752	16752
-16750	16750
-16748	16748
-16746	16746
-16744	16744
-16742	16742
-16740	16740
-16739	16739
-16738	16738
-16736	16736
-16734	16734
-16733	16733
-16732	16732
-16730	16730
-16728	16728
-16727	16727
-16726	16726
-16724	16724
-16722	16722
-16721	16721
-16720	16720
-16718	16718
-16716	16716
-16714	16714
-16712	16712
-16710	16710
-16706	16706
-16704	16704
-16698	16698
-16697	16697
-16691	16691
-16689	16689
-16683	16683
-16681	16681
-16676	16676
-16675	16675
-16670	16670
-16668	16668
-16664	16664
-16660	16660
-16658	16658
-16655	16655
-16652	16652
-16649	16649
-16647	16647
-16643	16643
-16641	16641
-16637	16637
-16635	16635
-16634	16634
-16629	16629
-16628	16628
-16626	16626
-16622	16622
-16620	16620
-16618	16618
-16614	16614
-16613	16613
-16612	16612
-16607	16607
-16606	16606
-16605	16605
-16601	16601
-16599	16599
-16597	16597
-16595	16595
-16592	16592
-16591	16591
-16589	16589
-16586	16586
-16584	16584
-16583	16583
-16580	16580
-16578	16578
-16576	16576
-16574	16574
-16572	16572
-16571	16571
-16568	16568
-16566	16566
-16565	16565
-16563	16563
-16560	16560
-16559	16559
-16557	16557
-16555	16555
-16553	16553
-16551	16551
-16550	16550
-16549	16549
-16545	16545
-16544	16544
-16543	16543
-16542	16542
-16538	16538
-16537	16537
-16536	16536
-16534	16534
-16532	16532
-16530	16530
-16529	16529
-16528	16528
-16526	16526
-16523	16523
-16522	16522
-16521	16521
-16520	16520
-16517	16517
-16515	16515
-16514	16514
-16513	16513
-16511	16511
-16509	16509
-16508	16508
-16507	16507
-16505	16505
-16503	16503
-16502	16502
-16500	16500
-16499	16499
-16497	16497
-16496	16496
-16494	16494
-16492	16492
-16491	16491
-16490	16490
-16488	16488
-16487	16487
-16486	16486
-16484	16484
-16482	16482
-16481	16481
-16480	16480
-16479	16479
-16476	16476
-16475	16475
-16474	16474
-16473	16473
-16471	16471
-16469	16469
-16468	16468
-16467	16467
-16466	16466
-16465	16465
-16463	16463
-16461	16461
-16460	16460
-16459	16459
-16458	16458
-16457	16457
-16454	16454
-16453	16453
-16452	16452
-16451	16451
-16450	16450
-16448	16448
-16446	16446
-16445	16445
-16444	16444
-16442	16442
-16440	16440
-16439	16439
-16438	16438
-16437	16437
-16436	16436
-16434	16434
-16433	16433
-16431	16431
-16430	16430
-16429	16429
-16428	16428
-16427	16427
-16425	16425
-16424	16424
-16423	16423
-16422	16422
-16421	16421
-16419	16419
-16418	16418
-16417	16417
-16416	16416
-16415	16415
-16413	16413
-16412	16412
-16411	16411
-16410	16410
-16408	16408
-16407	16407
-16406	16406
-16405	16405
-16404	16404
-16403	16403
-16402	16402
-16400	16400
-16399	16399
-16398	16398
-16397	16397
-16396	16396
-16395	16395
-16394	16394
-16392	16392
-16391	16391
-16390	16390
-16389	16389
-16388	16388
-16387	16387
-16385	16385
-16384	16384
-16383	16383
-16382	16382
-16381	16381
-16379	16379
-16377	16377
-16376	16376
-16375	16375
-16374	16374
-16373	16373
-16371	16371
-16370	16370
-16369	16369
-16368	16368
-16367	16367
-16366	16366
-16365	16365
-16364	16364
-16362	16362
-16361	16361
-16360	16360
-16359	16359
-16358	16358
-16356	16356
-16354	16354
-16353	16353
-16352	16352
-16350	16350
-16348	16348
-16346	16346
-16344	16344
-16342	16342
-16340	16340
-16338	16338
-16336	16336
-16334	16334
-16332	16332
-16330	16330
-16328	16328
-16326	16326
-16324	16324
-16322	16322
-16320	16320
-16319	16319
-16318	16318
-16316	16316
-16315	16315
-16314	16314
-16313	16313
-16312	16312
-16311	16311
-16310	16310
-16308	16308
-16307	16307
-16306	16306
-16305	16305
-16304	16304
-16303	16303
-16302	16302
-16301	16301
-16300	16300
-16299	16299
-16298	16298
-16297	16297
-16296	16296
-16295	16295
-16293	16293
-16292	16292
-16291	16291
-16290	16290
-16289	16289
-16287	16287
-16285	16285
-16284	16284
-16283	16283
-16281	16281
-16279	16279
-16277	16277
-16275	16275
-16273	16273
-16269	16269
-16267	16267
-16261	16261
-16256	16256
-16252	16252
-16250	16250
-16248	16248
-16246	16246
-16244	16244
-16242	16242
-16240	16240
-16238	16238
-16236	16236
-16234	16234
-16232	16232
-16231	16231
-16230	16230
-16228	16228
-16226	16226
-16224	16224
-16223	16223
-16222	16222
-16220	16220
-16218	16218
-16216	16216
-16215	16215
-16214	16214
-16212	16212
-16210	16210
-16208	16208
-16206	16206
-16204	16204
-16200	16200
-16198	16198
-16192	16192
-16189	16189
-16183	16183
-16181	16181
-16177	16177
-16175	16175
-16169	16169
-16168	16168
-16162	16162
-16160	16160
-16154	16154
-16152	16152
-16147	16147
-16146	16146
-16141	16141
-16139	16139
-16135	16135
-16131	16131
-16129	16129
-16126	16126
-16123	16123
-16120	16120
-16118	16118
-16114	16114
-16112	16112
-16108	16108
-16106	16106
-16105	16105
-16100	16100
-16099	16099
-16097	16097
-16093	16093
-16091	16091
-16089	16089
-16085	16085
-16084	16084
-16083	16083
-16078	16078
-16077	16077
-16076	16076
-16072	16072
-16070	16070
-16068	16068
-16066	16066
-16063	16063
-16062	16062
-16060	16060
-16057	16057
-16055	16055
-16054	16054
-16051	16051
-16049	16049
-16047	16047
-16045	16045
-16043	16043
-16042	16042
-16039	16039
-16037	16037
-16036	16036
-16034	16034
-16031	16031
-16030	16030
-16028	16028
-16026	16026
-16024	16024
-16022	16022
-16021	16021
-16020	16020
-16016	16016
-16015	16015
-16014	16014
-16013	16013
-16009	16009
-16008	16008
-16007	16007
-16005	16005
-16003	16003
-16001	16001
-16000	16000
-15999	15999
-15997	15997
-15994	15994
-15993	15993
-15992	15992
-15991	15991
-15988	15988
-15986	15986
-15985	15985
-15984	15984
-15982	15982
-15980	15980
-15979	15979
-15978	15978
-15976	15976
-15974	15974
-15973	15973
-15971	15971
-15970	15970
-15968	15968
-15967	15967
-15965	15965
-15963	15963
-15962	15962
-15961	15961
-15959	15959
-15958	15958
-15957	15957
-15955	15955
-15953	15953
-15952	15952
-15951	15951
-15950	15950
-15947	15947
-15946	15946
-15945	15945
-15944	15944
-15942	15942
-15940	15940
-15939	15939
-15938	15938
-15937	15937
-15936	15936
-15934	15934
-15932	15932
-15931	15931
-15930	15930
-15929	15929
-15928	15928
-15925	15925
-15924	15924
-15923	15923
-15922	15922
-15921	15921
-15919	15919
-15917	15917
-15916	15916
-15915	15915
-15913	15913
-15911	15911
-15910	15910
-15909	15909
-15908	15908
-15907	15907
-15905	15905
-15904	15904
-15902	15902
-15901	15901
-15900	15900
-15899	15899
-15898	15898
-15896	15896
-15895	15895
-15894	15894
-15893	15893
-15892	15892
-15890	15890
-15889	15889
-15888	15888
-15887	15887
-15886	15886
-15884	15884
-15883	15883
-15882	15882
-15881	15881
-15879	15879
-15878	15878
-15877	15877
-15876	15876
-15875	15875
-15874	15874
-15873	15873
-15871	15871
-15870	15870
-15869	15869
-15868	15868
-15867	15867
-15866	15866
-15865	15865
-15863	15863
-15862	15862
-15861	15861
-15860	15860
-15859	15859
-15858	15858
-15856	15856
-15855	15855
-15854	15854
-15853	15853
-15852	15852
-15850	15850
-15848	15848
-15847	15847
-15846	15846
-15844	15844
-15842	15842
-15840	15840
-15838	15838
-15836	15836
-15832	15832
-15830	15830
-15826	15826
-15824	15824
-15820	15820
-15818	15818
-15816	15816
-15814	15814
-15812	15812
-15811	15811
-15810	15810
-15808	15808
-15807	15807
-15806	15806
-15805	15805
-15804	15804
-15803	15803
-15802	15802
-15801	15801
-15800	15800
-15799	15799
-15798	15798
-15797	15797
-15796	15796
-15795	15795
-15794	15794
-15793	15793
-15792	15792
-15791	15791
-15790	15790
-15789	15789
-15787	15787
-15786	15786
-15785	15785
-15784	15784
-15783	15783
-15781	15781
-15779	15779
-15778	15778
-15777	15777
-15775	15775
-15773	15773
-15771	15771
-15769	15769
-15767	15767
-15763	15763
-15761	15761
-15755	15755
-15748	15748
-15744	15744
-15742	15742
-15740	15740
-15738	15738
-15736	15736
-15734	15734
-15732	15732
-15730	15730
-15728	15728
-15726	15726
-15724	15724
-15723	15723
-15722	15722
-15720	15720
-15718	15718
-15717	15717
-15716	15716
-15715	15715
-15714	15714
-15712	15712
-15710	15710
-15709	15709
-15708	15708
-15706	15706
-15704	15704
-15702	15702
-15700	15700
-15698	15698
-15694	15694
-15692	15692
-15686	15686
-15681	15681
-15675	15675
-15669	15669
-15663	15663
-15660	15660
-15654	15654
-15652	15652
-15648	15648
-15646	15646
-15640	15640
-15639	15639
-15633	15633
-15631	15631
-15625	15625
-15623	15623
-15618	15618
-15617	15617
-15612	15612
-15610	15610
-15606	15606
-15602	15602
-15600	15600
-15597	15597
-15594	15594
-15591	15591
-15589	15589
-15585	15585
-15583	15583
-15579	15579
-15577	15577
-15576	15576
-15571	15571
-15570	15570
-15568	15568
-15564	15564
-15562	15562
-15560	15560
-15556	15556
-15555	15555
-15554	15554
-15549	15549
-15548	15548
-15547	15547
-15543	15543
-15541	15541
-15539	15539
-15537	15537
-15534	15534
-15533	15533
-15531	15531
-15528	15528
-15526	15526
-15525	15525
-15522	15522
-15520	15520
-15518	15518
-15516	15516
-15514	15514
-15513	15513
-15511	18547
-15510	15510
-15508	15508
-15507	15507
-15505	15505
-15504	18552
-15503	18539
-15502	15502
-15501	15501
-15499	15499
-15498	18534
-15497	15497
-15496	18544
-15495	15495
-15493	15493
-15492	15492
-15491	15491
-15490	18526
-15489	18537
-15487	15487
-15486	15486
-15485	15485
-15484	15484
-15482	18518
-15481	18529
-15480	15480
-15479	15479
-15478	15478
-15477	18513
-15476	15476
-15474	15474
-15473	18521
-15472	15472
-15471	15471
-15470	15470
-15469	18505
-15468	15468
-15466	18514
-15465	15465
-15464	15464
-15463	15463
-15462	15462
-15461	18497
-15459	15459
-15458	18506
-15457	15457
-15456	15456
-15455	15455
-15453	15453
-15451	15451
-15450	15450
-15449	15449
-15448	18484
-15447	15447
-15445	15445
-15444	15444
-15443	18491
-15442	15442
-15441	15441
-15440	18476
-15439	15439
-15438	15438
-15436	15436
-15435	18471
-15434	15434
-15433	15433
-15432	15432
-15430	15430
-15429	15429
-15428	15428
-15427	18463
-15426	15426
-15424	15424
-15423	15423
-15422	15422
-15421	15421
-15420	18468
-15419	18455
-15418	15418
-15417	15417
-15416	15416
-15415	15415
-15414	18450
-15413	15413
-15412	18460
-15411	15411
-15410	15410
-15409	15409
-15408	15408
-15407	15407
-15406	18442
-15405	15405
-15404	18452
-15403	15403
-15402	15402
-15401	15401
-15400	15400
-15399	15399
-15398	18434
-15397	18445
-15396	15396
-15395	15395
-15394	15394
-15393	15393
-15392	15392
-15390	15390
-15389	18437
-15388	15388
-15387	15387
-15386	15386
-15385	18421
-15384	15384
-15382	15382
-15381	15381
-15380	15380
-15379	15379
-15378	15378
-15377	18413
-15376	15376
-15375	15375
-15374	18422
-15373	15373
-15372	15372
-15371	15371
-15370	15370
-15369	15369
-15367	15367
-15366	15366
-15365	15365
-15364	15364
-15363	15363
-15361	15361
-15360	15360
-15359	15359
-15358	15358
-15357	15357
-15356	18392
-15355	15355
-15354	15354
-15353	15353
-15352	15352
-15351	18399
-15350	15350
-15349	15349
-15348	15348
-15347	15347
-15346	15346
-15345	18519
-15344	15344
-15343	18391
-15342	15342
-15341	15341
-15340	15340
-15339	18513
-15338	15338
-15337	18511
-15336	15336
-15335	18383
-15334	15334
-15333	18507
-15332	15332
-15331	18505
-15330	15330
-15329	18503
-15328	18376
-15327	18501
-15326	15326
-15325	18499
-15324	15324
-15323	18497
-15322	18358
-15321	18495
-15320	18368
-15319	18493
-15318	15318
-15317	18491
-15316	15316
-15315	18489
-15314	18350
-15313	18487
-15312	15312
-15311	18485
-15310	15310
-15309	18345
-15308	15308
-15307	18481
-15306	15306
-15304	15304
-15303	15303
-15302	15302
-15301	18337
-15300	15300
-15298	15298
-15297	15297
-15296	15296
-15295	15295
-15294	15294
-15293	18329
-15292	15292
-15291	15291
-15290	15290
-15289	15289
-15288	15288
-15287	15287
-15286	15286
-15285	15285
-15284	15284
-15283	15283
-15282	18330
-15281	15281
-15280	15280
-15279	15279
-15278	15278
-15277	15277
-15275	15275
-15274	18322
-15273	15273
-15272	15272
-15271	15271
-15269	15269
-15267	15267
-15266	18314
-15265	15265
-15263	15263
-15261	15261
-15259	18307
-15257	15257
-15255	15255
-15253	18427
-15251	18299
-15249	15249
-15247	18421
-15246	18282
-15245	18419
-15243	18291
-15242	18278
-15241	18415
-15240	15240
-15239	18413
-15238	18274
-15237	18411
-15236	18284
-15235	18409
-15234	15234
-15233	18407
-15232	15232
-15231	18405
-15230	18266
-15229	18403
-15228	15228
-15227	18401
-15226	15226
-15225	18399
-15224	15224
-15223	18397
-15222	15222
-15221	18257
-15220	15220
-15219	18393
-15218	15218
-15217	18391
-15216	15216
-15215	15215
-15214	15214
-15212	15212
-15211	18385
-15210	15210
-15209	15209
-15208	15208
-15206	15206
-15204	15204
-15203	15203
-15202	15202
-15200	15200
-15198	15198
-15197	18245
-15196	15196
-15194	15194
-15192	15192
-15190	18238
-15188	15188
-15186	15186
-15182	18230
-15180	15180
-15179	18215
-15177	18351
-15174	18222
-15173	15173
-15171	18207
-15169	18343
-15167	18215
-15165	15165
-15163	18199
-15161	18335
-15159	18207
-15158	18194
-15157	15157
-15155	18329
-15153	18327
-15152	15152
-15151	18199
-15150	18186
-15149	18323
-15147	18321
-15146	15146
-15145	18319
-15144	18192
-15143	18317
-15142	18178
-15141	18315
-15140	15140
-15139	18313
-15137	18173
-15136	18184
-15135	18309
-15134	15134
-15133	18307
-15131	15131
-15129	18165
-15128	18176
-15127	18301
-15125	15125
-15123	15123
-15119	15119
-15117	15117
-15116	18152
-15113	18161
-15111	15111
-15110	15110
-15108	18144
-15105	18153
-15104	15104
-15102	15102
-15100	18136
-15098	18146
-15096	15096
-15095	18131
-15094	15094
-15090	18138
-15089	15089
-15088	15088
-15087	18123
-15083	15083
-15082	18130
-15081	15081
-15079	18115
-15077	15077
-15075	18123
-15074	18110
-15073	15073
-15071	15071
-15068	15068
-15067	18115
-15066	18102
-15065	15065
-15062	15062
-15060	15060
-15059	18107
-15058	18094
-15056	15056
-15054	15054
-15053	18089
-15052	18100
-15050	15050
-15048	15048
-15047	15047
-15045	18081
-15044	18092
-15042	15042
-15041	15041
-15039	15039
-15037	18073
-15036	18084
-15035	15035
-15033	15033
-15032	18068
-15031	15031
-15029	18077
-15027	15027
-15026	15026
-15025	15025
-15024	18060
-15021	18069
-15020	15020
-15019	15019
-15018	15018
-15016	18052
-15014	15014
-15013	18061
-15012	15012
-15011	18047
-15010	15010
-15008	15008
-15007	19055
-15006	18054
-15005	15005
-15004	15004
-15003	18039
-15002	15002
-15001	19049
-15000	19064
-14999	14999
-14998	18046
-14997	14997
-14996	14996
-14995	18031
-14994	19058
-14993	14993
-14992	19040
-14991	14991
-14990	18026
-14989	14989
-14988	19052
-14987	14987
-14986	19034
-14985	14985
-14984	14984
-14983	18031
-14982	18018
-14981	14981
-14980	19028
-14979	14979
-14978	14978
-14977	19041
-14976	14976
-14975	18023
-14974	18010
-14973	14973
-14972	14972
-14971	19019
-14970	14970
-14969	18005
-14968	14968
-14967	18015
-14966	14966
-14965	19013
-14964	14964
-14963	14963
-14962	14962
-14961	17997
-14960	18008
-14959	19007
-14958	14958
-14957	14957
-14956	14956
-14955	14955
-14954	19018
-14953	17989
-14952	18000
-14951	14951
-14950	14950
-14949	14949
-14948	17984
-14947	14947
-14945	14945
-14944	17992
-14943	14943
-14942	14942
-14941	14941
-14940	17976
-14939	14939
-14938	18986
-14937	17985
-14936	14936
-14935	14935
-14934	14934
-14933	14933
-14932	17968
-14931	18995
-14930	14930
-14929	17977
-14928	14928
-14927	14927
-14926	14926
-14925	18989
-14924	14924
-14923	18971
-14922	14922
-14921	14921
-14920	14920
-14919	17955
-14918	14918
-14917	18965
-14916	14916
-14915	14915
-14914	17962
-14913	14913
-14912	14912
-14911	17947
-14910	14910
-14909	14909
-14908	18956
-14907	14907
-14906	17942
-14905	14905
-14904	14904
-14903	14903
-14902	18950
-14901	14901
-14900	14900
-14899	14899
-14898	17934
-14897	14897
-14896	18944
-14895	14895
-14894	14894
-14893	14893
-14892	14892
-14891	17939
-14890	17926
-14889	14889
-14888	14888
-14887	14887
-14886	14886
-14885	17921
-14884	14884
-14883	17931
-14882	14882
-14881	14881
-14880	14880
-14879	14879
-14878	14878
-14877	17913
-14876	14876
-14875	17923
-14874	14874
-14873	14873
-14872	14872
-14871	14871
-14870	14870
-14869	17905
-14868	17916
-14867	14867
-14866	14866
-14865	14865
-14864	14864
-14863	14863
-14862	18926
-14861	14861
-14860	17908
-14859	14859
-14858	14858
-14857	14857
-14856	17892
-14855	14855
-14854	18902
-14853	14853
-14852	14852
-14851	14851
-14850	14850
-14849	14849
-14848	17884
-14847	14847
-14846	14846
-14845	17893
-14844	14844
-14843	14843
-14842	14842
-14841	14841
-14840	14840
-14839	18903
-14838	14838
-14837	17885
-14836	14836
-14835	14835
-14834	14834
-14833	18897
-14832	14832
-14831	18005
-14830	14830
-14829	17877
-14828	14828
-14827	18891
-14826	14826
-14825	17999
-14824	14824
-14823	17997
-14822	17858
-14821	17995
-14820	14820
-14819	17993
-14818	14818
-14817	17991
-14816	14816
-14815	17989
-14814	17850
-14813	17987
-14812	14812
-14811	17985
-14810	14810
-14809	17983
-14808	14808
-14807	17981
-14806	17842
-14805	17979
-14804	14804
-14803	17977
-14802	14802
-14801	17837
-14800	14800
-14798	14798
-14797	17833
-14796	14796
-14795	14795
-14794	14794
-14793	17829
-14792	14792
-14791	17839
-14790	14790
-14789	14789
-14788	14788
-14787	14787
-14786	14786
-14785	17821
-14784	14784
-14783	14783
-14782	14782
-14781	14781
-14780	14780
-14779	14779
-14778	14778
-14777	14777
-14776	17824
-14775	14775
-14774	14774
-14773	14773
-14772	14772
-14771	14771
-14770	18834
-14769	14769
-14768	17816
-14767	14767
-14766	14766
-14765	14765
-14764	18828
-14763	14763
-14762	18994
-14761	14761
-14760	17808
-14759	14759
-14758	18822
-14757	14757
-14756	18988
-14755	14755
-14754	18986
-14753	17801
-14752	18984
-14751	14751
-14750	18982
-14749	14749
-14748	18980
-14747	17921
-14746	18978
-14745	17793
-14744	18976
-14743	14743
-14742	18974
-14741	17915
-14740	18788
-14739	17913
-14738	17774
-14737	17785
-14736	18784
-14735	17909
-14734	17770
-14733	17907
-14732	14732
-14731	17905
-14730	17766
-14729	17903
-14728	14728
-14727	17901
-14726	14726
-14725	17899
-14724	14724
-14723	17897
-14722	17758
-14721	17895
-14720	14720
-14719	17893
-14718	14718
-14717	17891
-14716	14716
-14715	17889
-14714	14714
-14713	17749
-14712	14712
-14711	17885
-14710	14710
-14709	17883
-14708	14708
-14707	17755
-14706	14706
-14705	17741
-14704	14704
-14703	17877
-14702	14702
-14701	18765
-14700	14700
-14699	17747
-14698	14698
-14697	17733
-14696	14696
-14695	18759
-14694	14694
-14693	18925
-14692	14692
-14691	17739
-14690	14690
-14689	18753
-14688	14688
-14687	18919
-14686	14686
-14685	18917
-14684	17732
-14683	18915
-14682	14682
-14681	18913
-14680	14680
-14679	18911
-14678	18742
-14677	18909
-14676	17724
-14675	18907
-14674	14674
-14673	18721
-14672	18736
-14671	17707
-14669	17843
-14668	17716
-14667	18715
-14666	18730
-14665	14665
-14663	17699
-14661	17835
-14659	14659
-14657	14657
-14655	17829
-14653	17701
-14652	18700
-14651	14651
-14650	17686
-14649	17823
-14648	18880
-14647	17821
-14646	18694
-14645	17693
-14644	14644
-14643	17817
-14642	17678
-14641	17815
-14640	18688
-14639	17813
-14638	17686
-14637	17811
-14636	14636
-14635	17809
-14634	17670
-14633	17807
-14632	18696
-14631	17805
-14630	17678
-14629	17665
-14628	14628
-14627	17801
-14626	18690
-14625	17799
-14624	18856
-14623	14623
-14622	17670
-14621	17657
-14620	18684
-14619	17793
-14618	18850
-14617	14617
-14616	18848
-14615	17663
-14614	18846
-14613	17649
-14612	18844
-14611	14611
-14610	18658
-14609	18673
-14608	17644
-14607	17655
-14606	18838
-14605	14605
-14604	18652
-14603	18667
-14602	14602
-14600	17636
-14599	17647
-14598	18646
-14597	18661
-14596	14596
-14594	14594
-14590	14590
-14589	18637
-14588	14588
-14587	17623
-14586	18650
-14584	17632
-14583	18631
-14582	14582
-14581	14581
-14580	18644
-14579	17615
-14577	18625
-14576	17624
-14575	14575
-14574	18638
-14573	14573
-14571	17607
-14569	17617
-14568	18616
-14567	14567
-14566	17602
-14565	14565
-14563	18627
-14562	18610
-14561	17609
-14560	14560
-14559	14559
-14558	17594
-14557	18621
-14556	18604
-14554	14554
-14553	17601
-14552	14552
-14551	18615
-14550	17586
-14548	14548
-14547	18595
-14546	17594
-14545	17581
-14544	14544
-14542	14542
-14541	18589
-14540	18604
-14539	14539
-14538	17586
-14537	17573
-14536	14536
-14535	18583
-14534	18598
-14533	14533
-14531	14531
-14530	17578
-14529	17565
-14528	18592
-14527	14527
-14526	18574
-14525	14525
-14524	17560
-14523	17571
-14521	14521
-14520	18568
-14519	14519
-14518	14518
-14517	18581
-14516	17552
-14515	17563
-14514	18562
-14513	14513
-14512	14512
-14511	18575
-14510	14510
-14508	17544
-14507	17555
-14506	14506
-14505	18553
-14504	14504
-14503	17539
-14502	14502
-14500	17548
-14499	18547
-14498	14498
-14497	14497
-14496	14496
-14495	17531
-14494	18558
-14493	18541
-14492	17540
-14491	14491
-14490	14490
-14489	14489
-14488	18552
-14487	17523
-14485	14485
-14484	17532
-14483	14483
-14482	17518
-14481	14481
-14479	14479
-14478	18526
-14477	17525
-14476	14476
-14475	14475
-14474	17510
-14473	14473
-14472	18520
-14471	18535
-14470	14470
-14469	17517
-14468	14468
-14467	14467
-14466	17502
-14465	18529
-14464	14464
-14463	18511
-14462	14462
-14461	17497
-14460	14460
-14459	18523
-14458	14458
-14457	18505
-14456	14456
-14455	14455
-14454	17502
-14453	17489
-14452	14452
-14451	18499
-14450	14450
-14449	14449
-14448	18512
-14447	14447
-14446	17494
-14445	17481
-14444	14444
-14443	14443
-14442	18490
-14441	14441
-14440	17476
-14439	14439
-14438	17486
-14437	14437
-14436	18484
-14435	14435
-14434	14434
-14433	14433
-14432	17468
-14431	17479
-14430	18478
-14429	14429
-14428	14428
-14427	14427
-14426	14426
-14425	18489
-14424	17460
-14423	17471
-14422	14422
-14421	14421
-14420	14420
-14419	17455
-14418	14418
-14416	14416
-14415	17463
-14414	14414
-14413	14413
-14412	14412
-14411	17447
-14410	14410
-14409	18457
-14408	17456
-14407	14407
-14406	14406
-14405	14405
-14404	14404
-14403	17439
-14402	18466
-14401	14401
-14400	17448
-14399	14399
-14398	14398
-14397	14397
-14396	18460
-14395	14395
-14394	18442
-14393	14393
-14392	14392
-14391	14391
-14390	17426
-14389	14389
-14388	18436
-14387	14387
-14386	14386
-14385	17433
-14384	14384
-14383	14383
-14382	17418
-14381	14381
-14380	14380
-14379	18427
-14378	14378
-14377	17413
-14376	14376
-14375	14375
-14374	14374
-14373	18421
-14372	14372
-14371	14371
-14370	14370
-14369	17405
-14368	14368
-14367	18415
-14366	14366
-14365	14365
-14364	14364
-14363	14363
-14362	17410
-14361	17397
-14360	14360
-14359	14359
-14358	14358
-14357	14357
-14356	17392
-14355	14355
-14354	17402
-14353	14353
-14352	14352
-14351	14351
-14350	14350
-14349	14349
-14348	17384
-14347	14347
-14346	17394
-14345	14345
-14344	14344
-14343	14343
-14342	14342
-14341	14341
-14340	17376
-14339	17387
-14338	14338
-14337	14337
-14336	14336
-14335	14335
-14334	14334
-14333	18397
-14332	14332
-14331	17379
-14330	14330
-14329	14329
-14328	14328
-14327	18391
-14326	14326
-14324	14324
-14323	17371
-14322	14322
-14321	17495
-14320	14320
-14318	14318
-14317	17491
-14316	17364
-14315	17489
-14314	14314
-14313	17487
-14312	14312
-14311	17485
-14310	18358
-14309	17483
-14308	14308
-14307	17481
-14306	14306
-14305	17479
-14304	18352
-14303	17477
-14302	14302
-14301	17475
-14300	14300
-14299	17473
-14298	17334
-14297	17471
-14296	14296
-14295	17469
-14294	14294
-14293	17329
-14292	14292
-14291	17465
-14290	14290
-14289	17325
-14288	14288
-14287	14287
-14286	14286
-14285	17321
-14284	14284
-14283	14283
-14282	14282
-14281	14281
-14280	14280
-14279	14279
-14278	14278
-14277	17313
-14276	14276
-14275	14275
-14274	14274
-14273	14273
-14272	14272
-14271	14271
-14270	17318
-14269	14269
-14268	14268
-14267	14267
-14266	14266
-14265	14265
-14264	18328
-14263	14263
-14262	17310
-14261	14261
-14260	14260
-14259	14259
-14258	18322
-14257	14257
-14255	14255
-14254	17302
-14253	14253
-14252	18316
-14251	14251
-14250	18482
-14249	14249
-14248	18480
-14247	17295
-14246	18478
-14245	14245
-14244	18476
-14243	14243
-14242	18474
-14241	18305
-14240	18472
-14239	17287
-14238	18470
-14237	14237
-14236	18468
-14235	18299
-14234	18466
-14233	17407
-14232	18280
-14231	17279
-14230	17266
-14229	17403
-14228	18276
-14227	17401
-14226	17262
-14225	17399
-14224	14224
-14223	17397
-14222	17258
-14221	17395
-14220	14220
-14219	17393
-14218	14218
-14217	17391
-14216	14216
-14215	17389
-14214	14214
-14213	17387
-14212	14212
-14211	17385
-14210	14210
-14209	17383
-14208	14208
-14207	17381
-14206	14206
-14205	17241
-14204	14204
-14203	17377
-14202	14202
-14200	14200
-14199	14199
-14198	14198
-14197	17233
-14196	14196
-14195	18427
-14194	14194
-14193	17241
-14192	14192
-14191	14191
-14190	14190
-14189	18421
-14188	14188
-14187	18419
-14186	14186
-14185	17233
-14184	14184
-14183	18247
-14182	14182
-14181	18413
-14180	14180
-14179	18411
-14178	17226
-14177	18409
-14176	14176
-14175	18407
-14174	14174
-14173	18405
-14172	18236
-14171	18403
-14170	17218
-14169	18401
-14168	14168
-14167	18399
-14166	18230
-14165	18213
-14163	17199
-14162	17210
-14161	17335
-14160	18224
-14159	18207
-14157	14157
-14155	17329
-14153	17327
-14151	14151
-14149	17323
-14147	17321
-14145	14145
-14144	18192
-14143	17317
-14142	17178
-14141	17315
-14140	18372
-14139	17187
-14138	18186
-14137	17311
-14136	14136
-14135	17309
-14134	17170
-14133	17307
-14132	18364
-14131	17305
-14130	14130
-14129	17303
-14128	14128
-14127	17301
-14126	18358
-14125	17299
-14124	17172
-14123	17297
-14122	14122
-14121	17157
-14120	18184
-14119	17293
-14118	18350
-14117	17291
-14116	17164
-14115	14115
-14114	18178
-14113	17149
-14112	18344
-14111	17285
-14110	18342
-14109	17157
-14108	18340
-14107	14107
-14106	18338
-14105	17141
-14104	18336
-14103	18167
-14102	18150
-14101	17149
-14100	17136
-14099	14099
-14098	18330
-14097	18161
-14096	18144
-14094	14094
-14093	17141
-14092	17128
-14091	18155
-14090	18138
-14088	14088
-14086	17134
-14084	17120
-14082	14082
-14081	18129
-14080	18144
-14079	17115
-14078	17126
-14076	14076
-14075	18123
-14074	18138
-14073	14073
-14071	17107
-14070	17118
-14069	18117
-14068	18132
-14067	14067
-14065	14065
-14061	14061
-14060	18108
-14059	14059
-14058	17094
-14057	18121
-14055	17103
-14054	18102
-14053	14053
-14052	14052
-14051	18115
-14050	17086
-14048	18096
-14047	17095
-14046	14046
-14045	18109
-14044	14044
-14042	17078
-14040	17088
-14039	18087
-14038	14038
-14037	17073
-14036	14036
-14034	18098
-14033	18081
-14032	17080
-14031	14031
-14030	14030
-14029	17065
-14028	18092
-14027	18075
-14025	14025
-14024	17072
-14023	14023
-14022	18086
-14021	17057
-14019	14019
-14018	18066
-14017	17065
-14016	17052
-14015	14015
-14013	14013
-14012	18060
-14011	18075
-14010	14010
-14009	17057
-14008	17044
-14007	14007
-14006	18054
-14005	18069
-14004	14004
-14002	14002
-14001	17049
-14000	17036
-13999	18063
-13998	13998
-13997	18045
-13996	13996
-13995	17031
-13994	17042
-13993	20065
-13992	13992
-13991	18039
-13990	13990
-13989	13989
-13988	18052
-13987	17023
-13986	17034
-13985	18033
-13984	13984
-13983	13983
-13982	18046
-13981	13981
-13980	20052
-13979	17015
-13978	17026
-13977	13977
-13976	18024
-13975	13975
-13974	17010
-13973	13973
-13972	20044
-13971	17019
-13970	18018
-13969	13969
-13968	13968
-13967	13967
-13966	17002
-13965	18029
-13964	18012
-13963	17011
-13962	13962
-13961	13961
-13960	13960
-13959	18023
-13958	16994
-13957	20053
-13956	13956
-13955	17003
-13954	13954
-13953	16989
-13952	13952
-13951	20023
-13950	13950
-13949	17997
-13948	16996
-13947	13947
-13946	13946
-13945	16981
-13944	13944
-13943	17991
-13942	18006
-13941	13941
-13940	16988
-13939	13939
-13938	13938
-13937	16973
-13936	18000
-13935	13935
-13934	17982
-13933	13933
-13932	16968
-13931	13931
-13930	17994
-13929	13929
-13928	17976
-13927	13927
-13926	13926
-13925	16973
-13924	16960
-13923	13923
-13922	17970
-13921	13921
-13920	13920
-13919	17983
-13918	13918
-13917	16965
-13916	16952
-13915	13915
-13914	13914
-13913	17961
-13912	13912
-13911	16947
-13910	13910
-13909	16957
-13908	13908
-13907	17955
-13906	13906
-13905	13905
-13904	13904
-13903	16939
-13902	16950
-13901	17949
-13900	13900
-13899	13899
-13898	13898
-13897	13897
-13896	17960
-13895	16931
-13894	16942
-13893	13893
-13892	13892
-13891	13891
-13890	16926
-13889	13889
-13888	19960
-13887	13887
-13886	16934
-13885	13885
-13884	13884
-13883	13883
-13882	16918
-13881	13881
-13880	17928
-13879	16927
-13878	13878
-13877	13877
-13876	13876
-13875	13875
-13874	16910
-13873	17937
-13872	13872
-13871	16919
-13870	13870
-13869	13869
-13868	13868
-13867	17931
-13866	13866
-13865	17913
-13864	13864
-13863	13863
-13862	13862
-13861	16897
-13860	13860
-13859	17907
-13858	13858
-13857	13857
-13856	16904
-13855	13855
-13854	13854
-13853	16889
-13852	13852
-13851	13851
-13850	17898
-13849	13849
-13848	16884
-13847	13847
-13846	13846
-13845	13845
-13844	17892
-13843	13843
-13842	13842
-13841	13841
-13840	16876
-13839	13839
-13838	17886
-13837	13837
-13836	13836
-13835	13835
-13834	13834
-13833	16881
-13832	16868
-13831	13831
-13830	13830
-13829	13829
-13828	13828
-13827	17891
-13826	13826
-13825	16873
-13824	13824
-13823	13823
-13822	13822
-13821	16995
-13820	13820
-13819	19915
-13818	13818
-13817	16865
-13816	13816
-13815	16989
-13814	13814
-13813	16987
-13812	13812
-13811	19907
-13810	16858
-13809	16983
-13808	13808
-13807	16981
-13806	13806
-13805	16979
-13804	17868
-13803	16977
-13802	16850
-13801	16975
-13800	13800
-13799	16973
-13798	16834
-13797	16971
-13796	17844
-13795	16969
-13794	13794
-13793	16967
-13792	13792
-13791	16965
-13790	16826
-13789	16963
-13788	13788
-13787	17835
-13786	13786
-13785	16821
-13784	13784
-13783	16957
-13782	13782
-13781	17829
-13780	13780
-13779	13779
-13778	13778
-13777	16813
-13776	13776
-13775	17823
-13774	13774
-13773	13773
-13772	13772
-13771	13771
-13770	13770
-13769	16805
-13768	13768
-13767	13767
-13766	13766
-13765	13765
-13764	16812
-13763	13763
-13762	13762
-13761	13761
-13760	13760
-13759	13759
-13758	17822
-13757	13757
-13756	16804
-13755	13755
-13754	13754
-13753	13753
-13752	17816
-13751	13751
-13750	17982
-13749	13749
-13748	16796
-13747	13747
-13746	17810
-13745	13745
-13744	17976
-13743	13743
-13742	17974
-13741	16789
-13740	17972
-13739	13739
-13738	17970
-13737	13737
-13736	17968
-13735	17799
-13734	17966
-13733	16781
-13732	17964
-13731	13731
-13730	17962
-13729	16903
-13728	17960
-13727	19823
-13726	17958
-13725	16773
-13724	17772
-13723	16897
-13722	16758
-13721	16895
-13720	17768
-13719	16893
-13718	17766
-13717	16891
-13716	13716
-13715	16889
-13714	16750
-13713	16887
-13712	17760
-13711	16885
-13710	13710
-13709	16883
-13708	13708
-13707	16881
-13706	16742
-13705	16879
-13704	13704
-13703	16877
-13702	13702
-13701	16875
-13700	13700
-13699	16873
-13698	13698
-13697	16733
-13696	13696
-13695	17927
-13694	13694
-13693	16867
-13692	13692
-13691	13691
-13690	13690
-13689	17921
-13688	13688
-13687	17919
-13686	13686
-13685	13685
-13684	13684
-13683	17747
-13682	13682
-13681	17913
-13680	13680
-13679	16727
-13678	13678
-13677	17741
-13676	13676
-13675	17907
-13674	13674
-13673	17905
-13672	16720
-13671	17903
-13670	13670
-13669	17901
-13668	13668
-13667	17899
-13666	17730
-13665	17897
-13664	16712
-13663	17895
-13662	13662
-13661	17893
-13660	17724
-13659	17891
-13658	19754
-13657	17705
-13656	16704
-13655	16691
-13654	17718
-13653	16827
-13652	20000
-13651	17699
-13650	19746
-13649	16697
-13648	19996
-13647	16683
-13646	19994
-13645	16819
-13644	19992
-13643	17707
-13642	19990
-13641	16689
-13640	19712
-13639	16675
-13638	19986
-13637	16811
-13636	17684
-13635	16809
-13634	16670
-13633	16681
-13632	17864
-13631	16805
-13630	17678
-13629	16803
-13628	13628
-13627	16801
-13626	17858
-13625	16799
-13624	17672
-13623	16797
-13622	13622
-13621	16795
-13620	17684
-13619	16793
-13618	17850
-13617	16791
-13616	13616
-13615	16789
-13614	17678
-13613	16649
-13612	17844
-13611	16785
-13610	16658
-13609	16783
-13608	17672
-13607	13607
-13606	17838
-13605	16641
-13604	17836
-13603	19825
-13602	17834
-13601	13601
-13600	17832
-13599	13599
-13598	17830
-13596	17828
-13595	16643
-13594	17642
-13593	13593
-13592	16628
-13591	17655
-13590	17822
-13589	19685
-13588	17636
-13587	16635
-13586	13586
-13585	17649
-13584	16620
-13582	17630
-13581	19677
-13580	16628
-13578	13578
-13577	19649
-13576	16612
-13574	17638
-13573	17621
-13572	16620
-13571	16607
-13570	13570
-13569	19641
-13568	17632
-13567	17615
-13566	19662
-13565	13565
-13564	16612
-13563	16599
-13562	17626
-13561	17609
-13560	19908
-13559	13559
-13558	19654
-13557	16605
-13556	19628
-13555	16591
-13554	19902
-13553	13553
-13552	17600
-13551	17615
-13550	16586
-13549	16597
-13548	19620
-13547	13547
-13546	17594
-13545	17609
-13544	13544
-13543	19639
-13542	16578
-13541	16589
-13540	17588
-13539	17603
-13538	13538
-13536	13536
-13535	19607
-13534	19618
-13532	13532
-13531	17579
-13530	13530
-13529	16565
-13528	17592
-13527	19599
-13526	16574
-13525	17573
-13524	13524
-13523	13523
-13522	17586
-13521	16557
-13520	19616
-13519	17567
-13518	16566
-13517	13517
-13516	17580
-13515	13515
-13514	19586
-13513	16549
-13512	19608
-13511	16559
-13510	17558
-13509	13509
-13508	16544
-13507	13507
-13506	19578
-13505	17569
-13504	17552
-13503	16551
-13502	13502
-13501	13501
-13500	16536
-13499	17563
-13498	17546
-13497	19593
-13496	13496
-13495	16543
-13494	13494
-13493	17557
-13492	16528
-13490	13490
-13489	17537
-13488	16536
-13487	16523
-13486	13486
-13485	19557
-13484	13484
-13483	17531
-13482	17546
-13481	13481
-13480	16528
-13479	16515
-13478	13478
-13477	17525
-13476	17540
-13475	13475
-13474	19570
-13473	13473
-13472	16520
-13471	16507
-13470	17534
-13469	13469
-13468	17516
-13467	13467
-13466	16502
-13465	16513
-13464	19536
-13463	13463
-13462	17510
-13461	13461
-13460	13460
-13459	17523
-13458	16494
-13457	16505
-13456	17504
-13455	13455
-13454	13454
-13453	17517
-13452	13452
-13451	19523
-13450	16486
-13449	16497
-13448	13448
-13447	17495
-13446	13446
-13445	16481
-13444	13444
-13443	19515
-13442	16490
-13441	17489
-13440	13440
-13439	13439
-13438	13438
-13437	16473
-13436	17500
-13435	17483
-13434	16482
-13433	13433
-13432	13432
-13431	13431
-13430	17494
-13429	16465
-13428	19524
-13427	13427
-13426	16474
-13425	13425
-13424	16460
-13423	13423
-13422	19494
-13421	13421
-13420	17468
-13419	16467
-13418	13418
-13417	13417
-13416	16452
-13415	13415
-13414	17462
-13413	17477
-13412	13412
-13411	16459
-13410	13410
-13409	13409
-13408	16444
-13407	17471
-13406	13406
-13405	17453
-13404	13404
-13403	16439
-13402	13402
-13401	17465
-13400	13400
-13399	17447
-13398	13398
-13397	13397
-13396	16444
-13395	16431
-13394	13394
-13393	17441
-13392	13392
-13391	13391
-13390	17454
-13389	13389
-13388	16436
-13387	16423
-13386	13386
-13385	13385
-13384	17432
-13383	13383
-13382	16418
-13381	13381
-13380	16428
-13379	13379
-13378	17426
-13377	13377
-13376	13376
-13375	13375
-13374	16410
-13373	16421
-13372	17420
-13371	13371
-13370	13370
-13369	13369
-13368	13368
-13367	17431
-13366	16402
-13365	16413
-13364	13364
-13363	13363
-13362	13362
-13361	16397
-13360	13360
-13359	19431
-13358	13358
-13357	16405
-13356	13356
-13355	13355
-13354	13354
-13353	16389
-13352	13352
-13351	17399
-13350	16398
-13349	13349
-13348	13348
-13347	13347
-13346	13346
-13345	16381
-13344	17408
-13343	13343
-13342	16390
-13341	13341
-13340	13340
-13339	13339
-13338	17402
-13337	13337
-13336	17384
-13335	13335
-13334	13334
-13333	13333
-13332	16368
-13331	13331
-13330	17378
-13329	13329
-13328	13328
-13327	16375
-13326	13326
-13325	13325
-13324	16360
-13323	13323
-13322	13322
-13321	17385
-13320	13320
-13319	16367
-13318	13318
-13317	13317
-13316	13316
-13315	17379
-13314	13314
-13313	16487
-13312	13312
-13311	16359
-13310	13310
-13309	17373
-13308	13308
-13307	16481
-13306	13306
-13305	16479
-13304	16352
-13303	19513
-13302	13302
-13301	16475
-13300	13300
-13299	16473
-13298	16334
-13297	16471
-13296	16344
-13295	16469
-13294	13294
-13293	16467
-13292	13292
-13291	16465
-13290	16326
-13289	16463
-13288	16336
-13287	16461
-13286	13286
-13285	16459
-13284	13284
-13283	16457
-13282	16318
-13281	19503
-13280	13280
-13279	16453
-13278	13278
-13277	16313
-13276	13276
-13275	19347
-13274	13274
-13273	17321
-13272	13272
-13271	13271
-13270	13270
-13269	16305
-13268	13268
-13267	17315
-13266	13266
-13265	13265
-13264	13264
-13263	13263
-13262	13262
-13261	16297
-13260	13260
-13259	13259
-13258	16306
-13257	13257
-13256	13256
-13255	13255
-13254	13254
-13253	13253
-13252	17316
-13251	13251
-13250	16298
-13249	13249
-13248	13248
-13247	13247
-13246	17310
-13245	13245
-13244	17476
-13243	13243
-13242	16290
-13241	13241
-13240	17304
-13239	13239
-13238	17470
-13237	13237
-13236	17468
-13235	16283
-13234	17466
-13233	13233
-13232	17464
-13231	13231
-13230	17462
-13229	16403
-13228	17460
-13227	16275
-13226	17458
-13225	13225
-13224	17456
-13223	16397
-13222	17454
-13221	16395
-13220	17452
-13219	16267
-13218	17450
-13217	16391
-13216	17264
-13215	16389
-13214	16250
-13213	16387
-13212	19284
-13211	16385
-13210	16246
-13209	16383
-13208	13208
-13207	16381
-13206	16242
-13205	16379
-13204	16252
-13203	16377
-13202	13202
-13201	16375
-13200	13200
-13199	16373
-13198	16234
-13197	16371
-13196	13196
-13195	16369
-13194	13194
-13193	16367
-13192	13192
-13191	16365
-13190	13190
-13189	19273
-13188	13188
-13187	16361
-13186	13186
-13185	16359
-13184	13184
-13183	17247
-13182	13182
-13181	17413
-13180	13180
-13179	16353
-13178	13178
-13177	17241
-13176	13176
-13175	17407
-13174	13174
-13173	17405
-13172	13172
-13171	17235
-13170	13170
-13169	17401
-13168	13168
-13167	17399
-13166	16214
-13165	17397
-13164	13164
-13163	17395
-13162	13162
-13161	17393
-13160	17224
-13159	17391
-13158	16206
-13157	17389
-13156	13156
-13155	17387
-13154	17218
-13153	17385
-13152	19248
-13151	17383
-13150	16198
-13149	17197
-13148	17212
-13147	16183
-13146	19494
-13145	16319
-13144	19240
-13143	19353
-13142	19490
-13141	13141
-13140	19488
-13139	16175
-13138	19486
-13137	16311
-13136	19484
-13135	16183
-13134	19482
-13133	13133
-13132	19204
-13131	16305
-13130	19478
-13129	16303
-13128	17176
-13127	16175
-13126	16162
-13125	16299
-13124	17356
-13123	16297
-13122	17170
-13121	16295
-13120	16168
-13119	16293
-13118	16154
-13117	16291
-13116	17164
-13115	16289
-13114	17178
-13113	16287
-13112	16160
-13111	16285
-13110	16146
-13109	16283
-13108	17172
-13107	16281
-13106	17338
-13105	16141
-13104	16152
-13103	16277
-13102	17166
-13101	16275
-13100	17332
-13099	13099
-13098	17330
-13097	19181
-13096	17328
-13095	16269
-13094	17326
-13093	13093
-13092	17324
-13091	17155
-13090	17322
-13089	19173
-13088	17320
-13087	13087
-13086	17134
-13085	17149
-13084	16120
-13083	19179
-13082	17314
-13081	16129
-13080	17128
-13079	17143
-13078	13078
-13076	16112
-13075	19171
-13074	19422
-13073	20185
-13072	13072
-13071	20155
-13070	13070
-13069	19141
-13068	19416
-13066	16114
-13065	17113
-13064	13064
-13063	16099
-13062	17126
-13061	19133
-13060	19156
-13059	17107
-13058	16106
-13057	13057
-13056	17120
-13055	16091
-13054	19402
-13053	17101
-13052	19148
-13051	16099
-13050	19398
-13049	13049
-13048	19120
-13047	16083
-13046	19394
-13045	17109
-13044	17092
-13043	16091
-13042	16078
-13041	13041
-13040	19112
-13039	17103
-13038	17086
-13037	19133
-13036	13036
-13035	16083
-13034	16070
-13033	17097
-13032	17080
-13031	20437
-13030	13030
-13029	19125
-13028	16076
-13027	19099
-13026	16062
-13025	20431
-13024	13024
-13023	17071
-13022	17086
-13021	16057
-13020	16068
-13019	19091
-13018	13018
-13017	17065
-13016	17080
-13015	13015
-13014	19110
-13013	16049
-13012	16060
-13011	17059
-13010	17074
-13009	13009
-13008	20092
-13007	13007
-13006	19078
-13005	19089
-13004	20116
-13003	13003
-13002	17050
-13001	13001
-13000	16036
-12999	17063
-12998	19070
-12997	16045
-12996	17044
-12995	12995
-12994	12994
-12993	17057
-12992	16028
-12991	19087
-12990	17038
-12989	16037
-12988	12988
-12987	17051
-12986	12986
-12985	19057
-12984	16020
-12983	19079
-12982	16030
-12981	17029
-12980	12980
-12979	16015
-12978	12978
-12977	19049
-12976	17040
-12975	17023
-12974	16022
-12973	12973
-12972	12972
-12971	16007
-12970	17034
-12969	17017
-12968	19064
-12967	12967
-12966	16014
-12965	12965
-12964	17028
-12963	15999
-12962	21058
-12961	12961
-12960	17008
-12959	16007
-12958	15994
-12957	12957
-12956	19028
-12955	12955
-12954	17002
-12953	17017
-12952	12952
-12951	15999
-12950	15986
-12949	12949
-12948	16996
-12947	17011
-12946	12946
-12945	19041
-12944	12944
-12943	15991
-12942	15978
-12941	17005
-12940	12940
-12939	16987
-12938	12938
-12937	15973
-12936	15984
-12935	19007
-12934	12934
-12933	16981
-12932	12932
-12931	12931
-12930	16994
-12929	15965
-12928	15976
-12927	16975
-12926	12926
-12925	12925
-12924	16988
-12923	12923
-12922	18994
-12921	15957
-12920	15968
-12919	12919
-12918	16966
-12917	12917
-12916	15952
-12915	12915
-12914	18986
-12913	15961
-12912	16960
-12911	12911
-12910	12910
-12909	12909
-12908	15944
-12907	16971
-12906	16954
-12905	15953
-12904	12904
-12903	12903
-12902	12902
-12901	16965
-12900	15936
-12899	18995
-12898	12898
-12897	15945
-12896	12896
-12895	15931
-12894	12894
-12893	18965
-12892	12892
-12891	16939
-12890	15938
-12889	12889
-12888	12888
-12887	15923
-12886	12886
-12885	16933
-12884	16948
-12883	12883
-12882	15930
-12881	12881
-12880	12880
-12879	15915
-12878	16942
-12877	12877
-12876	16924
-12875	12875
-12874	15910
-12873	12873
-12872	16936
-12871	12871
-12870	16918
-12869	12869
-12868	12868
-12867	15915
-12866	15902
-12865	12865
-12864	16912
-12863	12863
-12862	12862
-12861	16925
-12860	12860
-12859	15907
-12858	15894
-12857	12857
-12856	12856
-12855	16903
-12854	12854
-12853	15889
-12852	12852
-12851	15899
-12850	12850
-12849	16897
-12848	12848
-12847	12847
-12846	12846
-12845	15881
-12844	15892
-12843	16891
-12842	12842
-12841	12841
-12840	12840
-12839	12839
-12838	16902
-12837	15873
-12836	15884
-12835	12835
-12834	12834
-12833	12833
-12832	15868
-12831	12831
-12830	18902
-12829	12829
-12828	15876
-12827	12827
-12826	12826
-12825	12825
-12824	15860
-12823	12823
-12822	16870
-12821	15869
-12820	12820
-12819	12819
-12818	12818
-12817	12817
-12816	15852
-12815	16879
-12814	12814
-12813	15861
-12812	12812
-12811	12811
-12810	12810
-12809	16873
-12808	12808
-12807	18903
-12806	12806
-12805	15853
-12804	12804
-12803	16867
-12802	12802
-12801	20023
-12800	12800
-12799	15973
-12798	15846
-12797	15971
-12796	12796
-12795	19005
-12794	12794
-12793	15967
-12792	16840
-12791	15965
-12790	15826
-12789	15963
-12788	12788
-12787	15961
-12786	16834
-12785	15959
-12784	12784
-12783	15957
-12782	15818
-12781	15955
-12780	16828
-12779	15953
-12778	12778
-12777	15951
-12776	12776
-12775	18847
-12774	15810
-12773	15947
-12772	12772
-12771	15945
-12770	12770
-12769	15805
-12768	12768
-12767	18839
-12766	12766
-12765	15801
-12764	12764
-12763	12763
-12762	12762
-12761	15797
-12760	12760
-12759	15807
-12758	12758
-12757	12757
-12756	12756
-12755	12755
-12754	12754
-12753	15789
-12752	15800
-12751	12751
-12750	12750
-12749	12749
-12748	12748
-12747	12747
-12746	16810
-12745	12745
-12744	15792
-12743	12743
-12742	12742
-12741	12741
-12740	16804
-12739	12739
-12738	18834
-12737	12737
-12736	15784
-12735	12735
-12734	16798
-12733	12733
-12732	20000
-12731	12731
-12730	16962
-12729	15777
-12728	16960
-12727	12727
-12726	16958
-12725	12725
-12724	16956
-12723	16787
-12722	16954
-12721	15769
-12720	16952
-12719	12719
-12718	16950
-12717	16781
-12716	16948
-12715	15889
-12714	16946
-12713	15761
-12712	16944
-12711	16775
-12710	16942
-12709	15883
-12708	16756
-12707	15881
-12706	15742
-12705	15879
-12704	16752
-12703	15877
-12702	15738
-12701	15875
-12700	12700
-12699	15873
-12698	15734
-12697	15871
-12696	12696
-12695	15869
-12694	12694
-12693	15867
-12692	12692
-12691	15865
-12690	15726
-12689	15863
-12688	12688
-12687	15861
-12686	12686
-12685	15859
-12684	12684
-12683	18905
-12682	12682
-12681	15717
-12680	12680
-12679	15853
-12678	12678
-12677	19915
-12676	12676
-12675	15723
-12674	12674
-12673	15709
-12672	12672
-12671	16903
-12670	12670
-12669	18765
-12668	12668
-12667	15715
-12666	12666
-12665	16897
-12664	12664
-12663	16895
-12662	12662
-12661	16893
-12660	15708
-12659	16891
-12658	12658
-12657	16889
-12656	12656
-12655	16887
-12654	16718
-12653	16885
-12652	15700
-12651	16883
-12650	12650
-12649	16881
-12648	16712
-12647	16879
-12646	18742
-12645	16877
-12644	15692
-12643	16875
-12642	16706
-12641	16689
-12640	18988
-12639	15675
-12638	18734
-12637	15811
-12636	18984
-12635	16683
-12634	18982
-12633	12633
-12632	18980
-12631	15805
-12630	18978
-12629	15803
-12628	18976
-12627	12627
-12626	18974
-12625	15799
-12624	18696
-12623	15797
-12622	18970
-12621	15669
-12620	16668
-12619	15793
-12618	15654
-12617	15791
-12616	16848
-12615	15789
-12614	19710
-12613	15787
-12612	12612
-12611	15785
-12610	15646
-12609	15783
-12608	16840
-12607	15781
-12606	15654
-12605	15779
-12604	12604
-12603	15777
-12602	16834
-12601	15775
-12600	16832
-12599	15773
-12598	15646
-12597	15633
-12596	16660
-12595	15769
-12594	16826
-12593	15767
-12592	16824
-12591	15639
-12590	16822
-12589	15625
-12588	16820
-12587	15761
-12586	16818
-12585	16649
-12584	16816
-12583	15631
-12582	16814
-12581	15617
-12580	16812
-12579	16643
-12578	16626
-12577	18673
-12576	15612
-12575	15623
-12574	16806
-12573	16637
-12572	16620
-12571	20699
-12570	12570
-12569	18665
-12568	18652
-12567	19679
-12566	16614
-12565	20661
-12564	12564
-12563	19647
-12562	16626
-12561	18633
-12560	18644
-12559	20655
-12558	12558
-12557	16605
-12556	16620
-12555	15591
-12554	18650
-12553	18625
-12552	15600
-12551	16599
-12550	16614
-12549	12549
-12548	18896
-12547	15583
-12546	18642
-12545	19641
-12544	18892
-12543	12543
-12542	18890
-12541	12541
-12540	18612
-12539	19639
-12538	18886
-12537	15585
-12536	16584
-12535	12535
-12534	15570
-12533	16597
-12532	18604
-12531	18627
-12530	16578
-12529	15577
-12528	12528
-12527	16591
-12526	15562
-12525	19931
-12524	16572
-12523	18619
-12522	15570
-12521	19605
-12520	12520
-12519	18591
-12518	15554
-12517	19923
-12516	16580
-12515	16563
-12514	15562
-12513	15549
-12512	12512
-12511	18583
-12510	16574
-12509	16557
-12508	18604
-12507	12507
-12506	15554
-12505	15541
-12504	16568
-12503	16551
-12502	20598
-12501	12501
-12500	18596
-12499	15547
-12498	18570
-12497	15533
-12496	20592
-12495	12495
-12494	16542
-12493	16557
-12492	15528
-12491	15539
-12490	18562
-12489	12489
-12488	16536
-12487	16551
-12486	12486
-12485	18581
-12484	15520
-12483	15531
-12482	16530
-12481	16545
-12480	12480
-12479	19563
-12478	12478
-12477	18549
-12476	18560
-12475	19587
-12474	12474
-12473	16521
-12472	12472
-12471	15507
-12470	16534
-12469	18541
-12468	15516
-12467	16515
-12466	12466
-12465	12465
-12464	16528
-12463	15499
-12462	18558
-12461	16509
-12460	15508
-12459	12459
-12458	16522
-12457	12457
-12456	18528
-12455	15491
-12454	18550
-12453	15501
-12452	16500
-12451	12451
-12450	15486
-12449	12449
-12448	18520
-12447	16511
-12446	16494
-12445	15493
-12444	12444
-12443	12443
-12442	15478
-12441	16505
-12440	16488
-12439	18535
-12438	12438
-12437	15485
-12436	12436
-12435	16499
-12434	15470
-12433	20529
-12432	12432
-12431	16479
-12430	15478
-12429	15465
-12428	12428
-12427	18499
-12426	12426
-12425	16473
-12424	16488
-12423	12423
-12422	15470
-12421	15457
-12420	12420
-12419	16467
-12418	16482
-12417	12417
-12416	18512
-12415	12415
-12414	15462
-12413	15449
-12412	16476
-12411	12411
-12410	16458
-12409	12409
-12408	15444
-12407	15455
-12406	18478
-12405	12405
-12404	16452
-12403	12403
-12402	12402
-12401	16465
-12400	15436
-12399	15447
-12398	16446
-12397	12397
-12396	12396
-12395	16459
-12394	12394
-12393	18465
-12392	15428
-12391	15439
-12390	12390
-12389	16437
-12388	12388
-12387	15423
-12386	12386
-12385	18457
-12384	15432
-12383	16431
-12382	12382
-12381	12381
-12380	12380
-12379	15415
-12378	16442
-12377	16425
-12376	15424
-12375	12375
-12374	12374
-12373	12373
-12372	16436
-12371	15407
-12370	18466
-12369	12369
-12368	15416
-12367	12367
-12366	15402
-12365	12365
-12364	18436
-12363	12363
-12362	16410
-12361	15409
-12360	12360
-12359	12359
-12358	15394
-12357	12357
-12356	16404
-12355	16419
-12354	12354
-12353	15401
-12352	12352
-12351	12351
-12350	15386
-12349	16413
-12348	12348
-12347	16395
-12346	12346
-12345	15381
-12344	12344
-12343	16407
-12342	12342
-12341	16389
-12340	12340
-12339	12339
-12338	15386
-12337	15373
-12336	12336
-12335	16383
-12334	12334
-12333	12333
-12332	16396
-12331	12331
-12330	15378
-12329	15365
-12328	12328
-12327	12327
-12326	16374
-12325	12325
-12324	15360
-12323	12323
-12322	15370
-12321	12321
-12320	16368
-12319	12319
-12318	12318
-12317	12317
-12316	15352
-12315	15363
-12314	16362
-12313	12313
-12312	12312
-12311	12311
-12310	12310
-12309	16373
-12308	15344
-12307	15355
-12306	12306
-12305	12305
-12304	12304
-12303	16367
-12302	12302
-12301	18397
-12300	12300
-12299	15347
-12298	12298
-12297	15471
-12296	12296
-12295	18505
-12294	12294
-12293	18389
-12292	15340
-12291	15465
-12290	12290
-12289	15463
-12288	12288
-12287	18497
-12286	16350
-12285	15459
-12284	15332
-12283	15457
-12282	12282
-12281	15455
-12280	16344
-12279	15453
-12278	16326
-12277	15451
-12276	12276
-12275	15449
-12274	15310
-12273	15447
-12272	16320
-12271	15445
-12270	12270
-12269	18491
-12268	12268
-12267	15441
-12266	15302
-12265	15439
-12264	12264
-12263	16311
-12262	12262
-12261	15297
-12260	12260
-12259	15433
-12258	12258
-12257	16305
-12256	12256
-12255	12255
-12254	12254
-12253	15289
-12252	12252
-12251	16299
-12250	12250
-12249	12249
-12248	12248
-12247	12247
-12246	15294
-12245	15281
-12244	12244
-12243	12243
-12242	12242
-12241	12241
-12240	16304
-12239	12239
-12238	15286
-12237	12237
-12236	12236
-12235	12235
-12234	16298
-12233	12233
-12232	18328
-12231	12231
-12230	15278
-12229	12229
-12228	16292
-12227	12227
-12226	16458
-12225	12225
-12224	18320
-12223	15271
-12222	16454
-12221	12221
-12220	16452
-12219	12219
-12218	16450
-12217	16281
-12216	16448
-12215	15263
-12214	16446
-12213	12213
-12212	16444
-12211	16275
-12210	16442
-12209	18305
-12208	16440
-12207	15255
-12206	16438
-12205	15379
-12204	16436
-12203	18413
-12202	16434
-12201	15375
-12200	16248
-12199	15373
-12198	15234
-12197	15371
-12196	16244
-12195	15369
-12194	16242
-12193	15367
-12192	12192
-12191	15365
-12190	15226
-12189	15363
-12188	16236
-12187	15361
-12186	12186
-12185	15359
-12184	12184
-12183	15357
-12182	15218
-12181	15355
-12180	12180
-12179	15353
-12178	12178
-12177	18399
-12176	12176
-12175	15349
-12174	12174
-12173	15209
-12172	12172
-12171	16403
-12170	12170
-12169	18391
-12168	12168
-12167	12167
-12166	12166
-12165	16397
-12164	12164
-12163	16395
-12162	12162
-12161	15209
-12160	12160
-12159	16223
-12158	12158
-12157	16389
-12156	12156
-12155	16387
-12154	15202
-12153	16385
-12152	12152
-12151	16383
-12150	12150
-12149	16381
-12148	16212
-12147	16379
-12146	15194
-12145	16377
-12144	12144
-12143	16375
-12142	16206
-12141	16373
-12140	18236
-12139	16371
-12138	15186
-12137	16369
-12136	16200
-12135	16367
-12134	18482
-12133	16181
-12132	18228
-12131	18215
-12130	18478
-12129	15303
-12128	18476
-12127	16175
-12126	18474
-12125	16189
-12124	18472
-12123	15297
-12122	18470
-12121	15295
-12120	18468
-12119	16183
-12118	18466
-12117	15291
-12116	18188
-12115	15289
-12114	18462
-12113	15287
-12112	16160
-12111	15285
-12110	15146
-12109	15283
-12108	16340
-12107	15281
-12106	16154
-12105	15279
-12104	12104
-12103	15277
-12102	16334
-12101	15275
-12100	16332
-12099	15273
-12098	12098
-12097	15271
-12096	16160
-12095	15269
-12094	16326
-12093	15267
-12092	15140
-12091	15265
-12090	16154
-12089	15125
-12088	16320
-12087	15261
-12086	16318
-12085	18307
-12084	16316
-12083	12083
-12082	16314
-12081	15117
-12080	16312
-12079	19317
-12078	16310
-12077	15125
-12076	16308
-12075	12075
-12074	16306
-12073	19173
-12072	16304
-12071	18167
-12070	16118
-12069	15117
-12068	15104
-12067	16131
-12066	16298
-12065	20193
-12064	16112
-12063	18159
-12062	15110
-12061	19173
-12060	15096
-12059	20187
-12058	16106
-12057	20153
-12056	16120
-12055	19139
-12054	15102
-12053	18125
-12052	15088
-12051	20147
-12050	16114
-12049	16097
-12048	18144
-12047	15083
-12046	15094
-12045	18117
-12044	16108
-12043	16091
-12042	18390
-12041	12041
-12040	18136
-12039	18123
-12038	18386
-12037	16085
-12036	18384
-12035	12035
-12034	18382
-12033	16097
-12032	18104
-12031	18115
-12030	18378
-12029	12029
-12028	16076
-12027	16091
-12026	15062
-12025	18121
-12024	18096
-12023	15071
-12022	16070
-12021	16085
-12020	12020
-12019	19425
-12018	15054
-12017	18113
-12016	19112
-12015	19127
-12014	12014
-12013	19097
-12012	12012
-12011	18083
-12010	19110
-12009	19415
-12008	15056
-12007	16055
-12006	12006
-12005	15041
-12004	16068
-12003	18075
-12002	18098
-12001	16049
-12000	15048
-11999	11999
-11998	16062
-11997	15033
-11996	20124
-11995	16043
-11994	18090
-11993	15041
-11992	19076
-11991	11991
-11990	18062
-11989	15025
-11988	20084
-11987	16051
-11986	16034
-11985	15033
-11984	15020
-11983	11983
-11982	18054
-11981	16045
-11980	16028
-11979	18075
-11978	11978
-11977	15025
-11976	15012
-11975	16039
-11974	16022
-11973	20069
-11972	11972
-11971	18067
-11970	15018
-11969	18041
-11968	15004
-11967	20063
-11966	11966
-11965	16013
-11964	16028
-11963	14999
-11962	15010
-11961	18033
-11960	11960
-11959	16007
-11958	16022
-11957	11957
-11956	18052
-11955	14991
-11954	15002
-11953	16001
-11952	16016
-11951	11951
-11950	19034
-11949	11949
-11948	18020
-11947	18031
-11946	19058
-11945	11945
-11944	15992
-11943	11943
-11942	14978
-11941	16005
-11940	18012
-11939	14987
-11938	15986
-11937	11937
-11936	11936
-11935	15999
-11934	14970
-11933	18029
-11932	15980
-11931	14979
-11930	11930
-11929	15993
-11928	11928
-11927	17999
-11926	14962
-11925	18021
-11924	14972
-11923	15971
-11922	11922
-11921	14957
-11920	11920
-11919	17991
-11918	15982
-11917	15965
-11916	14964
-11915	11915
-11914	11914
-11913	14949
-11912	15976
-11911	15959
-11910	18006
-11909	11909
-11908	14956
-11907	11907
-11906	15970
-11905	14941
-11904	20000
-11903	11903
-11902	15950
-11901	14949
-11900	14936
-11899	11899
-11898	17970
-11897	11897
-11896	15944
-11895	15959
-11894	11894
-11893	14941
-11892	14928
-11891	11891
-11890	15938
-11889	15953
-11888	11888
-11887	17983
-11886	11886
-11885	14933
-11884	14920
-11883	15947
-11882	11882
-11881	15929
-11880	11880
-11879	14915
-11878	14926
-11877	17949
-11876	11876
-11875	15923
-11874	11874
-11873	11873
-11872	15936
-11871	14907
-11870	14918
-11869	15917
-11868	11868
-11867	11867
-11866	15930
-11865	11865
-11864	17936
-11863	14899
-11862	14910
-11861	11861
-11860	15908
-11859	11859
-11858	14894
-11857	11857
-11856	17928
-11855	14903
-11854	15902
-11853	11853
-11852	11852
-11851	11851
-11850	14886
-11849	15913
-11848	15896
-11847	14895
-11846	11846
-11845	11845
-11844	11844
-11843	15907
-11842	14878
-11841	17937
-11840	11840
-11839	14887
-11838	11838
-11837	14873
-11836	11836
-11835	17907
-11834	11834
-11833	15881
-11832	14880
-11831	11831
-11830	11830
-11829	14865
-11828	11828
-11827	15875
-11826	15890
-11825	11825
-11824	14872
-11823	11823
-11822	11822
-11821	14857
-11820	15884
-11819	11819
-11818	15866
-11817	11817
-11816	14852
-11815	11815
-11814	15878
-11813	11813
-11812	15860
-11811	11811
-11810	11810
-11809	14857
-11808	14844
-11807	11807
-11806	15854
-11805	11805
-11804	11804
-11803	15867
-11802	11802
-11801	14849
-11800	14836
-11799	11799
-11798	11798
-11797	15861
-11796	11796
-11795	17891
-11794	11794
-11793	14841
-11792	11792
-11791	15855
-11790	11790
-11789	14963
-11788	11788
-11787	17883
-11786	14834
-11785	18897
-11784	11784
-11783	14957
-11782	11782
-11781	14955
-11780	15844
-11779	17989
-11778	14826
-11777	14951
-11776	11776
-11775	14949
-11774	14810
-11773	14947
-11772	17844
-11771	14945
-11770	14818
-11769	14943
-11768	11768
-11767	14941
-11766	14802
-11765	14939
-11764	15812
-11763	17985
-11762	11762
-11761	14935
-11760	11760
-11759	14933
-11758	14794
-11757	18995
-11756	11756
-11755	15803
-11754	11754
-11753	14789
-11752	11752
-11751	17823
-11750	11750
-11749	15797
-11748	11748
-11747	11747
-11746	11746
-11745	14781
-11744	11744
-11743	15791
-11742	11742
-11741	11741
-11740	14788
-11739	11739
-11738	11738
-11737	14773
-11736	11736
-11735	11735
-11734	15798
-11733	11733
-11732	14780
-11731	11731
-11730	11730
-11729	11729
-11728	15792
-11727	11727
-11726	15958
-11725	11725
-11724	14772
-11723	11723
-11722	15786
-11721	11721
-11720	15952
-11719	11719
-11718	15950
-11717	14765
-11716	18828
-11715	11715
-11714	15946
-11713	11713
-11712	15944
-11711	15775
-11710	15942
-11709	14757
-11708	15940
-11707	11707
-11706	15938
-11705	14879
-11704	15936
-11703	17799
-11702	15934
-11701	14749
-11700	15932
-11699	14873
-11698	15930
-11697	14871
-11696	15928
-11695	17791
-11694	18974
-11693	14867
-11692	15740
-11691	14865
-11690	14726
-11689	14863
-11688	17760
-11687	14861
-11686	15734
-11685	14859
-11684	11684
-11683	14857
-11682	14718
-11681	14855
-11680	15728
-11679	14853
-11678	11678
-11677	14851
-11676	11676
-11675	14849
-11674	14710
-11673	14847
-11672	11672
-11671	17893
-11670	11670
-11669	14843
-11668	11668
-11667	14841
-11666	11666
-11665	18765
-11664	11664
-11663	15895
-11662	11662
-11661	14835
-11660	11660
-11659	15723
-11658	11658
-11657	15889
-11656	11656
-11655	15887
-11654	11654
-11653	15717
-11652	11652
-11651	15883
-11650	11650
-11649	15881
-11648	14696
-11647	15879
-11646	11646
-11645	15877
-11644	11644
-11643	15875
-11642	15706
-11641	15873
-11640	14688
-11639	15871
-11638	11638
-11637	15869
-11636	15700
-11635	15867
-11634	17730
-11633	15865
-11632	14680
-11631	15863
-11630	15694
-11629	15861
-11628	17976
-11627	15859
-11626	17722
-11625	18721
-11624	17972
-11623	14659
-11622	17970
-11621	14795
-11620	17968
-11619	17829
-11618	17966
-11617	14665
-11616	17964
-11615	14651
-11614	17962
-11613	14787
-11612	17960
-11611	17707
-11610	17958
-11609	14657
-11608	17680
-11607	14781
-11606	17954
-11605	14779
-11604	15652
-11603	14777
-11602	17686
-11601	14775
-11600	15832
-11599	14773
-11598	15646
-11597	14771
-11596	15660
-11595	14769
-11594	15826
-11593	14767
-11592	15640
-11591	14765
-11590	15654
-11589	14763
-11588	15820
-11587	14761
-11586	15818
-11585	14759
-11584	15648
-11583	14757
-11582	15814
-11581	14617
-11580	15812
-11579	17801
-11578	15810
-11577	14751
-11576	15808
-11575	11575
-11574	15806
-11573	18673
-11572	15804
-11571	17793
-11570	15802
-11569	11569
-11568	15800
-11567	15631
-11566	15798
-11565	20029
-11564	15796
-11563	14611
-11562	15610
-11561	15625
-11560	14596
-11559	19687
-11558	15790
-11557	17653
-11556	18652
-11555	18667
-11554	11554
-11553	19681
-11552	14588
-11551	20015
-11550	17898
-11549	19645
-11548	14596
-11547	18631
-11546	11546
-11545	17617
-11544	17892
-11543	19639
-11542	17638
-11541	15589
-11540	14588
-11539	14575
-11538	15602
-11537	17609
-11536	17884
-11535	15583
-11534	17630
-11533	14581
-11532	17880
-11531	14567
-11530	17878
-11529	15577
-11528	17876
-11527	15591
-11526	17874
-11525	14573
-11524	17596
-11523	14559
-11522	17870
-11521	15585
-11520	15568
-11519	17615
-11518	14554
-11517	14565
-11516	17588
-11515	15579
-11514	15562
-11513	18919
-11512	11512
-11511	17607
-11510	17594
-11509	18621
-11508	15556
-11507	18913
-11506	11506
-11505	18589
-11504	15568
-11503	17575
-11502	17586
-11501	18907
-11500	11500
-11499	15547
-11498	15562
-11497	14533
-11496	17592
-11495	17567
-11494	14542
-11493	15541
-11492	15556
-11491	11491
-11490	19618
-11489	14525
-11488	17584
-11487	18583
-11486	18598
-11485	11485
-11484	18568
-11483	11483
-11482	17554
-11481	18581
-11480	19576
-11479	14527
-11478	15526
-11477	11477
-11476	14512
-11475	15539
-11474	17546
-11473	17569
-11472	15520
-11471	14519
-11470	11470
-11469	15533
-11468	14504
-11467	19595
-11466	15514
-11465	17561
-11464	14512
-11463	18547
-11462	11462
-11461	17533
-11460	14496
-11459	19555
-11458	15522
-11457	15505
-11456	14504
-11455	14491
-11454	11454
-11453	17525
-11452	15516
-11451	15499
-11450	17546
-11449	11449
-11448	14496
-11447	14483
-11446	15510
-11445	15493
-11444	19540
-11443	11443
-11442	17538
-11441	14489
-11440	17512
-11439	14475
-11438	19534
-11437	11437
-11436	15484
-11435	15499
-11434	14470
-11433	14481
-11432	17504
-11431	11431
-11430	15478
-11429	15493
-11428	11428
-11427	17523
-11426	14462
-11425	14473
-11424	15472
-11423	15487
-11422	11422
-11421	18505
-11420	11420
-11419	17491
-11418	17502
-11417	18529
-11416	11416
-11415	15463
-11414	11414
-11413	14449
-11412	15476
-11411	17483
-11410	14458
-11409	15457
-11408	11408
-11407	11407
-11406	15470
-11405	14441
-11404	17500
-11403	15451
-11402	14450
-11401	11401
-11400	15464
-11399	11399
-11398	17470
-11397	14433
-11396	17492
-11395	14443
-11394	15442
-11393	11393
-11392	14428
-11391	11391
-11390	17462
-11389	15453
-11388	15436
-11387	14435
-11386	11386
-11385	11385
-11384	14420
-11383	15447
-11382	15430
-11381	17477
-11380	11380
-11379	14427
-11378	11378
-11377	15441
-11376	14412
-11375	19471
-11374	11374
-11373	15421
-11372	14420
-11371	14407
-11370	11370
-11369	17441
-11368	11368
-11367	15415
-11366	15430
-11365	11365
-11364	14412
-11363	14399
-11362	11362
-11361	15409
-11360	15424
-11359	11359
-11358	17454
-11357	11357
-11356	14404
-11355	14391
-11354	15418
-11353	11353
-11352	15400
-11351	11351
-11350	14386
-11349	14397
-11348	17420
-11347	11347
-11346	15394
-11345	11345
-11344	11344
-11343	15407
-11342	14378
-11341	14389
-11340	15388
-11339	11339
-11338	11338
-11337	15401
-11336	11336
-11335	17407
-11334	14370
-11333	14381
-11332	11332
-11331	15379
-11330	11330
-11329	14365
-11328	11328
-11327	17399
-11326	14374
-11325	15373
-11324	11324
-11323	11323
-11322	11322
-11321	14357
-11320	15384
-11319	15367
-11318	14366
-11317	11317
-11316	11316
-11315	11315
-11314	15378
-11313	14349
-11312	17408
-11311	11311
-11310	14358
-11309	11309
-11308	14344
-11307	11307
-11306	17378
-11305	11305
-11304	15352
-11303	14351
-11302	11302
-11301	11301
-11300	14336
-11299	11299
-11298	15346
-11297	15361
-11296	11296
-11295	14343
-11294	11294
-11293	11293
-11292	14328
-11291	15355
-11290	11290
-11289	17385
-11288	11288
-11287	14335
-11286	11286
-11285	15349
-11284	11284
-11283	18505
-11282	11282
-11281	14455
-11280	14328
-11279	17489
-11278	11278
-11277	18499
-11276	11276
-11275	14449
-11274	15338
-11273	14447
-11272	14320
-11271	17481
-11270	11270
-11269	14443
-11268	15316
-11267	14441
-11266	14302
-11265	14439
-11264	14312
-11263	14437
-11262	15310
-11261	14435
-11260	11260
-11259	14433
-11258	14294
-11257	17479
-11256	15304
-11255	14429
-11254	11254
-11253	14427
-11252	11252
-11251	17323
-11250	14286
-11249	17471
-11248	11248
-11247	14421
-11246	11246
-11245	14281
-11244	11244
-11243	17315
-11242	11242
-11241	15289
-11240	11240
-11239	11239
-11238	11238
-11237	14273
-11236	11236
-11235	15283
-11234	14282
-11233	11233
-11232	11232
-11231	11231
-11230	11230
-11229	14265
-11228	15292
-11227	11227
-11226	14274
-11225	11225
-11224	11224
-11223	11223
-11222	15286
-11221	11221
-11220	17316
-11219	11219
-11218	14266
-11217	11217
-11216	15280
-11215	11215
-11214	19342
-11213	11213
-11212	15444
-11211	14259
-11210	15442
-11209	11209
-11208	18476
-11207	11207
-11206	15438
-11205	15269
-11204	15436
-11203	14251
-11202	15434
-11201	11201
-11200	15432
-11199	15263
-11198	15430
-11197	14371
-11196	15428
-11195	14243
-11194	15426
-11193	15257
-11192	15424
-11191	14365
-11190	15422
-11189	14363
-11188	17260
-11187	17397
-11186	15418
-11185	14359
-11184	15232
-11183	14357
-11182	14218
-11181	14355
-11180	17252
-11179	14353
-11178	14214
-11177	14351
-11176	11176
-11175	14349
-11174	14210
-11173	14347
-11172	14220
-11171	14345
-11170	11170
-11169	14343
-11168	11168
-11167	14341
-11166	14202
-11165	17387
-11164	11164
-11163	14337
-11162	11162
-11161	14335
-11160	11160
-11159	18397
-11158	11158
-11157	17241
-11156	11156
-11155	14329
-11154	11154
-11153	18391
-11152	11152
-11151	17247
-11150	11150
-11149	15381
-11148	11148
-11147	15379
-11146	11146
-11145	18413
-11144	11144
-11143	15375
-11142	14190
-11141	15373
-11140	11140
-11139	15371
-11138	11138
-11137	15369
-11136	15200
-11135	15367
-11134	14182
-11133	15365
-11132	11132
-11131	15363
-11130	15194
-11129	15361
-11128	17224
-11127	15359
-11126	14174
-11125	15357
-11124	15188
-11123	15355
-11122	17470
-11121	15353
-11120	17216
-11119	17329
-11118	17466
-11117	15165
-11116	17464
-11115	14151
-11114	17462
-11113	14287
-11112	17460
-11111	17321
-11110	17458
-11109	11109
-11108	17456
-11107	14281
-11106	17454
-11105	14279
-11104	17452
-11103	14151
-11102	17450
-11101	14275
-11100	17172
-11099	14273
-11098	17446
-11097	14271
-11096	18192
-11095	14269
-11094	14130
-11093	14267
-11092	15324
-11091	14265
-11090	18358
-11089	14263
-11088	14136
-11087	14261
-11086	14122
-11085	14259
-11084	15316
-11083	14257
-11082	17178
-11081	14255
-11080	14128
-11079	14253
-11078	15310
-11077	14251
-11076	15308
-11075	14249
-11074	15306
-11073	17157
-11072	15304
-11071	14245
-11070	15302
-11069	14243
-11068	15300
-11067	15131
-11066	15298
-11065	17149
-11064	15296
-11063	14237
-11062	15294
-11061	15125
-11060	15292
-11059	17155
-11058	15290
-11057	17141
-11056	15288
-11055	15119
-11054	15102
-11053	19181
-11052	14088
-11051	17147
-11050	17398
-11049	18161
-11048	15096
-11047	19175
-11046	11046
-11045	19509
-11044	17392
-11043	19507
-11042	17390
-11041	19137
-11040	11040
-11039	18123
-11038	15102
-11037	17109
-11036	17384
-11035	19131
-11034	14082
-11033	15081
-11032	15096
-11031	14067
-11030	17378
-11029	17101
-11028	17124
-11027	18123
-11026	17374
-11025	11025
-11024	17372
-11023	14059
-11022	17370
-11021	18427
-11020	17368
-11019	14067
-11018	17366
-11017	11017
-11016	17088
-11015	18115
-11014	17362
-11013	17109
-11012	15060
-11011	14059
-11010	14046
-11009	15073
-11008	17080
-11007	18413
-11006	15054
-11005	17101
-11004	14052
-11003	18115
-11002	14038
-11001	18407
-11000	15048
-10999	18405
-10998	15062
-10997	18081
-10996	14044
-10995	17067
-10994	14030
-10993	18399
-10992	15056
-10991	15039
-10990	17086
-10989	14025
-10988	14036
-10987	17059
-10986	15050
-10985	15033
-10984	19112
-10983	10983
-10982	17078
-10981	17065
-10980	18092
-10979	15027
-10978	19074
-10977	10977
-10976	18060
-10975	15039
-10974	17046
-10973	17057
-10972	19068
-10971	10971
-10970	15018
-10969	15033
-10968	14004
-10967	17063
-10966	17038
-10965	14013
-10964	15012
-10963	15027
-10962	10962
-10961	19089
-10960	13996
-10959	17055
-10958	18054
-10957	18069
-10956	10956
-10955	18039
-10954	10954
-10953	17025
-10952	18052
-10951	19047
-10950	13998
-10949	14997
-10948	10948
-10947	13983
-10946	15010
-10945	17017
-10944	17040
-10943	14991
-10942	13990
-10941	10941
-10940	15004
-10939	13975
-10938	19066
-10937	14985
-10936	17032
-10935	13983
-10934	18018
-10933	10933
-10932	17004
-10931	13967
-10930	19026
-10929	14993
-10928	14976
-10927	13975
-10926	13962
-10925	10925
-10924	16996
-10923	14987
-10922	14970
-10921	17017
-10920	10920
-10919	13967
-10918	13954
-10917	14981
-10916	14964
-10915	19011
-10914	10914
-10913	17009
-10912	13960
-10911	16983
-10910	13946
-10909	19005
-10908	10908
-10907	14955
-10906	14970
-10905	13941
-10904	13952
-10903	16975
-10902	10902
-10901	14949
-10900	14964
-10899	10899
-10898	16994
-10897	13933
-10896	13944
-10895	14943
-10894	14958
-10893	10893
-10892	17976
-10891	10891
-10890	16962
-10889	16973
-10888	18000
-10887	10887
-10886	14934
-10885	10885
-10884	13920
-10883	14947
-10882	16954
-10881	13929
-10880	14928
-10879	10879
-10878	10878
-10877	14941
-10876	13912
-10875	16971
-10874	14922
-10873	13921
-10872	10872
-10871	14935
-10870	10870
-10869	16941
-10868	13904
-10867	16963
-10866	13914
-10865	14913
-10864	10864
-10863	13899
-10862	10862
-10861	16933
-10860	14924
-10859	14907
-10858	13906
-10857	10857
-10856	10856
-10855	13891
-10854	14918
-10853	14901
-10852	16948
-10851	10851
-10850	13898
-10849	10849
-10848	14912
-10847	13883
-10846	18942
-10845	10845
-10844	14892
-10843	13891
-10842	13878
-10841	10841
-10840	16912
-10839	10839
-10838	14886
-10837	14901
-10836	10836
-10835	13883
-10834	13870
-10833	10833
-10832	14880
-10831	14895
-10830	10830
-10829	16925
-10828	10828
-10827	13875
-10826	13862
-10825	14889
-10824	10824
-10823	14871
-10822	10822
-10821	13857
-10820	13868
-10819	16891
-10818	10818
-10817	14865
-10816	10816
-10815	10815
-10814	14878
-10813	13849
-10812	13860
-10811	14859
-10810	10810
-10809	10809
-10808	14872
-10807	10807
-10806	16878
-10805	13841
-10804	13852
-10803	10803
-10802	14850
-10801	10801
-10800	13836
-10799	10799
-10798	16870
-10797	13845
-10796	14844
-10795	10795
-10794	10794
-10793	10793
-10792	13828
-10791	14855
-10790	14838
-10789	13837
-10788	10788
-10787	10787
-10786	10786
-10785	14849
-10784	13820
-10783	16879
-10782	10782
-10781	13829
-10780	10780
-10779	14843
-10778	10778
-10777	18905
-10776	10776
-10775	16871
-10774	13822
-10773	13947
-10772	10772
-10771	16981
-10770	10770
-10769	17991
-10768	14832
-10767	13941
-10766	13814
-10765	13939
-10764	10764
-10763	16973
-10762	14826
-10761	13935
-10760	14808
-10759	13933
-10758	13794
-10757	13931
-10756	14820
-10755	13929
-10754	14802
-10753	13927
-10752	10752
-10751	16973
-10750	13786
-10749	13923
-10748	14796
-10747	13921
-10746	10746
-10745	17829
-10744	10744
-10743	16815
-10742	13778
-10741	13915
-10740	10740
-10739	14787
-10738	10738
-10737	13773
-10736	10736
-10735	16807
-10734	10734
-10733	14781
-10732	10732
-10731	10731
-10730	10730
-10729	13765
-10728	13776
-10727	14775
-10726	10726
-10725	10725
-10724	10724
-10723	10723
-10722	14786
-10721	13757
-10720	13768
-10719	10719
-10718	10718
-10717	10717
-10716	14780
-10715	10715
-10714	16810
-10713	10713
-10712	13760
-10711	10711
-10710	14774
-10709	10709
-10708	17976
-10707	10707
-10706	16802
-10705	13753
-10704	14936
-10703	10703
-10702	14934
-10701	10701
-10700	17968
-10699	14763
-10698	14930
-10697	13745
-10696	14928
-10695	10695
-10694	14926
-10693	14757
-10692	14924
-10691	16787
-10690	14922
-10689	13737
-10688	14920
-10687	14751
-10686	14918
-10685	17907
-10684	14916
-10683	13857
-10682	17766
-10681	13855
-10680	14912
-10679	16889
-10678	14910
-10677	13851
-10676	14724
-10675	13849
-10674	13710
-10673	13847
-10672	14720
-10671	13845
-10670	14718
-10669	13843
-10668	10668
-10667	13841
-10666	13702
-10665	13839
-10664	14712
-10663	13837
-10662	10662
-10661	13835
-10660	10660
-10659	16881
-10658	13694
-10657	13831
-10656	10656
-10655	13829
-10654	10654
-10653	17891
-10652	10652
-10651	16873
-10650	10650
-10649	13685
-10648	10648
-10647	14879
-10646	10646
-10645	17913
-10644	10644
-10643	13691
-10642	10642
-10641	14873
-10640	10640
-10639	14871
-10638	10638
-10637	16733
-10636	13684
-10635	14867
-10634	10634
-10633	14865
-10632	10632
-10631	14863
-10630	14694
-10629	14861
-10628	13676
-10627	14859
-10626	10626
-10625	14857
-10624	14688
-10623	14855
-10622	16718
-10621	14853
-10620	13668
-10619	14851
-10618	14682
-10617	14849
-10616	18744
-10615	14847
-10614	16710
-10613	17835
-10612	16960
-10611	14843
-10610	16958
-10609	14657
-10608	16956
-10607	17707
-10606	16954
-10605	13779
-10604	16952
-10603	14651
-10602	16950
-10601	14665
-10600	16948
-10599	13773
-10598	16946
-10597	13771
-10596	16944
-10595	14659
-10594	16942
-10593	13767
-10592	16664
-10591	13765
-10590	17858
-10589	13763
-10588	14636
-10587	13761
-10586	13622
-10585	13759
-10584	14816
-10583	13757
-10582	17678
-10581	13755
-10580	10580
-10579	13753
-10578	14810
-10577	13751
-10576	14808
-10575	13749
-10574	13622
-10573	13747
-10572	14636
-10571	13745
-10570	14802
-10569	13743
-10568	14800
-10567	16789
-10566	14798
-10565	13601
-10564	14796
-10563	13737
-10562	14794
-10561	17799
-10560	14792
-10559	13607
-10558	14790
-10557	13593
-10556	14788
-10555	17793
-10554	14786
-10553	16649
-10552	14784
-10551	13599
-10550	14782
-10549	17649
-10548	14780
-10547	18675
-10546	14594
-10545	16641
-10544	16628
-10543	17655
-10542	14774
-10541	18669
-10540	14588
-10539	19003
-10538	14602
-10537	19001
-10536	16620
-10535	18999
-10534	14582
-10533	18629
-10532	14596
-10531	17615
-10530	16626
-10529	16601
-10528	16612
-10527	18623
-10526	14590
-10525	14573
-10524	16872
-10523	13559
-10522	16618
-10521	17927
-10520	16868
-10519	14567
-10518	16866
-10517	10517
-10516	16864
-10515	17615
-10514	16862
-10513	17609
-10512	16860
-10511	10511
-10510	16858
-10509	14573
-10508	16580
-10507	17913
-10506	16854
-10505	13553
-10504	14552
-10503	14567
-10502	13538
-10501	17907
-10500	16572
-10499	16595
-10498	17594
-10497	17609
-10496	10496
-10495	17901
-10494	13530
-10493	17899
-10492	18604
-10491	17897
-10490	13538
-10489	17573
-10488	10488
-10487	16559
-10486	17586
-10485	17891
-10484	16580
-10483	14531
-10482	13530
-10481	13517
-10480	14544
-10479	16551
-10478	18606
-10477	14525
-10476	16572
-10475	13523
-10474	17586
-10473	13509
-10472	18600
-10471	14519
-10470	18566
-10469	14533
-10468	17552
-10467	13515
-10466	16538
-10465	13501
-10464	18560
-10463	14527
-10462	14510
-10461	16557
-10460	13496
-10459	13507
-10458	16530
-10457	14521
-10456	14504
-10455	18583
-10454	10454
-10453	16549
-10452	16536
-10451	17563
-10450	14498
-10449	18545
-10448	10448
-10447	17531
-10446	14510
-10445	16517
-10444	16528
-10443	18539
-10442	10442
-10441	14489
-10440	14504
-10439	13475
-10438	16534
-10437	16509
-10436	13484
-10435	14483
-10434	14498
-10433	10433
-10432	18560
-10431	13467
-10430	16526
-10429	17525
-10428	17540
-10427	10427
-10426	17510
-10425	10425
-10424	16496
-10423	17523
-10422	18518
-10421	13469
-10420	14468
-10419	10419
-10418	13454
-10417	14481
-10416	16488
-10415	16511
-10414	14462
-10413	13461
-10412	10412
-10411	14475
-10410	13446
-10409	18537
-10408	14456
-10407	16503
-10406	13454
-10405	17489
-10404	10404
-10403	16475
-10402	13438
-10401	18497
-10400	14464
-10399	14447
-10398	13446
-10397	13433
-10396	10396
-10395	16467
-10394	14458
-10393	14441
-10392	16488
-10391	10391
-10390	13438
-10389	13425
-10388	14452
-10387	14435
-10386	18482
-10385	10385
-10384	16480
-10383	13431
-10382	16454
-10381	13417
-10380	18476
-10379	10379
-10378	14426
-10377	14441
-10376	13412
-10375	13423
-10374	16446
-10373	10373
-10372	14420
-10371	14435
-10370	10370
-10369	16465
-10368	13404
-10367	13415
-10366	14414
-10365	14429
-10364	10364
-10363	17447
-10362	10362
-10361	16433
-10360	16444
-10359	17471
-10358	10358
-10357	14405
-10356	10356
-10355	13391
-10354	14418
-10353	16425
-10352	13400
-10351	14399
-10350	10350
-10349	10349
-10348	14412
-10347	13383
-10346	16442
-10345	14393
-10344	13392
-10343	10343
-10342	14406
-10341	10341
-10340	16412
-10339	13375
-10338	16434
-10337	13385
-10336	14384
-10335	10335
-10334	13370
-10333	10333
-10332	16404
-10331	14395
-10330	14378
-10329	13377
-10328	10328
-10327	10327
-10326	13362
-10325	14389
-10324	14372
-10323	16419
-10322	10322
-10321	13369
-10320	10320
-10319	14383
-10318	13354
-10317	18413
-10316	10316
-10315	14363
-10314	13362
-10313	13349
-10312	10312
-10311	16383
-10310	10310
-10309	14357
-10308	14372
-10307	10307
-10306	13354
-10305	13341
-10304	10304
-10303	14351
-10302	14366
-10301	10301
-10300	16396
-10299	10299
-10298	13346
-10297	13333
-10296	14360
-10295	10295
-10294	14342
-10293	10293
-10292	13328
-10291	13339
-10290	16362
-10289	10289
-10288	14336
-10287	10287
-10286	10286
-10285	14349
-10284	13320
-10283	13331
-10282	14330
-10281	10281
-10280	10280
-10279	14343
-10278	10278
-10277	16373
-10276	13312
-10275	13323
-10274	10274
-10273	14337
-10272	10272
-10271	16481
-10270	10270
-10269	16365
-10268	13316
-10267	17379
-10266	10266
-10265	13439
-10264	10264
-10263	16473
-10262	14326
-10261	17483
-10260	13308
-10259	13433
-10258	10258
-10257	13431
-10256	14320
-10255	16465
-10254	16350
-10253	13427
-10252	13300
-10251	13425
-10250	13286
-10249	13423
-10248	16320
-10247	13421
-10246	14294
-10245	16467
-10244	10244
-10243	13417
-10242	13278
-10241	13415
-10240	14288
-10239	17477
-10238	10238
-10237	16459
-10236	10236
-10235	13409
-10234	13270
-10233	17471
-10232	10232
-10231	14279
-10230	10230
-10229	13265
-10228	10228
-10227	16299
-10226	10226
-10225	14273
-10224	10224
-10223	10223
-10222	13270
-10221	13257
-10220	10220
-10219	14267
-10218	10218
-10217	10217
-10216	14280
-10215	10215
-10214	13262
-10213	13249
-10212	10212
-10211	10211
-10210	14274
-10209	10209
-10208	16304
-10207	10207
-10206	13254
-10205	10205
-10204	14268
-10203	10203
-10202	14434
-10201	10201
-10200	16296
-10199	13247
-10198	17310
-10197	10197
-10196	14428
-10195	10195
-10194	14426
-10193	14257
-10192	17460
-10191	13239
-10190	14422
-10189	10189
-10188	14420
-10187	14251
-10186	14418
-10185	16281
-10184	14416
-10183	13231
-10182	14414
-10181	13355
-10180	14412
-10179	16389
-10178	14410
-10177	16273
-10176	17456
-10175	13349
-10174	14406
-10173	13347
-10172	14404
-10171	16381
-10170	18266
-10169	13343
-10168	14216
-10167	13341
-10166	13202
-10165	13339
-10164	16236
-10163	13337
-10162	14210
-10161	13335
-10160	10160
-10159	13333
-10158	13194
-10157	13331
-10156	14204
-10155	13329
-10154	10154
-10153	16375
-10152	10152
-10151	13325
-10150	13186
-10149	13323
-10148	10148
-10147	17385
-10146	10146
-10145	16367
-10144	10144
-10143	13317
-10142	10142
-10141	17241
-10140	10140
-10139	14371
-10138	10138
-10137	16359
-10136	10136
-10135	14199
-10134	10134
-10133	14365
-10132	10132
-10131	14363
-10130	13178
-10129	17241
-10128	10128
-10127	14359
-10126	10126
-10125	14357
-10124	14188
-10123	14355
-10122	13170
-10121	14353
-10120	10120
-10119	14351
-10118	14182
-10117	14349
-10116	16212
-10115	14347
-10114	13162
-10113	14345
-10112	14176
-10111	14343
-10110	16458
-10109	14341
-10108	16204
-10107	17387
-10106	16454
-10105	14337
-10104	16452
-10103	14335
-10102	16450
-10101	18213
-10100	16448
-10099	16183
-10098	16446
-10097	13271
-10096	16444
-10095	16305
-10094	16442
-10093	16189
-10092	16440
-10091	13265
-10090	16438
-10089	13263
-10088	16436
-10087	16297
-10086	16434
-10085	13259
-10084	18364
-10083	13257
-10082	16430
-10081	13255
-10080	14128
-10079	13253
-10078	17178
-10077	13251
-10076	14308
-10075	13249
-10074	14122
-10073	13247
-10072	14136
-10071	13245
-10070	14302
-10069	13243
-10068	14300
-10067	13241
-10066	14130
-10065	13239
-10064	14296
-10063	13237
-10062	14294
-10061	16283
-10060	14292
-10059	13233
-10058	14290
-10057	13093
-10056	14288
-10055	17293
-10054	14286
-10053	16275
-10052	14284
-10051	10051
-10050	14282
-10049	17149
-10048	14280
-10047	18511
-10046	14278
-10045	13093
-10044	14276
-10043	14107
-10042	14274
-10041	18505
-10040	14272
-10039	16135
-10038	17134
-10037	17149
-10036	13072
-10035	18163
-10034	14266
-10033	18497
-10032	18144
-10031	18495
-10030	13078
-10029	18493
-10028	13064
-10027	18491
-10026	16374
-10025	18121
-10024	16120
-10023	17107
-10022	13070
-10021	16093
-10020	16368
-10019	18115
-10018	16366
-10017	14065
-10016	16112
-10015	16099
-10014	16362
-10013	16085
-10012	16360
-10011	14059
-10010	16358
-10009	14073
-10008	16356
-10007	16091
-10006	16354
-10005	14053
-10004	16352
-10003	14067
-10002	16350
-10001	16097
-10000	16072
-9999	16083
-9998	16346
-9997	14061
-9996	14044
-9995	17401
-9994	13030
-9993	16089
-9992	18456
-9991	17103
-9990	14038
-9989	17395
-9988	9988
-9987	17393
-9986	17086
-9985	17391
-9984	17080
-9983	17389
-9982	9982
-9981	17065
-9980	14044
-9979	16051
-9978	18442
-9977	17383
-9976	13024
-9975	14023
-9974	14038
-9973	13009
-9972	18100
-9971	16043
-9970	16066
-9969	17065
-9968	17080
-9967	9967
-9966	18094
-9965	13001
-9964	18428
-9963	18075
-9962	18058
-9961	13009
-9960	17044
-9959	9959
-9958	16030
-9957	17057
-9956	18052
-9955	16051
-9954	14002
-9953	13001
-9952	12988
-9951	14015
-9950	16022
-9949	18077
-9948	13996
-9947	16043
-9946	12994
-9945	17057
-9944	12980
-9943	18071
-9942	13990
-9941	18037
-9940	14004
-9939	17023
-9938	12986
-9937	16009
-9936	12972
-9935	18031
-9934	13998
-9933	13981
-9932	16028
-9931	12967
-9930	12978
-9929	16001
-9928	13992
-9927	13975
-9926	18054
-9925	9925
-9924	16020
-9923	16007
-9922	17034
-9921	13969
-9920	18016
-9919	9919
-9918	17002
-9917	13981
-9916	15988
-9915	15999
-9914	18010
-9913	9913
-9912	13960
-9911	13975
-9910	12946
-9909	16005
-9908	15980
-9907	12955
-9906	13954
-9905	13969
-9904	9904
-9903	18031
-9902	12938
-9901	15997
-9900	16996
-9899	17011
-9898	9898
-9897	16981
-9896	9896
-9895	15967
-9894	16994
-9893	17989
-9892	12940
-9891	13939
-9890	9890
-9889	12925
-9888	13952
-9887	15959
-9886	15982
-9885	13933
-9884	12932
-9883	9883
-9882	13946
-9881	12917
-9880	18008
-9879	13927
-9878	15974
-9877	12925
-9876	16960
-9875	9875
-9874	15946
-9873	12909
-9872	17968
-9871	13935
-9870	13918
-9869	12917
-9868	12904
-9867	9867
-9866	15938
-9865	13929
-9864	13912
-9863	15959
-9862	9862
-9861	12909
-9860	12896
-9859	13923
-9858	13906
-9857	17953
-9856	9856
-9855	15951
-9854	12902
-9853	15925
-9852	12888
-9851	17947
-9850	9850
-9849	13897
-9848	13912
-9847	12883
-9846	12894
-9845	15917
-9844	9844
-9843	13891
-9842	13906
-9841	9841
-9840	15936
-9839	12875
-9838	12886
-9837	13885
-9836	13900
-9835	9835
-9834	16918
-9833	9833
-9832	15904
-9831	15915
-9830	16942
-9829	9829
-9828	13876
-9827	9827
-9826	12862
-9825	13889
-9824	15896
-9823	12871
-9822	13870
-9821	9821
-9820	9820
-9819	13883
-9818	12854
-9817	15913
-9816	13864
-9815	12863
-9814	9814
-9813	13877
-9812	9812
-9811	15883
-9810	12846
-9809	15905
-9808	12856
-9807	13855
-9806	9806
-9805	12841
-9804	9804
-9803	15875
-9802	13866
-9801	13849
-9800	12848
-9799	9799
-9798	9798
-9797	12833
-9796	13860
-9795	13843
-9794	15890
-9793	9793
-9792	12840
-9791	9791
-9790	13854
-9789	12825
-9788	17884
-9787	9787
-9786	13834
-9785	12833
-9784	12820
-9783	9783
-9782	15854
-9781	9781
-9780	13828
-9779	13843
-9778	9778
-9777	12825
-9776	12812
-9775	9775
-9774	13822
-9773	13837
-9772	9772
-9771	15867
-9770	9770
-9769	12817
-9768	12804
-9767	13831
-9766	9766
-9765	16987
-9764	9764
-9763	15859
-9762	12810
-9761	16873
-9760	9760
-9759	16981
-9758	9758
-9757	12931
-9756	13820
-9755	15965
-9754	12802
-9753	16975
-9752	9752
-9751	12925
-9750	13814
-9749	12923
-9748	15820
-9747	15957
-9746	12794
-9745	12919
-9744	13792
-9743	12917
-9742	12778
-9741	12915
-9740	15812
-9739	15961
-9738	13786
-9737	12911
-9736	9736
-9735	12909
-9734	12770
-9733	16971
-9732	13780
-9731	15953
-9730	9730
-9729	12903
-9728	9728
-9727	15799
-9726	12762
-9725	17821
-9724	9724
-9723	13771
-9722	9722
-9721	12757
-9720	9720
-9719	15791
-9718	9718
-9717	13765
-9716	12764
-9715	9715
-9714	9714
-9713	12749
-9712	9712
-9711	13759
-9710	13774
-9709	9709
-9708	12756
-9707	9707
-9706	9706
-9705	12741
-9704	13768
-9703	9703
-9702	15798
-9701	9701
-9700	12748
-9699	9699
-9698	13762
-9697	9697
-9696	17824
-9695	9695
-9694	13926
-9693	12741
-9692	16804
-9691	9691
-9690	17818
-9689	9689
-9688	13920
-9687	13751
-9686	13918
-9685	12733
-9684	16952
-9683	9683
-9682	13914
-9681	13745
-9680	13912
-9679	15775
-9678	13910
-9677	12725
-9676	13908
-9675	13739
-9674	13906
-9673	12847
-9672	13904
-9671	15767
-9670	16950
-9669	16781
-9668	13900
-9667	12841
-9666	13898
-9665	12839
-9664	15736
-9663	15873
-9662	16942
-9661	12835
-9660	13708
-9659	12833
-9658	12694
-9657	12831
-9656	15728
-9655	12829
-9654	13702
-9653	12827
-9652	9652
-9651	12825
-9650	12686
-9649	12823
-9648	13696
-9647	15869
-9646	9646
-9645	12819
-9644	9644
-9643	12817
-9642	12678
-9641	16879
-9640	9640
-9639	15861
-9638	9638
-9637	12811
-9636	9636
-9635	16873
-9634	9634
-9633	17913
-9632	9632
-9631	13863
-9630	9630
-9629	16867
-9628	9628
-9627	17755
-9626	9626
-9625	13857
-9624	12672
-9623	13855
-9622	9622
-9621	16889
-9620	9620
-9619	13851
-9618	13682
-9617	13849
-9616	12664
-9615	13847
-9614	9614
-9613	13845
-9612	13676
-9611	13843
-9610	15706
-9609	13841
-9608	12656
-9607	13839
-9606	13670
-9605	13837
-9604	15952
-9603	13835
-9602	15698
-9601	16881
-9600	16712
-9599	13831
-9598	15946
-9597	13829
-9596	15944
-9595	15805
-9594	15942
-9593	16689
-9592	15940
-9591	12627
-9590	15938
-9589	12763
-9588	15936
-9587	15797
-9586	15934
-9585	12633
-9584	15932
-9583	12757
-9582	15930
-9581	12755
-9580	15928
-9579	15675
-9578	18974
-9577	12751
-9576	15648
-9575	12749
-9574	15922
-9573	12747
-9572	17684
-9571	12745
-9570	15654
-9569	12743
-9568	13800
-9567	12741
-9566	16834
-9565	12739
-9564	15660
-9563	12737
-9562	13794
-9561	12735
-9560	13792
-9559	12733
-9558	16826
-9557	12731
-9556	13788
-9555	15777
-9554	13786
-9553	12727
-9552	13784
-9551	12725
-9550	13782
-9549	16649
-9548	13780
-9547	15769
-9546	13778
-9545	12719
-9544	13776
-9543	13607
-9542	13774
-9541	18005
-9540	13772
-9539	15761
-9538	13770
-9537	13601
-9536	13768
-9535	17663
-9534	13766
-9533	17997
-9532	16812
-9531	16643
-9530	13578
-9529	17657
-9528	12564
-9527	17991
-9526	15874
-9525	17989
-9524	16620
-9523	17987
-9522	9522
-9521	17985
-9520	15868
-9519	17983
-9518	15866
-9517	17613
-9516	12564
-9515	16599
-9514	13578
-9513	15585
-9512	15860
-9511	17607
-9510	15606
-9509	16605
-9508	15856
-9507	12543
-9506	15854
-9505	15577
-9504	15852
-9503	17615
-9502	15850
-9501	12549
-9500	15848
-9499	12535
-9498	15846
-9497	16903
-9496	15844
-9495	15591
-9494	15842
-9493	12541
-9492	15564
-9491	16591
-9490	15838
-9489	16895
-9488	13536
-9487	15583
-9486	15570
-9485	16597
-9484	15556
-9483	16889
-9482	13530
-9481	16887
-9480	13544
-9479	16885
-9478	15562
-9477	16883
-9476	13524
-9475	16881
-9474	13538
-9473	16557
-9472	15568
-9471	15543
-9470	15554
-9469	16875
-9468	13532
-9467	13515
-9466	17594
-9465	12501
-9464	15560
-9463	18583
-9462	16574
-9461	13509
-9460	17588
-9459	9459
-9458	17922
-9457	16557
-9456	17920
-9455	16551
-9454	17550
-9453	9453
-9452	16536
-9451	13515
-9450	15522
-9449	18581
-9448	17544
-9447	12495
-9446	13494
-9445	13509
-9444	12480
-9443	17571
-9442	15514
-9441	15537
-9440	16536
-9439	16551
-9438	9438
-9437	17565
-9436	12472
-9435	18543
-9434	17546
-9433	17529
-9432	12480
-9431	16515
-9430	9430
-9429	15501
-9428	16528
-9427	17523
-9426	15522
-9425	13473
-9424	12472
-9423	12459
-9422	13486
-9421	15493
-9420	17548
-9419	13467
-9418	15514
-9417	12465
-9416	16528
-9415	12451
-9414	17542
-9413	13461
-9412	17508
-9411	13475
-9410	16494
-9409	12457
-9408	15480
-9407	12443
-9406	17502
-9405	13469
-9404	13452
-9403	15499
-9402	12438
-9401	12449
-9400	15472
-9399	13463
-9398	13446
-9397	17525
-9396	9396
-9395	15491
-9394	15478
-9393	16505
-9392	13440
-9391	17487
-9390	9390
-9389	16473
-9388	13452
-9387	15459
-9386	15470
-9385	17481
-9384	9384
-9383	13431
-9382	13446
-9381	12417
-9380	15476
-9379	15451
-9378	12426
-9377	13425
-9376	13440
-9375	9375
-9374	17502
-9373	12409
-9372	15468
-9371	16467
-9370	16482
-9369	9369
-9368	16452
-9367	9367
-9366	15438
-9365	16465
-9364	17460
-9363	12411
-9362	13410
-9361	9361
-9360	12396
-9359	13423
-9358	15430
-9357	15453
-9356	13404
-9355	12403
-9354	9354
-9353	13417
-9352	12388
-9351	17479
-9350	13398
-9349	15445
-9348	12396
-9347	16431
-9346	9346
-9345	15417
-9344	12380
-9343	17439
-9342	13406
-9341	13389
-9340	12388
-9339	12375
-9338	9338
-9337	15409
-9336	13400
-9335	13383
-9334	15430
-9333	9333
-9332	12380
-9331	12367
-9330	13394
-9329	13377
-9328	17424
-9327	9327
-9326	15422
-9325	12373
-9324	15396
-9323	12359
-9322	17418
-9321	9321
-9320	13368
-9319	13383
-9318	12354
-9317	12365
-9316	15388
-9315	9315
-9314	13362
-9313	13377
-9312	9312
-9311	15407
-9310	12346
-9309	12357
-9308	13356
-9307	13371
-9306	9306
-9305	16389
-9304	9304
-9303	15375
-9302	15386
-9301	16413
-9300	9300
-9299	13347
-9298	9298
-9297	12333
-9296	13360
-9295	15367
-9294	12342
-9293	13341
-9292	9292
-9291	9291
-9290	13354
-9289	12325
-9288	15384
-9287	13335
-9286	12334
-9285	9285
-9284	13348
-9283	9283
-9282	15354
-9281	12317
-9280	15376
-9279	12327
-9278	13326
-9277	9277
-9276	12312
-9275	9275
-9274	15346
-9273	13337
-9272	13320
-9271	12319
-9270	9270
-9269	9269
-9268	12304
-9267	13331
-9266	13314
-9265	15361
-9264	9264
-9263	12311
-9262	9262
-9261	13325
-9260	12296
-9259	17387
-9258	9258
-9257	15353
-9256	12304
-9255	15465
-9254	9254
-9253	17381
-9252	9252
-9251	16473
-9250	13314
-9249	12423
-9248	12296
-9247	15457
-9246	9246
-9245	16467
-9244	13308
-9243	12417
-9242	15338
-9241	12415
-9240	12288
-9239	15449
-9238	13302
-9237	12411
-9236	13284
-9235	12409
-9234	12270
-9233	15455
-9232	15304
-9231	12405
-9230	13278
-9229	12403
-9228	9228
-9227	16465
-9226	12262
-9225	15447
-9224	13272
-9223	12397
-9222	9222
-9221	16305
-9220	9220
-9219	15291
-9218	12254
-9217	15439
-9216	9216
-9215	13263
-9214	9214
-9213	12249
-9212	9212
-9211	15283
-9210	12258
-9209	13257
-9208	9208
-9207	9207
-9206	9206
-9205	12241
-9204	13268
-9203	13251
-9202	12250
-9201	9201
-9200	9200
-9199	9199
-9198	13262
-9197	12233
-9196	15292
-9195	9195
-9194	12242
-9193	9193
-9192	13256
-9191	9191
-9190	17318
-9189	9189
-9188	15284
-9187	12235
-9186	13418
-9185	9185
-9184	16452
-9183	9183
-9182	17462
-9181	13245
-9180	13412
-9179	12227
-9178	13410
-9177	9177
-9176	16444
-9175	13239
-9174	13406
-9173	15269
-9172	13404
-9171	12219
-9170	13402
-9169	13233
-9168	13400
-9167	16389
-9166	13398
-9165	12339
-9164	16444
-9163	15373
-9162	13394
-9161	16383
-9160	13392
-9159	12333
-9158	16242
-9157	12331
-9156	15228
-9155	15365
-9154	13386
-9153	12327
-9152	13200
-9151	12325
-9150	12186
-9149	12323
-9148	15220
-9147	12321
-9146	13194
-9145	12319
-9144	9144
-9143	12317
-9142	12178
-9141	15363
-9140	13188
-9139	12313
-9138	9138
-9137	12311
-9136	9136
-9135	16373
-9134	12170
-9133	15355
-9132	9132
-9131	12305
-9130	9130
-9129	16367
-9128	9128
-9127	18397
-9126	9126
-9125	15209
-9124	9124
-9123	13355
-9122	9122
-9121	16389
-9120	9120
-9119	15215
-9118	12166
-9117	13349
-9116	9116
-9115	13347
-9114	9114
-9113	16381
-9112	13176
-9111	13343
-9110	12158
-9109	13341
-9108	9108
-9107	13339
-9106	13170
-9105	13337
-9104	15200
-9103	13335
-9102	12150
-9101	13333
-9100	13164
-9099	13331
-9098	17226
-9097	13329
-9096	15192
-9095	16375
-9094	15442
-9093	13325
-9092	17220
-9091	13323
-9090	15438
-9089	16311
-9088	15436
-9087	15297
-9086	15434
-9085	13133
-9084	15432
-9083	16183
-9082	15430
-9081	12255
-9080	15428
-9079	15289
-9078	15426
-9077	13141
-9076	15424
-9075	12249
-9074	15422
-9073	12247
-9072	18468
-9071	15281
-9070	15418
-9069	12243
-9068	15140
-9067	12241
-9066	16334
-9065	12239
-9064	16160
-9063	12237
-9062	12098
-9061	12235
-9060	13292
-9059	12233
-9058	16326
-9057	12231
-9056	12104
-9055	12229
-9054	13286
-9053	12227
-9052	13284
-9051	12225
-9050	15146
-9049	15271
-9048	13280
-9047	12221
-9046	13278
-9045	12219
-9044	13276
-9043	16281
-9042	13274
-9041	15125
-9040	13272
-9039	12213
-9038	13270
-9037	16275
-9036	13268
-9035	15131
-9034	13266
-9033	15117
-9032	13264
-9031	16269
-9030	13262
-9029	17157
-9028	13260
-9027	15123
-9026	16306
-9025	17489
-9024	13256
-9023	17151
-9022	13070
-9021	17485
-9020	16120
-9019	17483
-9018	15366
-9017	17481
-9016	13064
-9015	17479
-9014	13078
-9013	17477
-9012	15360
-9011	17475
-9010	15358
-9009	17105
-9008	13072
-9007	16091
-9006	15354
-9005	15077
-9004	15352
-9003	19445
-9002	15350
-9001	13049
-9000	15348
-8999	12035
-8998	15346
-8997	16403
-8996	15344
-8995	16091
-8994	15342
-8993	8993
-8992	15340
-8991	16091
-8990	15338
-8989	16395
-8988	15336
-8987	12035
-8986	15334
-8985	13049
-8984	15056
-8983	16389
-8982	15330
-8981	15077
-8980	16076
-8979	16091
-8978	12014
-8977	16383
-8976	15048
-8975	16381
-8974	17086
-8973	16379
-8972	12020
-8971	16377
-8970	12006
-8969	16375
-8968	17080
-8967	16373
-8966	15062
-8965	16049
-8964	12012
-8963	15035
-8962	16062
-8961	16367
-8960	17088
-8959	13007
-8958	15054
-8957	15041
-8956	16068
-8955	15027
-8954	17082
-8953	13001
-8952	17416
-8951	13015
-8950	17414
-8949	15033
-8948	17412
-8947	12995
-8946	17042
-8945	13009
-8944	16028
-8943	15039
-8942	15014
-8941	15025
-8940	17036
-8939	13003
-8938	12986
-8937	17065
-8936	11972
-8935	15031
-8934	18054
-8933	16045
-8932	12980
-8931	17059
-8930	8930
-8929	18073
-8928	16028
-8927	18035
-8926	16022
-8925	17021
-8924	8924
-8923	16007
-8922	12986
-8921	14993
-8920	18052
-8919	17015
-8918	11966
-8917	12965
-8916	12980
-8915	11951
-8914	17042
-8913	14985
-8912	15008
-8911	16007
-8910	16022
-8909	8909
-8908	17036
-8907	11943
-8906	18014
-8905	17017
-8904	17000
-8903	11951
-8902	15986
-8901	8901
-8900	14972
-8899	15999
-8898	16994
-8897	14993
-8896	12944
-8895	11943
-8894	11930
-8893	12957
-8892	14964
-8891	17019
-8890	12938
-8889	14985
-8888	11936
-8887	15999
-8886	11922
-8885	17013
-8884	12932
-8883	16979
-8882	12946
-8881	15965
-8880	11928
-8879	14951
-8878	11914
-8877	16973
-8876	12940
-8875	12923
-8874	14970
-8873	11909
-8872	11920
-8871	14943
-8870	12934
-8869	12917
-8868	16996
-8867	8867
-8866	14962
-8865	14949
-8864	15976
-8863	12911
-8862	16958
-8861	8861
-8860	15944
-8859	12923
-8858	14930
-8857	14941
-8856	16952
-8855	8855
-8854	12902
-8853	12917
-8852	11888
-8851	14947
-8850	14922
-8849	11897
-8848	12896
-8847	12911
-8846	8846
-8845	16973
-8844	11880
-8843	14939
-8842	15938
-8841	15953
-8840	8840
-8839	15923
-8838	8838
-8837	14909
-8836	15936
-8835	16931
-8834	11882
-8833	12881
-8832	8832
-8831	11867
-8830	12894
-8829	14901
-8828	14924
-8827	12875
-8826	11874
-8825	8825
-8824	12888
-8823	11859
-8822	16950
-8821	12869
-8820	14916
-8819	11867
-8818	15902
-8817	8817
-8816	14888
-8815	11851
-8814	16910
-8813	12877
-8812	12860
-8811	11859
-8810	11846
-8809	8809
-8808	14880
-8807	12871
-8806	12854
-8805	14901
-8804	8804
-8803	11851
-8802	11838
-8801	12865
-8800	12848
-8799	16895
-8798	8798
-8797	14893
-8796	11844
-8795	14867
-8794	11830
-8793	16889
-8792	8792
-8791	12839
-8790	12854
-8789	11825
-8788	11836
-8787	14859
-8786	8786
-8785	12833
-8784	12848
-8783	8783
-8782	14878
-8781	11817
-8780	11828
-8779	12827
-8778	12842
-8777	8777
-8776	15860
-8775	8775
-8774	14846
-8773	14857
-8772	15884
-8771	8771
-8770	12818
-8769	8769
-8768	11804
-8767	12831
-8766	14838
-8765	11813
-8764	12812
-8763	8763
-8762	8762
-8761	12825
-8760	11796
-8759	14855
-8758	12806
-8757	11805
-8756	8756
-8755	12819
-8754	8754
-8753	16881
-8752	11788
-8751	14847
-8750	11798
-8749	15861
-8748	8748
-8747	14957
-8746	8746
-8745	17889
-8744	12808
-8743	15965
-8742	11790
-8741	11915
-8740	8740
-8739	14949
-8738	12802
-8737	15959
-8736	14832
-8735	11909
-8734	11782
-8733	11907
-8732	12796
-8731	14941
-8730	16826
-8729	11903
-8728	12776
-8727	14949
-8726	11762
-8725	11899
-8724	14796
-8723	11897
-8722	12770
-8721	15959
-8720	8720
-8719	14941
-8718	11754
-8717	11891
-8716	12764
-8715	15953
-8714	8714
-8713	15797
-8712	8712
-8711	14783
-8710	11746
-8709	15947
-8708	8708
-8707	12755
-8706	8706
-8705	11741
-8704	11752
-8703	14775
-8702	8702
-8701	12749
-8700	8700
-8699	8699
-8698	12762
-8697	11733
-8696	11744
-8695	12743
-8694	8694
-8693	8693
-8692	12756
-8691	8691
-8690	14786
-8689	11725
-8688	11736
-8687	8687
-8686	12750
-8685	8685
-8684	15952
-8683	8683
-8682	14778
-8681	11729
-8680	15792
-8679	8679
-8678	12910
-8677	8677
-8676	15944
-8675	12739
-8674	16954
-8673	11721
-8672	12904
-8671	8671
-8670	12902
-8669	12733
-8668	15936
-8667	14763
-8666	12898
-8665	11713
-8664	12896
-8663	12727
-8662	12894
-8661	16789
-8660	12892
-8659	14755
-8658	15938
-8657	11831
-8656	12888
-8655	14865
-8654	12886
-8653	15875
-8652	16748
-8651	11825
-8650	15734
-8649	11823
-8648	12880
-8647	14857
-8646	16742
-8645	11819
-8644	12692
-8643	11817
-8642	11678
-8641	11815
-8640	14712
-8639	11813
-8638	12686
-8637	11811
-8636	8636
-8635	14857
-8634	11670
-8633	11807
-8632	12680
-8631	11805
-8630	8630
-8629	15867
-8628	8628
-8627	14849
-8626	11662
-8625	11799
-8624	8624
-8623	15861
-8622	8622
-8621	15889
-8620	8620
-8619	14841
-8618	8618
-8617	15717
-8616	8616
-8615	12847
-8614	8614
-8613	15881
-8612	11660
-8611	15723
-8610	8610
-8609	12841
-8608	8608
-8607	12839
-8606	12670
-8605	15873
-8604	11652
-8603	12835
-8602	8602
-8601	12833
-8600	12664
-8599	12831
-8598	14694
-8597	12829
-8596	11644
-8595	12827
-8594	12658
-8593	12825
-8592	16720
-8591	12823
-8590	14686
-8589	15869
-8588	14936
-8587	12819
-8586	14934
-8585	12817
-8584	17728
-8583	16879
-8582	14930
-8581	15803
-8580	14928
-8579	12811
-8578	14926
-8577	16689
-8576	14924
-8575	15797
-8574	14922
-8573	11747
-8572	14920
-8571	14781
-8570	14918
-8569	15791
-8568	14916
-8567	11741
-8566	17962
-8565	11739
-8564	14912
-8563	14773
-8562	14910
-8561	11735
-8560	16840
-8559	11733
-8558	15826
-8557	11731
-8556	12604
-8555	11729
-8554	15654
-8553	11727
-8552	12784
-8551	11725
-8550	15646
-8549	11723
-8548	12612
-8547	11721
-8546	12778
-8545	11719
-8544	12776
-8543	14765
-8542	15654
-8541	11715
-8540	12772
-8539	11713
-8538	12770
-8537	15775
-8536	12768
-8535	14757
-8534	12766
-8533	11569
-8532	12764
-8531	15769
-8530	12762
-8529	17799
-8528	12760
-8527	11575
-8526	12758
-8525	15625
-8524	12756
-8523	16987
-8522	12754
-8521	14617
-8520	15800
-8519	15631
-8518	12750
-8517	16981
-8516	12748
-8515	16979
-8514	16626
-8513	16977
-8512	14596
-8511	16975
-8510	12742
-8509	16973
-8508	16620
-8507	16971
-8506	14602
-8505	16969
-8504	14588
-8503	16967
-8502	14850
-8501	16597
-8500	16628
-8499	15583
-8498	14594
-8497	17617
-8496	14844
-8495	16591
-8494	14842
-8493	12541
-8492	14840
-8491	15591
-8490	14838
-8489	15895
-8488	14836
-8487	12535
-8486	14834
-8485	12549
-8484	14832
-8483	15889
-8482	14830
-8481	15577
-8480	14828
-8479	12543
-8478	14826
-8477	15883
-8476	14548
-8475	15881
-8474	17870
-8473	15585
-8472	12520
-8471	15877
-8470	11506
-8469	15875
-8468	16932
-8467	15873
-8466	15562
-8465	15871
-8464	8464
-8463	15869
-8462	15562
-8461	15867
-8460	16924
-8459	15865
-8458	11506
-8457	15541
-8456	12520
-8455	14527
-8454	16918
-8453	15859
-8452	14548
-8451	15547
-8450	15562
-8449	11485
-8448	16576
-8447	14519
-8446	16910
-8445	16557
-8444	16908
-8443	11491
-8442	16906
-8441	11477
-8440	16904
-8439	16551
-8438	16534
-8437	14533
-8436	15520
-8435	11483
-8434	14506
-8433	15533
-8432	16528
-8431	16559
-8430	12478
-8429	14525
-8428	14512
-8427	15539
-8426	14498
-8425	16553
-8424	12472
-8423	17567
-8422	12486
-8421	17943
-8420	14504
-8419	17527
-8418	12466
-8417	16513
-8416	12480
-8415	15499
-8414	14510
-8413	14485
-8412	14496
-8411	16507
-8410	12474
-8409	12457
-8408	16536
-8407	11443
-8406	14502
-8405	17525
-8404	15516
-8403	12451
-8402	16530
-8401	8401
-8400	17544
-8399	15499
-8398	17506
-8397	15493
-8396	16492
-8395	8395
-8394	15478
-8393	12457
-8392	14464
-8391	17523
-8390	16486
-8389	11437
-8388	12436
-8387	12451
-8386	11422
-8385	16513
-8384	14456
-8383	14479
-8382	15478
-8381	15493
-8380	8380
-8379	16507
-8378	11414
-8377	17485
-8376	16488
-8375	16471
-8374	11422
-8373	15457
-8372	8372
-8371	14443
-8370	15470
-8369	16465
-8368	14464
-8367	12415
-8366	11414
-8365	11401
-8364	12428
-8363	14435
-8362	16490
-8361	12409
-8360	14456
-8359	11407
-8358	15470
-8357	11393
-8356	16484
-8355	12403
-8354	16450
-8353	12417
-8352	15436
-8351	11399
-8350	14422
-8349	11385
-8348	16444
-8347	12411
-8346	12394
-8345	14441
-8344	11380
-8343	11391
-8342	14414
-8341	12405
-8340	12388
-8339	16467
-8338	8338
-8337	14433
-8336	14420
-8335	15447
-8334	12382
-8333	16429
-8332	8332
-8331	15415
-8330	12394
-8329	14401
-8328	14412
-8327	16423
-8326	8326
-8325	12373
-8324	12388
-8323	11359
-8322	14418
-8321	14393
-8320	11368
-8319	12367
-8318	12382
-8317	8317
-8316	16444
-8315	11351
-8314	14410
-8313	15409
-8312	15424
-8311	8311
-8310	15394
-8309	8309
-8308	14380
-8307	15407
-8306	16402
-8305	11353
-8304	12352
-8303	8303
-8302	11338
-8301	12365
-8300	14372
-8299	14395
-8298	12346
-8297	11345
-8296	8296
-8295	12359
-8294	11330
-8293	16421
-8292	12340
-8291	14387
-8290	11338
-8289	15373
-8288	8288
-8287	14359
-8286	11322
-8285	16381
-8284	12348
-8283	12331
-8282	11330
-8281	11317
-8280	8280
-8279	14351
-8278	12342
-8277	12325
-8276	14372
-8275	8275
-8274	11322
-8273	11309
-8272	12336
-8271	12319
-8270	16366
-8269	8269
-8268	14364
-8267	11315
-8266	14338
-8265	11301
-8264	16360
-8263	8263
-8262	12310
-8261	12325
-8260	11296
-8259	11307
-8258	14330
-8257	8257
-8256	12304
-8255	12319
-8254	8254
-8253	14349
-8252	11288
-8251	11299
-8250	12298
-8249	12313
-8248	8248
-8247	16375
-8246	8246
-8245	14341
-8244	14328
-8243	15355
-8242	8242
-8241	15463
-8240	8240
-8239	14449
-8238	12302
-8237	17483
-8236	11284
-8235	15457
-8234	8234
-8233	11407
-8232	12296
-8231	14441
-8230	14326
-8229	15451
-8228	11276
-8227	11401
-8226	12290
-8225	11399
-8224	14296
-8223	14433
-8222	14318
-8221	14443
-8220	12268
-8219	11393
-8218	11254
-8217	11391
-8216	14288
-8215	15453
-8214	12262
-8213	14435
-8212	8212
-8211	11385
-8210	11246
-8209	15447
-8208	12256
-8207	16303
-8206	8206
-8205	14427
-8204	8204
-8203	14275
-8202	11238
-8201	16297
-8200	8200
-8199	12247
-8198	11246
-8197	11233
-8196	8196
-8195	14267
-8194	8194
-8193	12241
-8192	12256
-8191	8191
-8190	11238
-8189	11225
-8188	8188
-8187	12235
-8186	12250
-8185	8185
-8184	14280
-8183	8183
-8182	11230
-8181	11217
-8180	12244
-8179	8179
-8178	16306
-8177	8177
-8176	14272
-8175	11223
-8174	15286
-8173	8173
-8172	16300
-8171	8171
-8170	12402
-8169	12233
-8168	15436
-8167	11215
-8166	16446
-8165	8165
-8164	12396
-8163	12227
-8162	12394
-8161	14257
-8160	15428
-8159	11207
-8158	12390
-8157	12221
-8156	12388
-8155	14365
-8154	12386
-8153	14249
-8152	15432
-8151	15263
-8150	12382
-8149	11323
-8148	12380
-8147	14357
-8146	16442
-8145	15367
-8144	15424
-8143	11317
-8142	12374
-8141	11315
-8140	14212
-8139	14349
-8138	16234
-8137	11311
-8136	12184
-8135	11309
-8134	11170
-8133	11307
-8132	14204
-8131	11305
-8130	12178
-8129	14351
-8128	8128
-8127	11301
-8126	11162
-8125	11299
-8124	12172
-8123	15361
-8122	8122
-8121	14343
-8120	8120
-8119	11293
-8118	11154
-8117	15355
-8116	8116
-8115	16395
-8114	8114
-8113	14335
-8112	8112
-8111	15349
-8110	8110
-8109	16389
-8108	8108
-8107	12339
-8106	11154
-8105	15373
-8104	8104
-8103	16231
-8102	8102
-8101	12333
-8100	12164
-8099	12331
-8098	11146
-8097	15365
-8096	8096
-8095	12327
-8094	12158
-8093	12325
-8092	14188
-8091	12323
-8090	11138
-8089	12321
-8088	12152
-8087	12319
-8086	14434
-8085	12317
-8084	14180
-8083	15363
-8082	15194
-8081	12313
-8080	14428
-8079	12311
-8078	14426
-8077	16373
-8076	17460
-8075	15355
-8074	14422
-8073	12305
-8072	14420
-8071	14281
-8070	14418
-8069	17315
-8068	14416
-8067	14151
-8066	14414
-8065	11239
-8064	14412
-8063	14273
-8062	14410
-8061	14157
-8060	17456
-8059	11233
-8058	14406
-8057	11231
-8056	14404
-8055	14265
-8054	18466
-8053	11227
-8052	16332
-8051	11225
-8050	14398
-8049	11223
-8048	16160
-8047	11221
-8046	16326
-8045	11219
-8044	12276
-8043	11217
-8042	15310
-8041	11215
-8040	16168
-8039	11213
-8038	12270
-8037	14259
-8036	12268
-8035	11209
-8034	15302
-8033	11207
-8032	12264
-8031	15269
-8030	12262
-8029	14251
-8028	12260
-8027	11201
-8026	12258
-8025	15125
-8024	12256
-8023	16487
-8022	12254
-8021	14243
-8020	12252
-8019	12083
-8018	12250
-8017	16481
-8016	12248
-8015	16479
-8014	15294
-8013	15125
-8012	12244
-8011	16139
-8010	12242
-8009	16473
-8008	16304
-8007	16471
-8006	15102
-8005	16469
-8004	11040
-8003	16467
-8002	14350
-8001	16465
-8000	17384
-7999	16463
-7998	11046
-7997	16461
-7996	14344
-7995	16459
-7994	14342
-7993	16089
-7992	14088
-7991	18123
-7990	14338
-7989	14061
-7988	14336
-7987	16083
-7986	14334
-7985	16097
-7984	14332
-7983	14067
-7982	14330
-7981	14053
-7980	14328
-7979	16091
-7978	14326
-7977	14073
-7976	14324
-7975	14059
-7974	14322
-7973	15379
-7972	14320
-7971	16099
-7970	14318
-7969	14065
-7968	17088
-7967	15373
-7966	14314
-7965	15371
-7964	12012
-7963	15369
-7962	15062
-7961	15367
-7960	16424
-7959	15365
-7958	12006
-7957	15363
-7956	12020
-7955	15361
-7954	16418
-7953	15359
-7952	15048
-7951	15357
-7950	12014
-7949	15033
-7948	16076
-7947	14019
-7946	16410
-7945	18399
-7944	15056
-7943	11991
-7942	16070
-7941	10977
-7940	16404
-7939	17461
-7938	16402
-7937	15033
-7936	16400
-7935	7935
-7934	16398
-7933	15033
-7932	16396
-7931	17453
-7930	16026
-7929	10977
-7928	15012
-7927	11991
-7926	13998
-7925	17447
-7924	16020
-7923	14019
-7922	15018
-7921	15033
-7920	10956
-7919	16047
-7918	13990
-7917	17061
-7916	16028
-7915	17437
-7914	10962
-7913	17435
-7912	10948
-7911	17019
-7910	16022
-7909	16005
-7908	14004
-7907	14991
-7906	10954
-7905	13977
-7904	15004
-7903	15999
-7902	16030
-7901	11949
-7900	13996
-7899	13983
-7898	15010
-7897	13969
-7896	16024
-7895	11943
-7894	17038
-7893	11957
-7892	18012
-7891	13975
-7890	16998
-7889	11937
-7888	15984
-7887	11951
-7886	14970
-7885	13981
-7884	13956
-7883	13967
-7882	15978
-7881	11945
-7880	11928
-7879	16007
-7878	10914
-7877	13973
-7876	16996
-7875	14987
-7874	11922
-7873	16001
-7872	7872
-7871	17015
-7870	14970
-7869	16977
-7868	14964
-7867	15963
-7866	7866
-7865	14949
-7864	11928
-7863	13935
-7862	16994
-7861	15957
-7860	10908
-7859	11907
-7858	11922
-7857	10893
-7856	15984
-7855	13927
-7854	13950
-7853	14949
-7852	14964
-7851	7851
-7850	15978
-7849	10885
-7848	16956
-7847	15959
-7846	15942
-7845	10893
-7844	14928
-7843	7843
-7842	13914
-7841	14941
-7840	15936
-7839	13935
-7838	11886
-7837	10885
-7836	10872
-7835	11899
-7834	13906
-7833	15961
-7832	11880
-7831	13927
-7830	10878
-7829	14941
-7828	10864
-7827	15955
-7826	11874
-7825	15921
-7824	11888
-7823	14907
-7822	10870
-7821	13893
-7820	10856
-7819	15915
-7818	11882
-7817	11865
-7816	13912
-7815	10851
-7814	10862
-7813	13885
-7812	11876
-7811	11859
-7810	15938
-7809	7809
-7808	13904
-7807	13891
-7806	14918
-7805	11853
-7804	15900
-7803	7803
-7802	14886
-7801	11865
-7800	13872
-7799	13883
-7798	15894
-7797	7797
-7796	11844
-7795	11859
-7794	10830
-7793	13889
-7792	13864
-7791	10839
-7790	11838
-7789	11853
-7788	7788
-7787	15915
-7786	10822
-7785	13881
-7784	14880
-7783	14895
-7782	7782
-7781	14865
-7780	7780
-7779	13851
-7778	14878
-7777	15873
-7776	10824
-7775	11823
-7774	7774
-7773	10809
-7772	11836
-7771	13843
-7770	13866
-7769	11817
-7768	10816
-7767	7767
-7766	11830
-7765	10801
-7764	15892
-7763	11811
-7762	13858
-7761	10809
-7760	14844
-7759	7759
-7758	13830
-7757	10793
-7756	15852
-7755	11819
-7754	11802
-7753	10801
-7752	10788
-7751	7751
-7750	13822
-7749	11813
-7748	11796
-7747	13843
-7746	7746
-7745	10793
-7744	10780
-7743	11807
-7742	11790
-7741	15869
-7740	7740
-7739	13835
-7738	10786
-7737	14849
-7736	10772
-7735	15863
-7734	7734
-7733	14955
-7732	11796
-7731	13941
-7730	10778
-7729	16975
-7728	7728
-7727	14949
-7726	11790
-7725	10899
-7724	13820
-7723	13933
-7722	10770
-7721	14943
-7720	11784
-7719	10893
-7718	14802
-7717	10891
-7716	13788
-7715	16973
-7714	14826
-7713	10887
-7712	11760
-7711	10885
-7710	10746
-7709	14947
-7708	13780
-7707	13929
-7706	11754
-7705	10879
-7704	7704
-7703	14941
-7702	10738
-7701	16809
-7700	11748
-7699	13921
-7698	7698
-7697	14781
-7696	7696
-7695	13767
-7694	10730
-7693	15789
-7692	10740
-7691	11739
-7690	7690
-7689	10725
-7688	7688
-7687	13759
-7686	11750
-7685	11733
-7684	10732
-7683	7683
-7682	7682
-7681	10717
-7680	11744
-7679	11727
-7678	13774
-7677	7677
-7676	10724
-7675	7675
-7674	11738
-7673	10709
-7672	15800
-7671	7671
-7670	13766
-7669	10717
-7668	14780
-7667	7667
-7666	15794
-7665	7665
-7664	15944
-7663	11727
-7662	11894
-7661	10709
-7660	14928
-7659	7659
-7658	15938
-7657	11721
-7656	11888
-7655	13751
-7654	11886
-7653	10701
-7652	14920
-7651	11715
-7650	11882
-7649	14871
-7648	11880
-7647	13743
-7646	14926
-7645	14757
-7644	11876
-7643	14865
-7642	11874
-7641	10815
-7640	15936
-7639	13849
-7638	14918
-7637	14859
-7636	11868
-7635	10809
-7634	14718
-7633	10807
-7632	13704
-7631	13841
-7630	14910
-7629	10803
-7628	11676
-7627	10801
-7626	10662
-7625	10799
-7624	13696
-7623	13845
-7622	11670
-7621	10795
-7620	7620
-7619	10793
-7618	10654
-7617	14855
-7616	11664
-7615	13837
-7614	7614
-7613	10787
-7612	7612
-7611	14849
-7610	10646
-7609	16879
-7608	7608
-7607	13829
-7606	7606
-7605	14843
-7604	7604
-7603	17907
-7602	7602
-7601	15881
-7600	10648
-7599	11831
-7598	7598
-7597	14865
-7596	7596
-7595	15875
-7594	11658
-7593	11825
-7592	10640
-7591	11823
-7590	7590
-7589	14857
-7588	11652
-7587	11819
-7586	13682
-7585	11817
-7584	10632
-7583	11815
-7582	11646
-7581	11813
-7580	15708
-7579	11811
-7578	13674
-7577	14857
-7576	14688
-7575	11807
-7574	15702
-7573	11805
-7572	13920
-7571	15867
-7570	13918
-7569	14849
-7568	16952
-7567	11799
-7566	13914
-7565	14787
-7564	13912
-7563	13773
-7562	13910
-7561	14657
-7560	13908
-7559	14659
-7558	13906
-7557	10731
-7556	13904
-7555	13765
-7554	16950
-7553	14665
-7552	13900
-7551	10725
-7550	13898
-7549	10723
-7548	17852
-7547	13757
-7546	16942
-7545	10719
-7544	13616
-7543	10717
-7542	14810
-7541	10715
-7540	17684
-7539	10713
-7538	13622
-7537	10711
-7536	11768
-7535	10709
-7534	14802
-7533	10707
-7532	13628
-7531	13753
-7530	11762
-7529	10703
-7528	11760
-7527	10701
-7526	14794
-7525	14763
-7524	11756
-7523	13745
-7522	11754
-7521	10695
-7520	11752
-7519	14757
-7518	11750
-7517	16649
-7516	11748
-7515	13737
-7514	11746
-7513	14751
-7512	11744
-7511	15639
-7510	11742
-7509	15973
-7508	14788
-7507	15971
-7506	11738
-7505	15633
-7504	11736
-7503	15967
-7502	15798
-7501	15965
-7500	14780
-7499	15963
-7498	11546
-7497	15961
-7496	14596
-7495	15959
-7494	13842
-7493	15957
-7492	14588
-7491	15955
-7490	11554
-7489	15953
-7488	13836
-7487	15951
-7486	13834
-7485	18629
-7484	14596
-7483	14567
-7482	13830
-7481	13553
-7480	13828
-7479	17921
-7478	13826
-7477	14573
-7476	13824
-7475	10511
-7474	13822
-7473	14879
-7472	13820
-7471	17615
-7470	13818
-7469	10517
-7468	13816
-7467	14567
-7466	13814
-7465	14871
-7464	13812
-7463	13559
-7462	16858
-7461	14573
-7460	13532
-7459	14865
-7458	13806
-7457	14863
-7456	15568
-7455	14861
-7454	13538
-7453	14859
-7452	13524
-7451	14857
-7450	15562
-7449	14855
-7448	13544
-7447	14853
-7446	13530
-7445	14851
-7444	15556
-7443	14849
-7442	15570
-7441	14525
-7440	13536
-7439	16559
-7438	15902
-7437	14843
-7436	15564
-7435	11483
-7434	15898
-7433	14533
-7432	15896
-7431	16551
-7430	15894
-7429	11477
-7428	15892
-7427	11491
-7426	15890
-7425	16557
-7424	15888
-7423	14519
-7422	15518
-7421	11485
-7420	14504
-7419	15547
-7418	13490
-7417	16549
-7416	18560
-7415	14527
-7414	11462
-7413	15541
-7412	10448
-7411	16555
-7410	17546
-7409	16931
-7408	14504
-7407	16929
-7406	7406
-7405	16927
-7404	14504
-7403	16511
-7402	17546
-7401	15497
-7400	10448
-7399	14483
-7398	11462
-7397	13469
-7396	17976
-7395	15491
-7394	13490
-7393	14489
-7392	14504
-7391	10427
-7390	15518
-7389	13461
-7388	16532
-7387	15499
-7386	17546
-7385	10433
-7384	17504
-7383	10419
-7382	16490
-7381	15493
-7380	15476
-7379	13475
-7378	14462
-7377	10425
-7376	13448
-7375	14475
-7374	15470
-7373	15501
-7372	11420
-7371	13467
-7370	13454
-7369	14481
-7368	13440
-7367	15495
-7366	11414
-7365	16509
-7364	11428
-7363	17483
-7362	13446
-7361	16469
-7360	11408
-7359	15455
-7358	11422
-7357	14441
-7356	13452
-7355	13427
-7354	13438
-7353	15449
-7352	11416
-7351	11399
-7350	15478
-7349	10385
-7348	13444
-7347	16467
-7346	14458
-7345	11393
-7344	15472
-7343	7343
-7342	16486
-7341	14441
-7340	16448
-7339	14435
-7338	15434
-7337	7337
-7336	14420
-7335	11399
-7334	13406
-7333	16465
-7332	15428
-7331	10379
-7330	11378
-7329	11393
-7328	10364
-7327	15455
-7326	13398
-7325	13421
-7324	14420
-7323	14435
-7322	7322
-7321	15449
-7320	10356
-7319	16427
-7318	15430
-7317	15413
-7316	10364
-7315	14399
-7314	7314
-7313	13385
-7312	14412
-7311	15407
-7310	13406
-7309	11357
-7308	10356
-7307	10343
-7306	11370
-7305	13377
-7304	15432
-7303	11351
-7302	13398
-7301	10349
-7300	14412
-7299	10335
-7298	15426
-7297	11345
-7296	15392
-7295	11359
-7294	14378
-7293	10341
-7292	13364
-7291	10327
-7290	15386
-7289	11353
-7288	11336
-7287	13383
-7286	10322
-7285	10333
-7284	13356
-7283	11347
-7282	11330
-7281	15409
-7280	7280
-7279	13375
-7278	13362
-7277	14389
-7276	11324
-7275	15371
-7274	7274
-7273	14357
-7272	11336
-7271	13343
-7270	13354
-7269	15365
-7268	7268
-7267	11315
-7266	11330
-7265	10301
-7264	13360
-7263	13335
-7262	10310
-7261	11309
-7260	11324
-7259	7259
-7258	15386
-7257	10293
-7256	13352
-7255	14351
-7254	14366
-7253	7253
-7252	14336
-7251	7251
-7250	13322
-7249	14349
-7248	15344
-7247	10295
-7246	11294
-7245	7245
-7244	10280
-7243	11307
-7242	13314
-7241	13337
-7240	11288
-7239	10287
-7238	7238
-7237	11301
-7236	10272
-7235	15363
-7234	11282
-7233	13329
-7232	10280
-7231	14343
-7230	7230
-7229	15357
-7228	10264
-7227	16371
-7226	11290
-7225	14447
-7224	10272
-7223	13433
-7222	7222
-7221	16467
-7220	11284
-7219	14441
-7218	13314
-7217	10391
-7216	10264
-7215	13425
-7214	11278
-7213	14435
-7212	15308
-7211	10385
-7210	13306
-7209	13431
-7208	13280
-7207	13417
-7206	15302
-7205	10379
-7204	11252
-7203	14441
-7202	10238
-7201	13423
-7200	13272
-7199	10373
-7198	11246
-7197	14435
-7196	7196
-7195	16465
-7194	10230
-7193	13415
-7192	11240
-7191	14429
-7190	7190
-7189	14273
-7188	7188
-7187	13259
-7186	13270
-7185	15281
-7184	7184
-7183	11231
-7182	7182
-7181	10217
-7180	11244
-7179	13251
-7178	10226
-7177	11225
-7176	7176
-7175	7175
-7174	11238
-7173	10209
-7172	13268
-7171	11219
-7170	10218
-7169	7169
-7168	11232
-7167	7167
-7166	15294
-7165	10201
-7164	13260
-7163	10211
-7162	14274
-7161	7161
-7160	14428
-7159	7159
-7158	16302
-7157	11221
-7156	15436
-7155	10203
-7154	11386
-7153	7153
-7152	14420
-7151	11215
-7150	15430
-7149	13245
-7148	11380
-7147	10195
-7146	11378
-7145	11209
-7144	14412
-7143	15271
-7142	11374
-7141	13237
-7140	14420
-7139	13349
-7138	11370
-7137	15265
-7136	11368
-7135	14357
-7134	15430
-7133	10307
-7132	14412
-7131	13341
-7130	11362
-7129	14351
-7128	15224
-7127	10301
-7126	14210
-7125	10299
-7124	13196
-7123	13333
-7122	15218
-7121	10295
-7120	11168
-7119	10293
-7118	10154
-7117	13339
-7116	13188
-7115	10289
-7114	11162
-7113	10287
-7112	7112
-7111	14349
-7110	10146
-7109	13331
-7108	11156
-7107	10281
-7106	7106
-7105	14343
-7104	7104
-7103	16373
-7102	10138
-7101	13323
-7100	7100
-7099	14337
-7098	7098
-7097	14365
-7096	7096
-7095	16365
-7094	10142
-7093	15373
-7092	7092
-7091	11323
-7090	7090
-7089	14357
-7088	11152
-7087	15367
-7086	10134
-7085	11317
-7084	7084
-7083	11315
-7082	11146
-7081	14349
-7080	13176
-7079	11311
-7078	10126
-7077	11309
-7076	11140
-7075	11307
-7074	15202
-7073	11305
-7072	13168
-7071	14351
-7070	13418
-7069	11301
-7068	15196
-7067	11299
-7066	16210
-7065	15361
-7064	13412
-7063	14343
-7062	13410
-7061	11293
-7060	16444
-7059	15355
-7058	13406
-7057	14279
-7056	13404
-7055	13265
-7054	13402
-7053	15165
-7052	13400
-7051	14273
-7050	13398
-7049	10223
-7048	16444
-7047	13257
-7046	13394
-7045	14267
-7044	13392
-7043	10217
-7042	17454
-7041	10215
-7040	16436
-7039	13249
-7038	13386
-7037	10211
-7036	15316
-7035	10209
-7034	14302
-7033	10207
-7032	14128
-7031	10205
-7030	14130
-7029	10203
-7028	11260
-7027	10201
-7026	14294
-7025	13247
-7024	14136
-7023	10197
-7022	11254
-7021	10195
-7020	11252
-7019	14257
-7018	14286
-7017	13239
-7016	11248
-7015	10189
-7014	11246
-7013	14251
-7012	11244
-7011	16281
-7010	11242
-7009	13093
-7008	11240
-7007	14245
-7006	11238
-7005	18307
-7004	11236
-7003	13099
-7002	14282
-7001	15465
-7000	11232
-6999	15463
-6998	11230
-6997	16141
-6996	15292
-6995	15459
-6994	14274
-6993	15457
-6992	11224
-6991	15455
-6990	15102
-6989	15453
-6988	16120
-6987	15451
-6986	13334
-6985	15449
-6984	15096
-6983	15447
-6982	15110
-6981	15445
-6980	13328
-6979	18491
-6978	13326
-6977	15073
-6976	15104
-6975	14059
-6974	13322
-6973	17109
-6972	13320
-6971	17413
-6970	13318
-6969	11017
-6968	13316
-6967	14067
-6966	13314
-6965	14371
-6964	13312
-6963	14059
-6962	13310
-6961	11025
-6960	13308
-6959	14365
-6958	13306
-6957	14363
-6956	16352
-6955	14067
-6954	13302
-6953	14359
-6952	13024
-6951	14357
-6950	17362
-6949	14355
-6948	14044
-6947	14353
-6946	9982
-6945	14351
-6944	15408
-6943	14349
-6942	17086
-6941	14347
-6940	9988
-6939	14345
-6938	14038
-6937	14343
-6936	15400
-6935	14341
-6934	13030
-6933	17065
-6932	14044
-6931	13003
-6930	15394
-6929	14335
-6928	15392
-6927	15039
-6926	15390
-6925	13009
-6924	15388
-6923	12995
-6922	15386
-6921	15033
-6920	15384
-6919	13015
-6918	15382
-6917	13001
-6916	15380
-6915	15027
-6914	15010
-6913	15041
-6912	13996
-6911	13007
-6910	16030
-6909	16431
-6908	15004
-6907	15035
-6906	10954
-6905	16049
-6904	14004
-6903	16425
-6902	16022
-6901	16423
-6900	10948
-6899	16421
-6898	10962
-6897	16419
-6896	16028
-6895	16003
-6894	13990
-6893	14989
-6892	10956
-6891	13975
-6890	15018
-6889	12961
-6888	16020
-6887	18031
-6886	13998
-6885	10933
-6884	15012
-6883	9919
-6882	16026
-6881	17017
-6880	17040
-6879	13975
-6878	17458
-6877	6877
-6876	16996
-6875	13975
-6874	15982
-6873	17017
-6872	14968
-6871	9919
-6870	13954
-6869	10933
-6868	12940
-6867	18031
-6866	14962
-6865	12961
-6864	13960
-6863	13975
-6862	9898
-6861	14989
-6860	12932
-6859	16003
-6858	14970
-6857	17017
-6856	9904
-6855	16975
-6854	9890
-6853	15961
-6852	14964
-6851	14947
-6850	12946
-6849	13933
-6848	9896
-6847	12919
-6846	13946
-6845	14941
-6844	14972
-6843	10891
-6842	12938
-6841	12925
-6840	13952
-6839	12911
-6838	14966
-6837	10885
-6836	15980
-6835	10899
-6834	16954
-6833	12917
-6832	15940
-6831	10879
-6830	14926
-6829	10893
-6828	13912
-6827	12923
-6826	12898
-6825	12909
-6824	14920
-6823	10887
-6822	10870
-6821	14949
-6820	9856
-6819	12915
-6818	15938
-6817	13929
-6816	10864
-6815	14943
-6814	6814
-6813	15957
-6812	13912
-6811	15919
-6810	13906
-6809	14905
-6808	6808
-6807	13891
-6806	10870
-6805	12877
-6804	15936
-6803	14899
-6802	9850
-6801	10849
-6800	10864
-6799	9835
-6798	14926
-6797	12869
-6796	12892
-6795	13891
-6794	13906
-6793	6793
-6792	14920
-6791	9827
-6790	15898
-6789	14901
-6788	14884
-6787	9835
-6786	13870
-6785	6785
-6784	12856
-6783	13883
-6782	14878
-6781	12877
-6780	10828
-6779	9827
-6778	9814
-6777	10841
-6776	12848
-6775	14903
-6774	10822
-6773	12869
-6772	9820
-6771	13883
-6770	9806
-6769	14897
-6768	10816
-6767	14863
-6766	10830
-6765	13849
-6764	9812
-6763	12835
-6762	9798
-6761	14857
-6760	10824
-6759	10807
-6758	12854
-6757	9793
-6756	9804
-6755	12827
-6754	10818
-6753	10801
-6752	14880
-6751	6751
-6750	12846
-6749	12833
-6748	13860
-6747	10795
-6746	14842
-6745	6745
-6744	13828
-6743	10807
-6742	12814
-6741	12825
-6740	14836
-6739	6739
-6738	10786
-6737	10801
-6736	9772
-6735	12831
-6734	12806
-6733	9781
-6732	10780
-6731	10795
-6730	6730
-6729	14857
-6728	9764
-6727	12823
-6726	13822
-6725	13837
-6724	6724
-6723	14851
-6722	6722
-6721	15865
-6720	13820
-6719	16879
-6718	9766
-6717	13939
-6716	6716
-6715	12925
-6714	10778
-6713	15959
-6712	12808
-6711	13933
-6710	9758
-6709	9883
-6708	10772
-6707	12917
-6706	14834
-6705	13927
-6704	12800
-6703	12925
-6702	13786
-6701	9875
-6700	12772
-6699	12909
-6698	14794
-6697	13935
-6696	10744
-6695	12917
-6694	9730
-6693	9867
-6692	12764
-6691	13929
-6690	10738
-6689	15959
-6688	6688
-6687	12909
-6686	9722
-6685	13923
-6684	10732
-6683	14779
-6682	6682
-6681	13765
-6680	9728
-6679	12751
-6678	9714
-6677	14773
-6676	6676
-6675	10723
-6674	10738
-6673	9709
-6672	9720
-6671	12743
-6670	6670
-6669	10717
-6668	10732
-6667	6667
-6666	12762
-6665	9701
-6664	9712
-6663	10711
-6662	10726
-6661	6661
-6660	14788
-6659	6659
-6658	12754
-6657	12741
-6656	13768
-6655	6655
-6654	14782
-6653	6653
-6652	13920
-6651	10715
-6650	16810
-6649	9697
-6648	14928
-6647	6647
-6646	10878
-6645	10709
-6644	13912
-6643	12739
-6642	14922
-6641	9689
-6640	10872
-6639	10703
-6638	10870
-6637	14765
-6636	13904
-6635	12731
-6634	13914
-6633	13745
-6632	10864
-6631	12841
-6630	10862
-6629	15773
-6628	14924
-6627	13849
-6626	13906
-6625	9799
-6624	10856
-6623	12833
-6622	14918
-6621	13843
-6620	14716
-6619	9793
-6618	13702
-6617	9791
-6616	12688
-6615	12825
-6614	14710
-6613	9787
-6612	10660
-6611	12833
-6610	9646
-6609	9783
-6608	12680
-6607	9781
-6606	10654
-6605	13843
-6604	6604
-6603	12825
-6602	9638
-6601	9775
-6600	10648
-6599	13837
-6598	6598
-6597	15867
-6596	6596
-6595	12817
-6594	9630
-6593	13831
-6592	6592
-6591	14871
-6590	6590
-6589	13857
-6588	9636
-6587	16873
-6586	6586
-6585	14865
-6584	6584
-6583	10815
-6582	10646
-6581	13849
-6580	9628
-6579	14859
-6578	6578
-6577	10809
-6576	10640
-6575	10807
-6574	12670
-6573	13841
-6572	9620
-6571	10803
-6570	10634
-6569	10801
-6568	14696
-6567	10799
-6566	12662
-6565	13845
-6564	13676
-6563	10795
-6562	12910
-6561	10793
-6560	15704
-6559	14855
-6558	16718
-6557	13837
-6556	12904
-6555	10787
-6554	12902
-6553	14849
-6552	15936
-6551	16879
-6550	12898
-6549	13771
-6548	12896
-6547	12757
-6546	12894
-6545	15791
-6544	12892
-6543	13765
-6542	15938
-6541	9715
-6540	12888
-6539	12749
-6538	12886
-6537	13759
-6536	16948
-6535	9709
-6534	15930
-6533	9707
-6532	12880
-6531	12741
-6530	16942
-6529	9703
-6528	14808
-6527	9701
-6526	13794
-6525	9699
-6524	14636
-6523	9697
-6522	14802
-6521	9695
-6520	10752
-6519	12741
-6518	13786
-6517	9691
-6516	14644
-6515	9689
-6514	10746
-6513	13751
-6512	10744
-6511	12733
-6510	13778
-6509	9683
-6508	10740
-6507	13745
-6506	10738
-6505	15775
-6504	10736
-6503	12725
-6502	10734
-6501	13601
-6500	10732
-6499	14963
-6498	10730
-6497	15767
-6496	13776
-6495	13607
-6494	10726
-6493	14957
-6492	10724
-6491	14955
-6490	14786
-6489	16649
-6488	13768
-6487	14951
-6486	10718
-6485	14949
-6484	14780
-6483	14947
-6482	16626
-6481	14945
-6480	12564
-6479	14943
-6478	12826
-6477	14941
-6476	15860
-6475	14939
-6474	12570
-6473	17985
-6472	12820
-6471	14935
-6470	12818
-6469	14565
-6468	15612
-6467	17615
-6466	12814
-6465	15585
-6464	12812
-6463	14559
-6462	12810
-6461	14573
-6460	12808
-6459	15591
-6458	12806
-6457	13863
-6456	12804
-6455	14567
-6454	12802
-6453	14581
-6452	12800
-6451	13857
-6450	15846
-6449	13855
-6448	12796
-6447	14575
-6446	12794
-6445	13851
-6444	16580
-6443	13849
-6442	15838
-6441	13847
-6440	10488
-6439	13845
-6438	13538
-6437	13843
-6436	14900
-6435	13841
-6434	13530
-6433	13839
-6432	10496
-6431	13837
-6430	14894
-6429	13835
-6428	14892
-6427	16881
-6426	13538
-6425	13509
-6424	14552
-6423	12495
-6422	14886
-6421	17891
-6420	14884
-6419	13515
-6418	14882
-6417	9453
-6416	14880
-6415	15937
-6414	14878
-6413	16557
-6412	14876
-6411	9459
-6410	14874
-6409	13509
-6408	14872
-6407	15929
-6406	14502
-6405	12501
-6404	16536
-6403	13515
-6402	12474
-6401	15923
-6400	14496
-6399	15543
-6398	14510
-6397	15919
-6396	12480
-6395	15917
-6394	12466
-6393	15915
-6392	14504
-6391	15913
-6390	12486
-6389	15911
-6388	12472
-6387	15495
-6386	14498
-6385	14481
-6384	14512
-6383	13467
-6382	12478
-6381	15501
-6380	16528
-6379	14475
-6378	14506
-6377	10425
-6376	15520
-6375	13475
-6374	16534
-6373	15493
-6372	16952
-6371	10419
-6370	16950
-6369	10433
-6368	16488
-6367	15499
-6366	15474
-6365	13461
-6364	14460
-6363	10427
-6362	13446
-6361	14489
-6360	12432
-6359	15491
-6358	17502
-6357	13469
-6356	10404
-6355	14483
-6354	9390
-6353	15497
-6352	16488
-6351	16511
-6350	13446
-6349	17481
-6348	6348
-6347	16467
-6346	13446
-6345	15453
-6344	16488
-6343	14439
-6342	9390
-6341	13425
-6340	10404
-6339	12411
-6338	17502
-6337	14433
-6336	12432
-6335	13431
-6334	13446
-6333	9369
-6332	14460
-6331	12403
-6330	15474
-6329	14441
-6328	16488
-6327	9375
-6326	16446
-6325	9361
-6324	15432
-6323	14435
-6322	14418
-6321	12417
-6320	13404
-6319	9367
-6318	12390
-6317	13417
-6316	14412
-6315	14443
-6314	10362
-6313	12409
-6312	12396
-6311	13423
-6310	12382
-6309	14437
-6308	10356
-6307	15451
-6306	10370
-6305	16425
-6304	12388
-6303	15411
-6302	10350
-6301	14397
-6300	10364
-6299	13383
-6298	12394
-6297	12369
-6296	12380
-6295	14391
-6294	10358
-6293	10341
-6292	14420
-6291	9327
-6290	12386
-6289	15409
-6288	13400
-6287	10335
-6286	14414
-6285	6285
-6284	15428
-6283	13383
-6282	15390
-6281	13377
-6280	14376
-6279	6279
-6278	13362
-6277	10341
-6276	12348
-6275	15407
-6274	14370
-6273	9321
-6272	10320
-6271	10335
-6270	9306
-6269	14397
-6268	12340
-6267	12363
-6266	13362
-6265	13377
-6264	6264
-6263	14391
-6262	9298
-6261	15369
-6260	14372
-6259	14355
-6258	9306
-6257	13341
-6256	6256
-6255	12327
-6254	13354
-6253	14349
-6252	12348
-6251	10299
-6250	9298
-6249	9285
-6248	10312
-6247	12319
-6246	14374
-6245	10293
-6244	12340
-6243	9291
-6242	13354
-6241	9277
-6240	14368
-6239	10287
-6238	14334
-6237	10301
-6236	13320
-6235	9283
-6234	12306
-6233	9269
-6232	14328
-6231	10295
-6230	10278
-6229	12325
-6228	9264
-6227	9275
-6226	12298
-6225	10289
-6224	10272
-6223	14351
-6222	6222
-6221	12317
-6220	12304
-6219	13331
-6218	10266
-6217	14345
-6216	6216
-6215	15359
-6214	10278
-6213	15459
-6212	12296
-6211	17387
-6210	6210
-6209	13431
-6208	10272
-6207	12417
-6206	12302
-6205	15451
-6204	9252
-6203	13425
-6202	10266
-6201	9375
-6200	14328
-6199	12409
-6198	12294
-6197	16467
-6196	13308
-6195	9369
-6194	13278
-6193	9367
-6192	12264
-6191	16465
-6190	14286
-6189	12411
-6188	10236
-6187	9361
-6186	9222
-6185	13423
-6184	12256
-6183	15453
-6182	10230
-6181	12403
-6180	6180
-6179	13417
-6178	9214
-6177	15285
-6176	10224
-6175	14271
-6174	9222
-6173	13257
-6172	6172
-6171	12243
-6170	9206
-6169	14265
-6168	10232
-6167	10215
-6166	9214
-6165	9201
-6164	6164
-6163	12235
-6162	10226
-6161	10209
-6160	12256
-6159	6159
-6158	9206
-6157	9193
-6156	10220
-6155	10203
-6154	14282
-6153	6153
-6152	12248
-6151	9199
-6150	13262
-6149	9185
-6148	14276
-6147	6147
-6146	14426
-6145	10209
-6144	13412
-6143	9191
-6142	16446
-6141	6141
-6140	14420
-6139	10203
-6138	10370
-6137	12233
-6136	13404
-6135	9183
-6134	14414
-6133	10197
-6132	10364
-6131	14259
-6130	10362
-6129	12225
-6128	16444
-6127	13239
-6126	10358
-6125	13347
-6124	10356
-6123	12333
-6122	14418
-6121	15367
-6120	13400
-6119	13341
-6118	10350
-6117	9291
-6116	14412
-6115	12325
-6114	15222
-6113	13335
-6112	13392
-6111	9285
-6110	13194
-6109	9283
-6108	12180
-6107	12317
-6106	14202
-6105	12327
-6104	10152
-6103	9277
-6102	9138
-6101	9275
-6100	12172
-6099	13337
-6098	10146
-6097	12319
-6096	6096
-6095	9269
-6094	9130
-6093	13331
-6092	10140
-6091	15361
-6090	6090
-6089	12311
-6088	6088
-6087	13325
-6086	9122
-6085	17387
-6084	6084
-6083	14363
-6082	9130
-6081	13349
-6080	6080
-6079	16383
-6078	6078
-6077	14357
-6076	10140
-6075	10307
-6074	9122
-6073	13341
-6072	6072
-6071	14351
-6070	10134
-6069	10301
-6068	12164
-6067	10299
-6066	9114
-6065	13333
-6064	10128
-6063	10295
-6062	14190
-6061	10293
-6060	12156
-6059	13339
-6058	13170
-6057	10289
-6056	14184
-6055	10287
-6054	12402
-6053	14349
-6052	15436
-6051	13331
-6050	16446
-6049	10281
-6048	12396
-6047	14343
-6046	12394
-6045	15291
-6044	15428
-6043	13323
-6042	12390
-6041	13263
-6040	12388
-6039	12249
-6038	12386
-6037	15283
-6036	15432
-6035	13257
-6034	12382
-6033	9207
-6032	12380
-6031	12241
-6030	16442
-6029	13251
-6028	15424
-6027	9201
-6026	12374
-6025	9199
-6024	16328
-6023	12233
-6022	18350
-6021	9195
-6020	14300
-6019	9193
-6018	13286
-6017	9191
-6016	16320
-6015	9189
-6014	14294
-6013	12235
-6012	10244
-6011	9185
-6010	13278
-6009	9183
-6008	14288
-6007	13245
-6006	10238
-6005	12227
-6004	10236
-6003	9177
-6002	13270
-6001	13239
-6000	10232
-5999	15269
-5998	10230
-5997	12219
-5996	10228
-5995	13233
-5994	10226
-5993	17157
-5992	10224
-5991	14455
-5990	13270
-5989	16275
-5988	10220
-5987	14115
-5986	10218
-5985	14449
-5984	14280
-5983	14447
-5982	13262
-5981	17157
-5980	10212
-5979	14443
-5978	14274
-5977	14441
-5976	15360
-5975	14439
-5974	13070
-5973	14437
-5972	13072
-5971	14435
-5970	12318
-5969	14433
-5968	15352
-5967	17479
-5966	13078
-5965	14429
-5964	12312
-5963	14427
-5962	12310
-5961	18121
-5960	15344
-5959	16091
-5958	12306
-5957	12029
-5956	12304
-5955	16397
-5954	12302
-5953	16097
-5952	12300
-5951	12035
-5950	12298
-5949	13355
-5948	12296
-5947	16389
-5946	12294
-5945	12041
-5944	15340
-5943	13349
-5942	12290
-5941	13347
-5940	12288
-5939	15083
-5938	16350
-5937	13343
-5936	15056
-5935	13341
-5934	12282
-5933	13339
-5932	14044
-5931	13337
-5930	15062
-5929	13335
-5928	14392
-5927	13333
-5926	14038
-5925	13331
-5924	14052
-5923	13329
-5922	14386
-5921	16375
-5920	14384
-5919	13325
-5918	14046
-5917	13001
-5916	14380
-5915	16051
-5914	14378
-5913	16367
-5912	14376
-5911	9959
-5910	14374
-5909	13009
-5908	14372
-5907	15429
-5906	14370
-5905	13001
-5904	14368
-5903	9967
-5902	14366
-5901	15423
-5900	14364
-5899	15421
-5898	17042
-5897	13009
-5896	12980
-5895	14023
-5894	11966
-5893	15415
-5892	18052
-5891	15413
-5890	12986
-5889	15411
-5888	8924
-5887	15409
-5886	16022
-5885	15407
-5884	16028
-5883	15405
-5882	8930
-5881	15403
-5880	12980
-5879	14987
-5878	16458
-5877	13973
-5876	11972
-5875	16007
-5874	12986
-5873	11945
-5872	16452
-5871	13967
-5870	15014
-5869	13981
-5868	16028
-5867	11951
-5866	16446
-5865	11937
-5864	16444
-5863	13975
-5862	16442
-5861	11957
-5860	15980
-5859	11943
-5858	14966
-5857	13969
-5856	13952
-5855	13983
-5854	12938
-5853	11949
-5852	14972
-5851	15999
-5850	13946
-5849	13977
-5848	9896
-5847	14991
-5846	12946
-5845	16005
-5844	14964
-5843	17019
-5842	9890
-5841	16973
-5840	9904
-5839	15959
-5838	14970
-5837	14945
-5836	12932
-5835	13931
-5834	9898
-5833	12917
-5832	13960
-5831	11903
-5830	14962
-5829	16973
-5828	12940
-5827	9875
-5826	13954
-5825	8861
-5824	14968
-5823	15959
-5822	15982
-5821	12917
-5820	16952
-5819	5819
-5818	15938
-5817	12917
-5816	14924
-5815	15959
-5814	13910
-5813	8861
-5812	12896
-5811	9875
-5810	11882
-5809	16973
-5808	13904
-5807	11903
-5806	12902
-5805	12917
-5804	8840
-5803	13931
-5802	11874
-5801	14945
-5800	13912
-5799	15959
-5798	8846
-5797	15917
-5796	8832
-5795	14903
-5794	13906
-5793	13889
-5792	11888
-5791	12875
-5790	8838
-5789	11861
-5788	12888
-5787	13883
-5786	13914
-5785	9833
-5784	11880
-5783	11867
-5782	12894
-5781	11853
-5780	13908
-5779	9827
-5778	14922
-5777	9841
-5776	15896
-5775	11859
-5774	14882
-5773	9821
-5772	13868
-5771	9835
-5770	12854
-5769	11865
-5768	11840
-5767	11851
-5766	13862
-5765	9829
-5764	9812
-5763	13891
-5762	8798
-5761	11857
-5760	14880
-5759	12871
-5758	9806
-5757	13885
-5756	5756
-5755	14899
-5754	12854
-5753	14861
-5752	12848
-5751	13847
-5750	5750
-5749	12833
-5748	9812
-5747	11819
-5746	14878
-5745	13841
-5744	8792
-5743	9791
-5742	9806
-5741	8777
-5740	13868
-5739	11811
-5738	11834
-5737	12833
-5736	12848
-5735	5735
-5734	13862
-5733	8769
-5732	14840
-5731	13843
-5730	13826
-5729	8777
-5728	12812
-5727	5727
-5726	11798
-5725	12825
-5724	13820
-5723	11819
-5722	9770
-5721	8769
-5720	8756
-5719	9783
-5718	11790
-5717	13845
-5716	9764
-5715	11811
-5714	8762
-5713	12825
-5712	8748
-5711	13839
-5710	9758
-5709	14853
-5708	9772
-5707	15867
-5706	8754
-5705	14951
-5704	8740
-5703	16973
-5702	9766
-5701	12923
-5700	11796
-5699	11909
-5698	8746
-5697	14943
-5696	9760
-5695	12917
-5694	13822
-5693	8867
-5692	11788
-5691	14949
-5690	12802
-5689	12911
-5688	13784
-5687	8861
-5686	12770
-5685	12923
-5684	11756
-5683	14941
-5682	13778
-5681	8855
-5680	9728
-5679	12917
-5678	8714
-5677	14947
-5676	11748
-5675	11897
-5674	9722
-5673	12911
-5672	5672
-5671	15791
-5670	8706
-5669	14777
-5668	12764
-5667	13763
-5666	5666
-5665	12749
-5664	5664
-5663	11735
-5662	12762
-5661	13757
-5660	8708
-5659	9707
-5658	5658
-5657	8693
-5656	9720
-5655	11727
-5654	11750
-5653	9701
-5652	8700
-5651	5651
-5650	9714
-5649	8685
-5648	13776
-5647	9695
-5646	11742
-5645	8693
-5644	12756
-5643	5643
-5642	13770
-5641	8677
-5640	14784
-5639	9703
-5638	13918
-5637	8685
-5636	12904
-5635	5635
-5634	15938
-5633	9697
-5632	13912
-5631	11727
-5630	9862
-5629	8677
-5628	12896
-5627	9691
-5626	13906
-5625	13753
-5624	9856
-5623	11719
-5622	12902
-5621	12733
-5620	12888
-5619	13747
-5618	9850
-5617	12839
-5616	13912
-5615	11825
-5614	12894
-5613	14859
-5612	9844
-5611	12833
-5610	13906
-5609	8783
-5608	15728
-5607	11817
-5606	12886
-5605	12827
-5604	13700
-5603	8777
-5602	12686
-5601	8775
-5600	11672
-5599	14857
-5598	13694
-5597	8771
-5596	9644
-5595	8769
-5594	8630
-5593	12831
-5592	11664
-5591	11813
-5590	9638
-5589	8763
-5588	5588
-5587	12825
-5586	8622
-5585	14855
-5584	9632
-5583	11805
-5582	5582
-5581	12819
-5580	5580
-5579	15883
-5578	8614
-5577	14847
-5576	8624
-5575	13855
-5574	5574
-5573	12841
-5572	5572
-5571	15875
-5570	9634
-5569	13849
-5568	8616
-5567	9799
-5566	5566
-5565	12833
-5564	9628
-5563	13843
-5562	11658
-5561	9793
-5560	8608
-5559	9791
-5558	9622
-5557	12825
-5556	13684
-5555	9787
-5554	11650
-5553	12833
-5552	12664
-5551	9783
-5550	13678
-5549	9781
-5548	14692
-5547	13843
-5546	11894
-5545	12825
-5544	14928
-5543	9775
-5542	15938
-5541	13837
-5540	11888
-5539	15797
-5538	11886
-5537	12817
-5536	14920
-5535	13831
-5534	11882
-5533	12755
-5532	11880
-5531	11741
-5530	14926
-5529	14775
-5528	11876
-5527	12749
-5526	11874
-5525	8699
-5524	15936
-5523	11733
-5522	14918
-5521	12743
-5520	11868
-5519	8693
-5518	15930
-5517	8691
-5516	15820
-5515	11725
-5514	14910
-5513	8687
-5512	13792
-5511	8685
-5510	12778
-5509	8683
-5508	15652
-5507	11729
-5506	13786
-5505	8679
-5504	9736
-5503	8677
-5502	12770
-5501	12739
-5500	13780
-5499	11721
-5498	9730
-5497	8671
-5496	9728
-5495	12733
-5494	12762
-5493	14763
-5492	9724
-5491	11713
-5490	9722
-5489	12727
-5488	9720
-5487	16789
-5486	9718
-5485	14617
-5484	12764
-5483	13947
-5482	9714
-5481	16783
-5480	9712
-5479	14623
-5478	13774
-5477	13941
-5476	12756
-5475	13939
-5474	9706
-5473	16973
-5472	13768
-5471	13935
-5470	15798
-5469	13933
-5468	12748
-5467	13931
-5466	13578
-5465	13929
-5464	15860
-5463	13927
-5462	11810
-5461	16973
-5460	14844
-5459	13923
-5458	13586
-5457	13921
-5456	11804
-5455	17983
-5454	11802
-5453	16597
-5452	14836
-5451	12535
-5450	11798
-5449	15585
-5448	11796
-5447	15889
-5446	11794
-5445	12541
-5444	11792
-5443	12543
-5442	11790
-5441	12847
-5440	11788
-5439	15583
-5438	14834
-5437	12549
-5436	11784
-5435	12841
-5434	11782
-5433	12839
-5432	15844
-5431	15591
-5430	14826
-5429	12835
-5428	11500
-5427	12833
-5426	15838
-5425	12831
-5424	15568
-5423	12829
-5422	11506
-5421	12827
-5420	13884
-5419	12825
-5418	16918
-5417	12823
-5416	11512
-5415	15869
-5414	13878
-5413	12819
-5412	13876
-5411	12817
-5410	14554
-5409	16557
-5408	13872
-5407	14527
-5406	13870
-5405	12811
-5404	13868
-5403	13515
-5402	13866
-5401	14533
-5400	13864
-5399	14519
-5398	13862
-5397	13509
-5396	13860
-5395	13523
-5394	13858
-5393	14525
-5392	16904
-5391	14913
-5390	13486
-5389	13517
-5388	12472
-5387	14531
-5386	15522
-5385	14907
-5384	16528
-5383	14905
-5382	9430
-5381	14903
-5380	12480
-5379	14901
-5378	15958
-5377	14899
-5376	12472
-5375	14897
-5374	9438
-5373	14895
-5372	15952
-5371	14479
-5370	15514
-5369	16513
-5368	12480
-5367	12451
-5366	13494
-5365	11437
-5364	15944
-5363	17523
-5362	15522
-5361	12457
-5360	15940
-5359	8395
-5358	15938
-5357	15493
-5356	15936
-5355	15499
-5354	15934
-5353	8401
-5352	15472
-5351	12451
-5350	14458
-5349	16987
-5348	13444
-5347	11443
-5346	15478
-5345	12457
-5344	11416
-5343	16507
-5342	13438
-5341	14485
-5340	13452
-5339	15499
-5338	11422
-5337	16513
-5336	11408
-5335	16973
-5334	13446
-5333	16465
-5332	11428
-5331	15451
-5330	11414
-5329	14437
-5328	13440
-5327	13423
-5326	13454
-5325	12409
-5324	11420
-5323	14443
-5322	15470
-5321	13417
-5320	13448
-5319	9367
-5318	14462
-5317	12417
-5316	15476
-5315	14435
-5314	16490
-5313	9361
-5312	16444
-5311	9375
-5310	15430
-5309	14441
-5308	14416
-5307	12403
-5306	13402
-5305	9369
-5304	12388
-5303	13431
-5302	11374
-5301	14433
-5300	16444
-5299	12411
-5298	9346
-5297	13425
-5296	8332
-5295	14439
-5294	15430
-5293	15453
-5292	12388
-5291	16423
-5290	5290
-5289	15409
-5288	12388
-5287	14395
-5286	15430
-5285	13381
-5284	8332
-5283	12367
-5282	9346
-5281	11353
-5280	16444
-5279	13375
-5278	11374
-5277	12373
-5276	12388
-5275	8311
-5274	13402
-5273	11345
-5272	14416
-5271	13383
-5270	15430
-5269	8317
-5268	15388
-5267	8303
-5266	14374
-5265	13377
-5264	13360
-5263	11359
-5262	12346
-5261	8309
-5260	11332
-5259	12359
-5258	13354
-5257	13385
-5256	9304
-5255	11351
-5254	11338
-5253	12365
-5252	11324
-5251	13379
-5250	9298
-5249	14393
-5248	9312
-5247	15367
-5246	11330
-5245	14353
-5244	9292
-5243	13339
-5242	9306
-5241	12325
-5240	11336
-5239	11311
-5238	11322
-5237	13333
-5236	9300
-5235	9283
-5234	13362
-5233	8269
-5232	11328
-5231	14351
-5230	12342
-5229	9277
-5228	13356
-5227	5227
-5226	14370
-5225	12325
-5224	14332
-5223	12319
-5222	13318
-5221	5221
-5220	12304
-5219	9283
-5218	11290
-5217	14349
-5216	13312
-5215	8263
-5214	9262
-5213	9277
-5212	8248
-5211	13339
-5210	11282
-5209	11305
-5208	12304
-5207	12319
-5206	5206
-5205	13333
-5204	8240
-5203	14347
-5202	13314
-5201	15361
-5200	8248
-5199	15457
-5198	5198
-5197	14443
-5196	12296
-5195	16465
-5194	11290
-5193	12415
-5192	8240
-5191	11401
-5190	9254
-5189	14435
-5188	13316
-5187	12409
-5186	11282
-5185	11407
-5184	12296
-5183	11393
-5182	13310
-5181	12403
-5180	13276
-5179	12417
-5178	12262
-5177	11399
-5176	11248
-5175	11385
-5174	13270
-5173	12411
-5172	9220
-5171	14441
-5170	8206
-5169	11391
-5168	11240
-5167	12405
-5166	9214
-5165	16297
-5164	5164
-5163	14433
-5162	11246
-5161	14269
-5160	9208
-5159	13255
-5158	5158
-5157	12241
-5156	9220
-5155	11227
-5154	11238
-5153	13249
-5152	5152
-5151	9199
-5150	9214
-5149	8185
-5148	11244
-5147	11219
-5146	8194
-5145	9193
-5144	9208
-5143	5143
-5142	13270
-5141	8177
-5140	11236
-5139	12235
-5138	12250
-5137	5137
-5136	13264
-5135	5135
-5134	14278
-5133	12233
-5132	15292
-5131	8179
-5130	13410
-5129	5129
-5128	12396
-5127	9191
-5126	15430
-5125	11221
-5124	13404
-5123	8171
-5122	9354
-5121	9185
-5120	12388
-5119	13247
-5118	13398
-5117	11213
-5116	12396
-5115	12227
-5114	9346
-5113	13241
-5112	12380
-5111	14255
-5110	13406
-5109	12331
-5108	12388
-5107	11317
-5106	9338
-5105	14351
-5104	13400
-5103	12325
-5102	15430
-5101	8275
-5100	12380
-5099	11309
-5098	13394
-5097	12319
-5096	13192
-5095	8269
-5094	12178
-5093	11315
-5092	11164
-5091	11301
-5090	13186
-5089	8263
-5088	9136
-5087	12325
-5086	8122
-5085	11307
-5084	11156
-5083	8257
-5082	9130
-5081	12319
-5080	5080
-5079	14349
-5078	8114
-5077	11299
-5076	9124
-5075	12313
-5074	5074
-5073	16375
-5072	5072
-5071	14341
-5070	11154
-5069	15355
-5068	5068
-5067	13347
-5066	5066
-5065	12333
-5064	9128
-5063	15367
-5062	8110
-5061	13341
-5060	5060
-5059	9291
-5058	9122
-5057	12325
-5056	11152
-5055	13335
-5054	8102
-5053	9285
-5052	9116
-5051	9283
-5050	13178
-5049	12317
-5048	11144
-5047	12327
-5046	12158
-5045	9277
-5044	13172
-5043	9275
-5042	14186
-5041	13337
-5040	15200
-5039	12319
-5038	11386
-5037	9269
-5036	14420
-5035	13331
-5034	15430
-5033	15361
-5032	11380
-5031	12311
-5030	11378
-5029	13325
-5028	14412
-5027	16297
-5026	11374
-5025	12247
-5024	14420
-5023	11233
-5022	11370
-5021	14267
-5020	11368
-5019	12241
-5018	15430
-5017	8191
-5016	14412
-5015	11225
-5014	11362
-5013	12235
-5012	15424
-5011	8185
-5010	16326
-5009	8183
-5008	14404
-5007	11217
-5006	15418
-5005	8179
-5004	13284
-5003	8177
-5002	12270
-5001	11223
-5000	15304
-4999	8173
-4998	13278
-4997	8171
-4996	9228
-4995	12233
-4994	12262
-4993	11215
-4992	13272
-4991	8165
-4990	9222
-4989	12227
-4988	9220
-4987	14257
-4986	12254
-4985	11207
-4984	9216
-4983	12221
-4982	9214
-4981	16283
-4980	9212
-4979	14249
-4978	12258
-4977	15125
-4976	9208
-4975	13439
-4974	9206
-4973	16473
-4972	13268
-4971	15131
-4970	12250
-4969	13433
-4968	9200
-4967	13431
-4966	13262
-4965	16465
-4964	15292
-4963	13427
-4962	12242
-4961	13425
-4960	13256
-4959	13423
-4958	17134
-4957	13421
-4956	14088
-4955	16467
-4954	11302
-4953	13417
-4952	14336
-4951	13415
-4950	14094
-4949	17477
-4948	11296
-4947	16459
-4946	11294
-4945	13041
-4944	14328
-4943	16091
-4942	11290
-4941	16395
-4940	11288
-4939	15381
-4938	11286
-4937	13049
-4936	11284
-4935	16099
-4934	11282
-4933	12339
-4932	14328
-4931	15373
-4930	11278
-4929	13057
-4928	11276
-4927	12333
-4926	15338
-4925	12331
-4924	14320
-4923	15365
-4922	11270
-4921	12327
-4920	15056
-4919	12325
-4918	16418
-4917	12323
-4916	12012
-4915	12321
-4914	12014
-4913	12319
-4912	13376
-4911	12317
-4910	15054
-4909	15363
-4908	12020
-4907	12313
-4906	13370
-4905	12311
-4904	13368
-4903	16373
-4902	15062
-4901	15033
-4900	13364
-4899	10971
-4898	13362
-4897	16367
-4896	13360
-4895	15039
-4894	13358
-4893	10977
-4892	13356
-4891	14413
-4890	13354
-4889	17065
-4888	13352
-4887	10983
-4886	16398
-4885	14407
-4884	13348
-4883	14405
-4882	12978
-4881	14025
-4880	16028
-4879	14401
-4878	13998
-4877	14399
-4876	12972
-4875	14397
-4874	12986
-4873	14395
-4872	14004
-4871	14393
-4870	13990
-4869	14391
-4868	12980
-4867	14389
-4866	12994
-4865	14387
-4864	13996
-4863	17019
-4862	15442
-4861	12957
-4860	12988
-4859	11943
-4858	14002
-4857	14993
-4856	15436
-4855	15999
-4854	15434
-4853	8901
-4852	15432
-4851	11951
-4850	15430
-4849	16487
-4848	15428
-4847	11943
-4846	15426
-4845	8909
-4844	14964
-4843	16007
-4842	13950
-4841	14985
-4840	15984
-4839	11951
-4838	11922
-4837	12965
-4836	10908
-4835	16473
-4834	16994
-4833	14993
-4832	11928
-4831	16007
-4830	7866
-4829	16467
-4828	14964
-4827	16465
-4826	14970
-4825	15957
-4824	7872
-4823	14943
-4822	11922
-4821	13929
-4820	16996
-4819	12915
-4818	10914
-4817	14949
-4816	11928
-4815	10887
-4814	15978
-4813	12909
-4812	13956
-4811	12923
-4810	14970
-4809	10893
-4808	15984
-4807	10879
-4806	16950
-4805	12917
-4804	15936
-4803	10899
-4802	14922
-4801	10885
-4800	13908
-4799	12911
-4798	12894
-4797	12925
-4796	11880
-4795	10891
-4794	13914
-4793	14941
-4792	12888
-4791	12919
-4790	8838
-4789	13933
-4788	11888
-4787	14947
-4786	13906
-4785	15961
-4784	8832
-4783	15915
-4782	8846
-4781	14901
-4780	13912
-4779	13887
-4778	11874
-4777	12873
-4776	8840
-4775	11859
-4774	12902
-4773	10845
-4772	13904
-4771	15915
-4770	11882
-4769	8817
-4768	12896
-4767	7803
-4766	13910
-4765	14901
-4764	14924
-4763	11859
-4762	15894
-4761	4761
-4760	14880
-4759	11859
-4758	13866
-4757	14901
-4756	12852
-4755	7803
-4754	11838
-4753	8817
-4752	10824
-4751	15915
-4750	12846
-4749	10845
-4748	11844
-4747	11859
-4746	7782
-4745	12873
-4744	10816
-4743	13887
-4742	12854
-4741	14901
-4740	7788
-4739	14859
-4738	7774
-4737	13845
-4736	12848
-4735	12831
-4734	10830
-4733	11817
-4732	7780
-4731	10803
-4730	11830
-4729	12825
-4728	12856
-4727	8775
-4726	10822
-4725	10809
-4724	11836
-4723	10795
-4722	12850
-4721	8769
-4720	13864
-4719	8783
-4718	14838
-4717	10801
-4716	13824
-4715	8763
-4714	12810
-4713	8777
-4712	11796
-4711	10807
-4710	10782
-4709	10793
-4708	12804
-4707	8771
-4706	8754
-4705	12833
-4704	7740
-4703	10799
-4702	13822
-4701	11813
-4700	8748
-4699	12827
-4698	4698
-4697	13841
-4696	11796
-4695	14855
-4694	11790
-4693	15869
-4692	4692
-4691	14949
-4690	8754
-4689	13935
-4688	13820
-4687	15957
-4686	7734
-4685	11907
-4684	8748
-4683	10893
-4682	12810
-4681	13927
-4680	10776
-4679	14949
-4678	11790
-4677	7851
-4676	12804
-4675	10885
-4674	13782
-4673	15959
-4672	12768
-4671	10893
-4670	11754
-4669	7843
-4668	10740
-4667	14941
-4666	12762
-4665	13935
-4664	8712
-4663	10885
-4662	7698
-4661	11899
-4660	10732
-4659	15961
-4658	8706
-4657	13927
-4656	7704
-4655	14775
-4654	7690
-4653	13761
-4652	8700
-4651	12747
-4650	8714
-4649	11733
-4648	7696
-4647	10719
-4646	7682
-4645	12741
-4644	8708
-4643	8691
-4642	10738
-4641	7677
-4640	7688
-4639	10711
-4638	8702
-4637	8685
-4636	12764
-4635	4635
-4634	10730
-4633	10717
-4632	11744
-4631	8679
-4630	12758
-4629	4629
-4628	13772
-4627	8691
-4626	14786
-4625	10709
-4624	15800
-4623	4623
-4622	12902
-4621	8685
-4620	11888
-4619	10715
-4618	14922
-4617	7665
-4616	12896
-4615	8679
-4614	8846
-4613	12741
-4612	11880
-4611	10707
-4610	15938
-4609	11721
-4608	8840
-4607	12735
-4606	8838
-4605	13749
-4604	15936
-4603	14763
-4602	11882
-4601	11823
-4600	8832
-4599	10809
-4598	12894
-4597	13843
-4596	14924
-4595	11817
-4594	11874
-4593	7767
-4592	12888
-4591	10801
-4590	13698
-4589	11811
-4588	12684
-4587	10809
-4586	11670
-4585	7759
-4584	10656
-4583	10793
-4582	12678
-4581	11819
-4580	8628
-4579	10801
-4578	7614
-4577	7751
-4576	10648
-4575	11813
-4574	8622
-4573	13843
-4572	4572
-4571	10793
-4570	7606
-4569	11807
-4568	8616
-4567	15869
-4566	4566
-4565	13835
-4564	7612
-4563	14849
-4562	7598
-4561	15863
-4560	4560
-4559	12839
-4558	8622
-4557	11825
-4556	7604
-4555	14859
-4554	4554
-4553	12833
-4552	8616
-4551	8783
-4550	10646
-4549	11817
-4548	7596
-4547	12827
-4546	8610
-4545	8777
-4544	12672
-4543	8775
-4542	10638
-4541	14857
-4540	11652
-4539	8771
-4538	12666
-4537	8769
-4536	13680
-4535	12831
-4534	14694
-4533	11813
-4532	14928
-4531	8763
-4530	10878
-4529	12825
-4528	13912
-4527	14855
-4526	14922
-4525	11805
-4524	10872
-4523	12819
-4522	10870
-4521	13767
-4520	13904
-4519	14847
-4518	13914
-4517	11739
-4516	10864
-4515	10725
-4514	10862
-4513	13759
-4512	14924
-4511	11733
-4510	13906
-4509	7683
-4508	10856
-4507	10717
-4506	14918
-4505	11727
-4504	16832
-4503	7677
-4502	13898
-4501	7675
-4500	14804
-4499	10709
-4498	16826
-4497	7671
-4496	12776
-4495	10717
-4494	11762
-4493	7667
-4492	14796
-4491	7665
-4490	12770
-4489	11727
-4488	8720
-4487	10709
-4486	11754
-4485	7659
-4484	12764
-4483	11721
-4482	8714
-4481	13751
-4480	8712
-4479	10701
-4478	11746
-4477	11715
-4476	8708
-4475	15777
-4474	8706
-4473	13743
-4472	11752
-4471	14757
-4470	8702
-4469	15633
-4468	8700
-4467	12931
-4466	12762
-4465	15965
-4464	11744
-4463	15639
-4462	8694
-4461	12925
-4460	12756
-4459	12923
-4458	14786
-4457	15957
-4456	11736
-4455	12919
-4454	12750
-4453	12917
-4452	13836
-4451	12915
-4450	14594
-4449	15961
-4448	14596
-4447	12911
-4446	10794
-4445	12909
-4444	13828
-4443	16971
-4442	14602
-4441	15953
-4440	10788
-4439	12903
-4438	10786
-4437	16597
-4436	13820
-4435	17615
-4434	10782
-4433	13553
-4432	10780
-4431	14873
-4430	10778
-4429	16605
-4428	10776
-4427	13559
-4426	13822
-4425	11831
-4424	10772
-4423	14865
-4422	10770
-4421	13565
-4420	14832
-4419	11825
-4418	13814
-4417	11823
-4416	10764
-4415	14857
-4414	14826
-4413	11819
-4412	16580
-4411	11817
-4410	13806
-4409	11815
-4408	12520
-4407	11813
-4406	15570
-4405	11811
-4404	12868
-4403	14857
-4402	15562
-4401	11807
-4400	12528
-4399	11805
-4398	12862
-4397	15867
-4396	12860
-4395	14849
-4394	15570
-4393	11477
-4392	12856
-4391	14527
-4390	12854
-4389	16947
-4388	12852
-4387	11483
-4386	12850
-4385	11485
-4384	12848
-4383	13905
-4382	12846
-4381	14525
-4380	15892
-4379	11491
-4378	12842
-4377	13899
-4376	12840
-4375	13897
-4374	16534
-4373	14533
-4372	14504
-4371	13893
-4370	10442
-4369	13891
-4368	16528
-4367	13889
-4366	14510
-4365	13887
-4364	10448
-4363	13885
-4362	14498
-4361	13883
-4360	16536
-4359	13881
-4358	10454
-4357	16927
-4356	14504
-4355	13463
-4354	14934
-4353	12449
-4352	13496
-4351	15499
-4350	14510
-4349	13469
-4348	14928
-4347	12443
-4346	14926
-4345	12457
-4344	14924
-4343	13475
-4342	14922
-4341	13461
-4340	14920
-4339	12451
-4338	14918
-4337	12465
-4336	14456
-4335	13467
-4334	16490
-4333	15493
-4332	12428
-4331	12459
-4330	11414
-4329	13473
-4328	14464
-4327	15965
-4326	15470
-4325	15501
-4324	8372
-4323	15961
-4322	11422
-4321	15959
-4320	16488
-4319	15957
-4318	11414
-4317	15449
-4316	8380
-4315	14435
-4314	15478
-4313	13421
-4312	14456
-4311	15455
-4310	11422
-4309	11393
-4308	12436
-4307	10379
-4306	16486
-4305	16465
-4304	14464
-4303	11399
-4302	15478
-4301	7337
-4300	16492
-4299	14435
-4298	16442
-4297	14441
-4296	15428
-4295	7343
-4294	14414
-4293	11393
-4292	13400
-4291	16467
-4290	12386
-4289	10385
-4288	14420
-4287	11399
-4286	10358
-4285	15449
-4284	12380
-4283	13427
-4282	12394
-4281	14441
-4280	10364
-4279	15455
-4278	10350
-4277	16421
-4276	12388
-4275	15407
-4274	10370
-4273	14393
-4272	10356
-4271	13379
-4270	12382
-4269	12365
-4268	12396
-4267	11351
-4266	10362
-4265	13385
-4264	14412
-4263	12359
-4262	12390
-4261	8309
-4260	13404
-4259	11359
-4258	14418
-4257	13377
-4256	15432
-4255	8303
-4254	15386
-4253	8317
-4252	14372
-4251	13383
-4250	13358
-4249	11345
-4248	12344
-4247	8311
-4246	11330
-4245	12373
-4244	10316
-4243	13375
-4242	15386
-4241	11353
-4240	8288
-4239	12367
-4238	7274
-4237	13381
-4236	14372
-4235	14395
-4234	11330
-4233	15365
-4232	4232
-4231	14351
-4230	11330
-4229	13337
-4228	14372
-4227	12323
-4226	7274
-4225	11309
-4224	8288
-4223	10295
-4222	15386
-4221	12317
-4220	10316
-4219	11315
-4218	11330
-4217	7253
-4216	12344
-4215	10287
-4214	13358
-4213	12325
-4212	14372
-4211	7259
-4210	14330
-4209	7245
-4208	13316
-4207	12319
-4206	12302
-4205	10301
-4204	11288
-4203	7251
-4202	10274
-4201	11301
-4200	12296
-4199	12327
-4198	8246
-4197	10293
-4196	10280
-4195	11307
-4194	10266
-4193	12321
-4192	8240
-4191	13335
-4190	8254
-4189	14349
-4188	10272
-4187	15363
-4186	8234
-4185	15455
-4184	8248
-4183	14441
-4182	10278
-4181	13427
-4180	10264
-4179	15449
-4178	8242
-4177	11399
-4176	12304
-4175	10385
-4174	10270
-4173	16467
-4172	11284
-4171	11393
-4170	12298
-4169	7343
-4168	13312
-4167	14441
-4166	13274
-4165	14435
-4164	12260
-4163	7337
-4162	11246
-4161	11399
-4160	10232
-4159	16465
-4158	12254
-4157	10379
-4156	8204
-4155	11393
-4154	7190
-4153	15455
-4152	10224
-4151	13421
-4150	11246
-4149	14435
-4148	4148
-4147	14267
-4146	7182
-4145	13253
-4144	12256
-4143	12239
-4142	7190
-4141	11225
-4140	4140
-4139	10211
-4138	11238
-4137	12233
-4136	10232
-4135	8183
-4134	7182
-4133	7169
-4132	8196
-4131	10203
-4130	12258
-4129	8177
-4128	10224
-4127	7175
-4126	11238
-4125	7161
-4124	12252
-4123	8171
-4122	13266
-4121	8185
-4120	14280
-4119	7167
-4118	14422
-4117	7153
-4116	16308
-4115	8179
-4114	12394
-4113	10209
-4112	11380
-4111	7159
-4110	14414
-4109	8173
-4108	12388
-4107	12235
-4106	8338
-4105	10201
-4104	14420
-4103	11215
-4102	12382
-4101	12229
-4100	8332
-4099	13243
-4098	12394
-4097	13343
-4096	14412
-4095	15271
-4094	8326
-4093	11315
-4092	12388
-4091	10301
-4090	14418
-4089	13335
-4088	11368
-4087	11309
-4086	12382
-4085	7259
-4084	14204
-4083	10293
-4082	13190
-4081	14351
-4080	12176
-4079	7253
-4078	11162
-4077	7251
-4076	10148
-4075	14349
-4074	12170
-4073	10295
-4072	8120
-4071	7245
-4070	7106
-4069	11307
-4068	10140
-4067	13337
-4066	8114
-4065	10287
-4064	4064
-4063	11301
-4062	7098
-4061	15363
-4060	8108
-4059	13329
-4058	7106
-4057	14343
-4056	4056
-4055	14359
-4054	7090
-4053	16371
-4052	8116
-4051	12331
-4050	7098
-4049	11317
-4048	4048
-4047	14351
-4046	8110
-4045	12325
-4044	10140
-4043	8275
-4042	7090
-4041	11309
-4040	8104
-4039	12319
-4038	12166
-4037	8269
-4036	10132
-4035	11315
-4034	11146
-4033	11301
-4032	12160
-4031	8263
-4030	13174
-4029	12325
-4028	13412
-4027	11307
-4026	15202
-4025	8257
-4024	14420
-4023	12319
-4022	10370
-4021	14349
-4020	13404
-4019	11299
-4018	14414
-4017	12313
-4016	10364
-4015	14273
-4014	10362
-4013	13259
-4012	16444
-4011	15281
-4010	10358
-4009	11231
-4008	10356
-4007	10217
-4006	14418
-4005	13251
-4004	13400
-4003	11225
-4002	10350
-4001	7175
-4000	14412
-3999	10209
-3998	16442
-3997	11219
-3996	13392
-3995	7169
-3994	14406
-3993	7167
-3992	14296
-3991	10201
-3990	16318
-3989	10211
-3988	12268
-3987	7161
-3986	11254
-3985	7159
-3984	14288
-3983	11221
-3982	12262
-3981	10203
-3980	8212
-3979	7153
-3978	11246
-3977	11215
-3976	12256
-3975	13245
-3974	8206
-3973	10195
-3972	8204
-3971	11209
-3970	11238
-3969	15271
-3968	8200
-3967	13237
-3966	11246
-3965	14251
-3964	8196
-3963	15265
-3962	8194
-3961	16141
-3960	12256
-3959	12423
-3958	11238
-3957	15457
-3956	8188
-3955	16147
-3954	12250
-3953	12417
-3952	14280
-3951	12415
-3950	11230
-3949	15449
-3948	12244
-3947	12411
-3946	14342
-3945	12409
-3944	13328
-3943	15455
-3942	15102
-3941	12405
-3940	14336
-3939	12403
-3938	10286
-3937	16465
-3936	13320
-3935	15447
-3934	14330
-3933	12397
-3932	10280
-3931	16459
-3930	10278
-3929	17407
-3928	13312
-3927	14059
-3926	10274
-3925	14061
-3924	10272
-3923	14365
-3922	10270
-3921	14065
-3920	13316
-3919	14067
-3918	10266
-3917	11323
-3916	10264
-3915	14357
-3914	14326
-3913	14073
-3912	13308
-3911	11317
-3910	10258
-3909	11315
-3908	14320
-3907	14349
-3906	16350
-3905	11311
-3904	13024
-3903	11309
-3902	14314
-3901	11307
-3900	16076
-3899	11305
-3898	13030
-3897	14351
-3896	12360
-3895	11301
-3894	15394
-3893	11299
-3892	13036
-3891	15361
-3890	12354
-3889	14343
-3888	12352
-3887	11293
-3886	15386
-3885	15033
-3884	12348
-3883	16051
-3882	12346
-3881	14335
-3880	12344
-3879	11991
-3878	12342
-3877	15041
-3876	12340
-3875	13397
-3874	15386
-3873	15033
-3872	12336
-3871	11999
-3870	12334
-3869	13391
-3868	16396
-3867	13389
-3866	15010
-3865	15041
-3864	10948
-3863	13385
-3862	13998
-3861	13383
-3860	17476
-3859	13381
-3858	10954
-3857	13379
-3856	10956
-3855	13377
-3854	14434
-3853	13375
-3852	13996
-3851	16421
-3850	10962
-3849	13371
-3848	14428
-3847	12955
-3846	14426
-3845	16005
-3844	14004
-3843	13975
-3842	14422
-3841	9913
-3840	14420
-3839	15999
-3838	14418
-3837	13981
-3836	14416
-3835	9919
-3834	14414
-3833	13969
-3832	14412
-3831	16007
-3830	14410
-3829	9925
-3828	16996
-3827	13975
-3826	12934
-3825	15463
-3824	11920
-3823	12967
-3822	14970
-3821	13981
-3820	12940
-3819	15457
-3818	11914
-3817	15455
-3816	11928
-3815	15453
-3814	12946
-3813	15451
-3812	12932
-3811	15449
-3810	11922
-3809	14941
-3808	11936
-3807	13927
-3806	12938
-3805	15961
-3804	14964
-3803	11899
-3802	11930
-3801	10885
-3800	12944
-3799	13935
-3798	16494
-3797	14941
-3796	14972
-3795	7843
-3794	15986
-3793	10893
-3792	16488
-3791	15959
-3790	15934
-3789	10885
-3788	14920
-3787	7851
-3786	13906
-3785	14949
-3784	12892
-3783	13927
-3782	14926
-3781	10893
-3780	10864
-3779	11907
-3778	9850
-3777	15957
-3776	15936
-3775	13935
-3774	10870
-3773	14949
-3772	6808
-3771	15963
-3770	13906
-3769	15913
-3768	13912
-3767	14899
-3766	6814
-3765	13885
-3764	10864
-3763	12871
-3762	15938
-3761	11857
-3760	9856
-3759	13891
-3758	10870
-3757	9829
-3756	14920
-3755	11851
-3754	12898
-3753	11865
-3752	13912
-3751	9835
-3750	14926
-3749	9821
-3748	15892
-3747	11859
-3746	14878
-3745	9841
-3744	13864
-3743	9827
-3742	12850
-3741	11853
-3740	11836
-3739	11867
-3738	10822
-3737	9833
-3736	12856
-3735	13883
-3734	11830
-3733	11861
-3732	7780
-3731	12875
-3730	10830
-3729	13889
-3728	12848
-3727	14903
-3726	7774
-3725	14857
-3724	7788
-3723	13843
-3722	12854
-3721	12829
-3720	10816
-3719	11815
-3718	7782
-3717	10801
-3716	11844
-3715	9787
-3714	12846
-3713	14857
-3712	10824
-3711	7759
-3710	11838
-3709	6745
-3708	12852
-3707	13843
-3706	13866
-3705	10801
-3704	14836
-3703	3703
-3702	13822
-3701	10801
-3700	12808
-3699	13843
-3698	11794
-3697	6745
-3696	10780
-3695	7759
-3694	9766
-3693	14857
-3692	11788
-3691	9787
-3690	10786
-3689	10801
-3688	6724
-3687	11815
-3686	9758
-3685	12829
-3684	11796
-3683	13843
-3682	6730
-3681	14857
-3680	6716
-3679	15871
-3678	11790
-3677	14947
-3676	9772
-3675	13933
-3674	6722
-3673	12919
-3672	10772
-3671	14941
-3670	11798
-3669	10891
-3668	9764
-3667	12925
-3666	10778
-3665	12911
-3664	11792
-3663	10885
-3662	12806
-3661	10899
-3660	13780
-3659	12917
-3658	12766
-3657	10879
-3656	11752
-3655	10893
-3654	10738
-3653	12923
-3652	9724
-3651	12909
-3650	11746
-3649	10887
-3648	7696
-3647	14949
-3646	6682
-3645	12915
-3644	12764
-3643	13929
-3642	7690
-3641	14773
-3640	3640
-3639	13759
-3638	10738
-3637	12745
-3636	10732
-3635	11731
-3634	3634
-3633	10717
-3632	7696
-3631	9703
-3630	12762
-3629	11725
-3628	6676
-3627	7675
-3626	7690
-3625	6661
-3624	11752
-3623	9695
-3622	9718
-3621	10717
-3620	10732
-3619	3619
-3618	11746
-3617	6653
-3616	12760
-3615	11727
-3614	13774
-3613	6661
-3612	14788
-3611	3611
-3610	13914
-3609	10709
-3608	15936
-3607	9703
-3606	11886
-3605	6653
-3604	10872
-3603	7667
-3602	13906
-3601	11729
-3600	11880
-3599	9695
-3598	10878
-3597	10709
-3596	10864
-3595	11723
-3594	11874
-3593	12737
-3592	11888
-3591	13751
-3590	10870
-3589	12835
-3588	10856
-3587	14857
-3586	11882
-3585	10807
-3584	13912
-3583	9793
-3582	10862
-3581	12827
-3580	11876
-3579	10801
-3578	14710
-3577	6751
-3576	13696
-3575	12833
-3574	12682
-3573	10795
-3572	11668
-3571	6745
-3570	10654
-3569	10807
-3568	9640
-3567	12825
-3566	11662
-3565	6739
-3564	7612
-3563	10801
-3562	6598
-3561	12831
-3560	9632
-3559	9781
-3558	7606
-3557	10795
-3556	3556
-3555	14857
-3554	6590
-3553	12823
-3552	10648
-3551	13837
-3550	3550
-3549	14851
-3548	3548
-3547	13851
-3546	10646
-3545	15873
-3544	6592
-3543	11823
-3542	3542
-3541	10809
-3540	7604
-3539	13843
-3538	9634
-3537	11817
-3536	6584
-3535	7767
-3534	7598
-3533	10801
-3532	11660
-3531	11811
-3530	9626
-3529	10809
-3528	10640
-3527	7759
-3526	11654
-3525	10793
-3524	12668
-3523	11819
-3522	13682
-3521	10801
-3520	12904
-3519	7751
-3518	15710
-3517	11813
-3516	13912
-3515	13843
-3514	9862
-3513	10793
-3512	12896
-3511	11807
-3510	13906
-3509	14779
-3508	9856
-3507	13765
-3506	12902
-3505	12751
-3504	12888
-3503	14773
-3502	9850
-3501	10723
-3500	13912
-3499	9709
-3498	12894
-3497	12743
-3496	9844
-3495	10717
-3494	13906
-3493	6667
-3492	15936
-3491	9701
-3490	12886
-3489	10711
-3488	13900
-3487	6661
-3486	14802
-3485	6659
-3484	13788
-3483	12741
-3482	15810
-3481	6655
-3480	11760
-3479	6653
-3478	10746
-3477	10715
-3476	13780
-3475	9697
-3474	11754
-3473	6647
-3472	7704
-3471	10709
-3470	10738
-3469	12739
-3468	11748
-3467	9689
-3466	7698
-3465	10703
-3464	7696
-3463	14765
-3462	10730
-3461	12731
-3460	10740
-3459	13745
-3458	7690
-3457	14759
-3456	7688
-3455	15773
-3454	11750
-3453	15965
-3452	10732
-3451	11915
-3450	7682
-3449	14949
-3448	11744
-3447	15959
-3446	13774
-3445	11909
-3444	10724
-3443	11907
-3442	11738
-3441	14941
-3440	15800
-3439	11903
-3438	13766
-3437	14949
-3436	12820
-3435	11899
-3434	15610
-3433	11897
-3432	13828
-3431	15959
-3430	9778
-3429	14941
-3428	12812
-3427	11891
-3426	13822
-3425	15953
-3424	9772
-3423	17913
-3422	9770
-3421	14565
-3420	12804
-3419	14567
-3418	9766
-3417	14871
-3416	9764
-3415	13857
-3414	12810
-3413	14573
-3412	9760
-3411	14575
-3410	9758
-3409	10815
-3408	13820
-3407	13849
-3406	12802
-3405	14581
-3404	9752
-3403	10809
-3402	13814
-3401	10807
-3400	15844
-3399	13841
-3398	12794
-3397	10803
-3396	13532
-3395	10801
-3394	14894
-3393	10799
-3392	13536
-3391	13845
-3390	13538
-3389	10795
-3388	11852
-3387	10793
-3386	14886
-3385	14855
-3384	13544
-3383	13837
-3382	11846
-3381	10787
-3380	11844
-3379	14849
-3378	14878
-3377	16557
-3376	11840
-3375	12495
-3374	11838
-3373	14843
-3372	11836
-3371	15547
-3370	11834
-3369	12501
-3368	14880
-3367	12889
-3366	11830
-3365	15541
-3364	11828
-3363	12507
-3362	15890
-3361	12883
-3360	14872
-3359	12881
-3358	11454
-3357	15549
-3356	14504
-3355	12877
-3354	15522
-3353	12875
-3352	14496
-3351	12873
-3350	11462
-3349	12871
-3348	14512
-3347	12869
-3346	13926
-3345	15915
-3344	14504
-3343	12865
-3342	11470
-3341	12863
-3340	13920
-3339	16511
-3338	13918
-3337	14481
-3336	14512
-3335	10419
-3334	13914
-3333	13469
-3332	13912
-3331	17523
-3330	13910
-3329	10425
-3328	13908
-3327	10427
-3326	13906
-3325	14963
-3324	13904
-3323	13467
-3322	16950
-3321	10433
-3320	13440
-3319	14483
-3318	12426
-3317	14955
-3316	15476
-3315	13475
-3314	13446
-3313	14489
-3312	9384
-3311	14949
-3310	15470
-3309	14947
-3308	13452
-3307	14945
-3306	9390
-3305	14943
-3304	13440
-3303	14941
-3302	15478
-3301	14433
-3300	9396
-3299	16467
-3298	13446
-3297	12405
-3296	15472
-3295	11391
-3294	12438
-3293	14441
-3292	13452
-3291	12411
-3290	15986
-3289	11385
-3288	15480
-3287	11399
-3286	15982
-3285	12417
-3284	15980
-3283	12403
-3282	15426
-3281	11393
-3280	14412
-3279	11407
-3278	13398
-3277	12409
-3276	15432
-3275	14435
-3274	11370
-3273	11401
-3272	10356
-3271	12415
-3270	13406
-3269	16465
-3268	14412
-3267	14443
-3266	7314
-3265	15457
-3264	10364
-3263	16419
-3262	15430
-3261	15405
-3260	10356
-3259	14391
-3258	7322
-3257	13377
-3256	14420
-3255	12363
-3254	13398
-3253	14397
-3252	10364
-3251	10335
-3250	11378
-3249	9321
-3248	15428
-3247	15407
-3246	13406
-3245	10341
-3244	14420
-3243	6279
-3242	15434
-3241	13377
-3240	15384
-3239	13383
-3238	14370
-3237	6285
-3236	13356
-3235	10335
-3234	12342
-3233	15409
-3232	11328
-3231	9327
-3230	13362
-3229	10341
-3228	9300
-3227	14391
-3226	11322
-3225	12369
-3224	11336
-3223	13383
-3222	9306
-3221	14397
-3220	9292
-3219	15363
-3218	11330
-3217	14349
-3216	9312
-3215	13335
-3214	9298
-3213	12321
-3212	11324
-3211	11307
-3210	11338
-3209	10293
-3208	9304
-3207	12327
-3206	13354
-3205	11301
-3204	11332
-3203	7251
-3202	12346
-3201	10301
-3200	13360
-3199	12319
-3198	14374
-3197	7245
-3196	14328
-3195	7259
-3194	13314
-3193	12325
-3192	12300
-3191	10287
-3190	11286
-3189	7253
-3188	10272
-3187	11315
-3186	9258
-3185	12317
-3184	14328
-3183	10295
-3182	7230
-3181	11309
-3180	6216
-3179	12323
-3178	13314
-3177	13337
-3176	10272
-3175	14351
-3174	3174
-3173	15365
-3172	10272
-3171	15453
-3170	13314
-3169	14439
-3168	6216
-3167	13425
-3166	7230
-3165	12411
-3164	14328
-3163	14433
-3162	9258
-3161	13431
-3160	10272
-3159	9369
-3158	11286
-3157	12403
-3156	12300
-3155	14441
-3154	13314
-3153	9375
-3152	13272
-3151	9361
-3150	12258
-3149	14435
-3148	11244
-3147	12417
-3146	10230
-3145	9367
-3144	9216
-3143	13417
-3142	11238
-3141	14443
-3140	7188
-3139	12409
-3138	9222
-3137	13423
-3136	9208
-3135	14437
-3134	7182
-3133	14265
-3132	7196
-3131	13251
-3130	9214
-3129	12237
-3128	7176
-3127	11223
-3126	7190
-3125	10209
-3124	9220
-3123	9195
-3122	9206
-3121	11217
-3120	7184
-3119	7167
-3118	11246
-3117	6153
-3116	9212
-3115	12235
-3114	10226
-3113	7161
-3112	11240
-3111	3111
-3110	12254
-3109	10209
-3108	13268
-3107	10203
-3106	14282
-3105	3105
-3104	14420
-3103	7167
-3102	13406
-3101	12233
-3100	15428
-3099	6147
-3098	11378
-3097	7161
-3096	10364
-3095	11223
-3094	13398
-3093	9189
-3092	14420
-3091	10203
-3090	7322
-3089	11217
-3088	10356
-3087	12231
-3086	15430
-3085	13245
-3084	10364
-3083	13341
-3082	7314
-3081	12327
-3080	14412
-3079	14349
-3078	13406
-3077	10299
-3076	10356
-3075	9285
-3074	11370
-3073	12319
-3072	15216
-3071	10293
-3070	13398
-3069	9291
-3068	13188
-3067	9277
-3066	12174
-3065	10287
-3064	11160
-3063	10301
-3062	10146
-3061	9283
-3060	9132
-3059	9269
-3058	11154
-3057	10295
-3056	7104
-3055	12325
-3054	6090
-3053	9275
-3052	9124
-3051	10289
-3050	7098
-3049	14351
-3048	3048
-3047	12317
-3046	9130
-3045	13331
-3044	7092
-3043	14345
-3042	3042
-3041	14357
-3040	7104
-3039	13343
-3038	9122
-3037	15365
-3036	3036
-3035	11315
-3034	7098
-3033	10301
-3032	9128
-3031	13335
-3030	6078
-3029	11309
-3028	7092
-3027	7259
-3026	11154
-3025	10293
-3024	9120
-3023	14351
-3022	10134
-3021	7253
-3020	11148
-3019	7251
-3018	12162
-3017	14349
-3016	13176
-3015	10295
-3014	13410
-3013	7245
-3012	12396
-3011	11307
-3010	15430
-3009	13337
-3008	13404
-3007	10287
-3006	9354
-3005	11301
-3004	12388
-3003	15285
-3002	13398
-3001	13329
-3000	12396
-2999	13257
-2998	9346
-2997	12243
-2996	12380
-2995	14265
-2994	13406
-2993	10215
-2992	12388
-2991	9201
-2990	9338
-2989	12235
-2988	13400
-2987	10209
-2986	15430
-2985	6159
-2984	12380
-2983	9193
-2982	13394
-2981	10203
-2980	15308
-2979	6153
-2978	14294
-2977	9199
-2976	13280
-2975	9185
-2974	15302
-2973	6147
-2972	11252
-2971	10209
-2970	10238
-2969	9191
-2968	13272
-2967	6141
-2966	11246
-2965	10203
-2964	7196
-2963	12233
-2962	10230
-2961	9183
-2960	11240
-2959	10197
-2958	7190
-2957	14259
-2956	7188
-2955	12225
-2954	13270
-2953	13239
-2952	7184
-2951	14253
-2950	7182
-2949	14449
-2948	11244
-2947	16281
-2946	10226
-2945	15457
-2944	7176
-2943	11407
-2942	11238
-2941	14441
-2940	13268
-2939	15451
-2938	10218
-2937	11401
-2936	11232
-2935	11399
-2934	15294
-2933	14433
-2932	13260
-2931	14443
-2930	13326
-2929	11393
-2928	12312
-2927	11391
-2926	15346
-2925	15453
-2924	13320
-2923	14435
-2922	9270
-2921	11385
-2920	12304
-2919	15447
-2918	13314
-2917	17477
-2916	9264
-2915	14427
-2914	9262
-2913	15073
-2912	12296
-2911	18123
-2910	9258
-2909	14363
-2908	12304
-2907	13349
-2906	9254
-2905	15081
-2904	9252
-2903	14357
-2902	13314
-2901	10307
-2900	12296
-2899	13341
-2898	9246
-2897	14351
-2896	13308
-2895	10301
-2894	15338
-2893	10299
-2892	12288
-2891	13333
-2890	13302
-2889	10295
-2888	15400
-2887	10293
-2886	14386
-2885	13339
-2884	14044
-2883	10289
-2882	14046
-2881	10287
-2880	11344
-2879	14349
-2878	14378
-2877	13331
-2876	14052
-2875	10281
-2874	11338
-2873	14343
-2872	11336
-2871	16373
-2870	14370
-2869	13001
-2868	11332
-2867	13003
-2866	11330
-2865	15423
-2864	11328
-2863	13007
-2862	14374
-2861	13009
-2860	11324
-2859	12381
-2858	11322
-2857	15415
-2856	15384
-2855	13015
-2854	14366
-2853	12375
-2852	11316
-2851	12373
-2850	15010
-2849	15407
-2848	16028
-2847	12369
-2846	11966
-2845	12367
-2844	15004
-2843	12365
-2842	15018
-2841	12363
-2840	11972
-2839	15409
-2838	13418
-2837	12359
-2836	15012
-2835	12357
-2834	11978
-2833	16419
-2832	13412
-2831	14987
-2830	13410
-2829	10925
-2828	15020
-2827	13975
-2826	13406
-2825	14993
-2824	13404
-2823	13967
-2822	13402
-2821	10933
-2820	13400
-2819	13983
-2818	13398
-2817	14455
-2816	16444
-2815	13975
-2814	13394
-2813	10941
-2812	12932
-2811	14449
-2810	15982
-2809	14447
-2808	13952
-2807	13983
-2806	9890
-2805	14443
-2804	12940
-2803	14441
-2802	16994
-2801	14439
-2800	9896
-2799	14437
-2798	9898
-2797	14435
-2796	15492
-2795	14433
-2794	12938
-2793	16973
-2792	9904
-2791	12911
-2790	13954
-2789	11897
-2788	15484
-2787	14947
-2786	12946
-2785	12917
-2784	13960
-2783	8855
-2782	15478
-2781	14941
-2780	15476
-2779	12923
-2778	15474
-2777	8861
-2776	15472
-2775	12911
-2774	14918
-2773	14949
-2772	13904
-2771	8867
-2770	15938
-2769	12917
-2768	11876
-2767	14943
-2766	10862
-2765	11909
-2764	13912
-2763	12923
-2762	11882
-2761	16515
-2760	10856
-2759	14951
-2758	10870
-2757	15965
-2756	11888
-2755	15911
-2754	11874
-2753	14897
-2752	10864
-2751	13883
-2750	10878
-2749	12869
-2748	11880
-2747	14903
-2746	13906
-2745	10841
-2744	10872
-2743	9827
-2742	11886
-2741	12877
-2740	15936
-2739	13883
-2738	13914
-2737	6785
-2736	14928
-2735	9835
-2734	15890
-2733	14901
-2732	14876
-2731	9827
-2730	13862
-2729	6793
-2728	12848
-2727	13891
-2726	11834
-2725	12869
-2724	13868
-2723	9835
-2722	9806
-2721	10849
-2720	8792
-2719	14899
-2718	14878
-2717	12877
-2716	9812
-2715	13891
-2714	5750
-2713	14905
-2712	12848
-2711	14855
-2710	12854
-2709	13841
-2708	5756
-2707	12827
-2706	9806
-2705	11813
-2704	14880
-2703	10799
-2702	8798
-2701	12833
-2700	9812
-2699	8771
-2698	13862
-2697	10793
-2696	11840
-2695	10807
-2694	12854
-2693	8777
-2692	13868
-2691	8763
-2690	14834
-2689	10801
-2688	13820
-2687	8783
-2686	12806
-2685	8769
-2684	11792
-2683	10795
-2682	10778
-2681	10809
-2680	9764
-2679	8775
-2678	11798
-2677	12825
-2676	10772
-2675	10803
-2674	6722
-2673	11817
-2672	9772
-2671	12831
-2670	11790
-2669	13845
-2668	6716
-2667	14859
-2666	6730
-2665	15873
-2664	11796
-2663	14945
-2662	9758
-2661	13931
-2660	6724
-2659	12917
-2658	10786
-2657	11903
-2656	11788
-2655	16973
-2654	9766
-2653	9875
-2652	10780
-2651	8861
-2650	11794
-2649	15959
-2648	12808
-2647	12917
-2646	13778
-2645	5819
-2644	12764
-2643	12917
-2642	11750
-2641	15959
-2640	10736
-2639	8861
-2638	9722
-2637	9875
-2636	8708
-2635	16973
-2634	10730
-2633	11903
-2632	9728
-2631	12917
-2630	5666
-2629	13931
-2628	8700
-2627	14771
-2626	10738
-2625	13757
-2624	5672
-2623	12743
-2622	5658
-2621	11729
-2620	10732
-2619	10715
-2618	8714
-2617	9701
-2616	5664
-2615	8687
-2614	9714
-2613	10709
-2612	10740
-2611	6659
-2610	8706
-2609	8693
-2608	9720
-2607	8679
-2606	10734
-2605	6653
-2604	11748
-2603	6667
-2602	12762
-2601	8685
-2600	13776
-2599	6647
-2598	14790
-2597	6661
-2596	13912
-2595	8691
-2594	12898
-2593	8677
-2592	14920
-2591	6655
-2590	10870
-2589	10717
-2588	9856
-2587	8683
-2586	15938
-2585	9697
-2584	10864
-2583	10711
-2582	6814
-2581	11725
-2580	13912
-2579	12739
-2578	13906
-2577	13753
-2576	6808
-2575	12833
-2574	10870
-2573	11819
-2572	15936
-2571	13841
-2570	9850
-2569	9791
-2568	10864
-2567	8777
-2566	14926
-2565	11811
-2564	12892
-2563	12833
-2562	13694
-2561	5735
-2560	12680
-2559	8769
-2558	11666
-2557	13843
-2556	10652
-2555	8777
-2554	9638
-2553	5727
-2552	8624
-2551	12825
-2550	10646
-2549	11819
-2548	6596
-2547	8769
-2546	5582
-2545	9783
-2544	8616
-2543	13845
-2542	6590
-2541	11811
-2540	5588
-2539	12825
-2538	5574
-2537	13839
-2536	6584
-2535	14853
-2534	6598
-2533	13849
-2532	5580
-2531	12835
-2530	5566
-2529	14857
-2528	6592
-2527	10807
-2526	8622
-2525	9793
-2524	5572
-2523	12827
-2522	6586
-2521	10801
-2520	10648
-2519	6751
-2518	8614
-2517	12833
-2516	9628
-2515	10795
-2514	10642
-2513	6745
-2512	11656
-2511	10807
-2510	12670
-2509	12825
-2508	13684
-2507	6739
-2506	12902
-2505	10801
-2504	11888
-2503	12831
-2502	14922
-2501	9781
-2500	12896
-2499	10795
-2498	8846
-2497	14857
-2496	11880
-2495	12823
-2494	15938
-2493	13763
-2492	8840
-2491	12749
-2490	8838
-2489	11735
-2488	15936
-2487	13757
-2486	11882
-2485	9707
-2484	8832
-2483	8693
-2482	12894
-2481	11727
-2480	14924
-2479	9701
-2478	11874
-2477	5651
-2476	12888
-2475	8685
-2474	15814
-2473	9695
-2472	14800
-2471	8693
-2470	13786
-2469	5643
-2468	12772
-2467	8677
-2466	14794
-2465	9703
-2464	10744
-2463	8685
-2462	9730
-2461	5635
-2460	12764
-2459	9697
-2458	10738
-2457	11727
-2456	6688
-2455	8677
-2454	9722
-2453	9691
-2452	10732
-2451	13753
-2450	6682
-2449	11719
-2448	9728
-2447	12733
-2446	9714
-2445	13747
-2444	6676
-2443	14761
-2442	10738
-2441	13941
-2440	9720
-2439	16789
-2438	6670
-2437	14949
-2436	10732
-2435	10899
-2434	12762
-2433	13933
-2432	9712
-2431	14943
-2430	10726
-2429	10893
-2428	14788
-2427	10891
-2426	12754
-2425	16973
-2424	13768
-2423	10887
-2422	12818
-2421	10885
-2420	11804
-2419	14947
-2418	14838
-2417	13929
-2416	12812
-2415	10879
-2414	8762
-2413	14941
-2412	11796
-2411	16971
-2410	12806
-2409	13921
-2408	8756
-2407	14935
-2406	8754
-2405	15883
-2404	11788
-2403	15583
-2402	11798
-2401	13855
-2400	8748
-2399	12841
-2398	8746
-2397	15589
-2396	12808
-2395	13849
-2394	11790
-2393	9799
-2392	8740
-2391	12833
-2390	12802
-2389	13843
-2388	14832
-2387	9793
-2386	11782
-2385	9791
-2384	12796
-2383	12825
-2382	16858
-2381	9787
-2380	14548
-2379	12833
-2378	13878
-2377	9783
-2376	14552
-2375	9781
-2374	14554
-2373	13843
-2372	10836
-2371	12825
-2370	13870
-2369	9775
-2368	14560
-2367	13837
-2366	10830
-2365	15867
-2364	10828
-2363	12817
-2362	13862
-2361	13509
-2360	10824
-2359	15929
-2358	10822
-2357	14915
-2356	13868
-2355	13515
-2354	10818
-2353	13517
-2352	10816
-2351	11873
-2350	14878
-2349	14907
-2348	13860
-2347	13523
-2346	10810
-2345	11867
-2344	14872
-2343	11865
-2342	16534
-2341	14899
-2340	12472
-2339	11861
-2338	12474
-2337	11859
-2336	15952
-2335	11857
-2334	12478
-2333	14903
-2332	12480
-2331	11853
-2330	12910
-2329	11851
-2328	15520
-2327	15913
-2326	12486
-2325	14895
-2324	12904
-2323	11431
-2322	12902
-2321	14481
-2320	15528
-2319	15499
-2318	12898
-2317	11437
-2316	12896
-2315	14475
-2314	12894
-2313	14489
-2312	12892
-2311	11443
-2310	15938
-2309	13947
-2308	12888
-2307	14483
-2306	12886
-2305	11449
-2304	16488
-2303	13941
-2302	14458
-2301	13939
-2300	10396
-2299	14491
-2298	13446
-2297	13935
-2296	14464
-2295	13933
-2294	13438
-2293	13931
-2292	10404
-2291	13929
-2290	13454
-2289	13927
-2288	14456
-2287	16973
-2286	13446
-2285	13417
-2284	10412
-2283	12403
-2282	14462
-2281	15453
-2280	14976
-2279	13423
-2278	13454
-2277	9361
-2276	14468
-2275	12411
-2274	14970
-2273	16465
-2272	14968
-2271	9367
-2270	14966
-2269	9369
-2268	14964
-2267	16021
-2266	14410
-2265	12409
-2264	16444
-2263	9375
-2262	12382
-2261	13425
-2260	11368
-2259	15451
-2258	14418
-2257	12417
-2256	12388
-2255	13431
-2254	8326
-2253	16007
-2252	14412
-2251	15459
-2250	12394
-2249	16003
-2248	8332
-2247	15403
-2246	12382
-2245	14389
-2244	14420
-2243	13375
-2242	8338
-2241	15409
-2240	12388
-2239	11347
-2238	14414
-2237	10333
-2236	11380
-2235	13383
-2234	12394
-2233	11353
-2232	16444
-2231	10327
-2230	14422
-2229	10341
-2228	15436
-2227	11359
-2226	15382
-2225	11345
-2224	14368
-2223	10335
-2222	13354
-2221	10349
-2220	12340
-2219	11351
-2218	14374
-2217	13377
-2216	10312
-2215	10343
-2214	9298
-2213	11357
-2212	12348
-2211	15407
-2210	13354
-2209	13385
-2208	6256
-2207	14399
-2206	9306
-2205	15361
-2204	14372
-2203	14347
-2202	9298
-2201	13333
-2200	6264
-2199	12319
-2198	13362
-2197	11305
-2196	12340
-2195	13339
-2194	9306
-2193	9277
-2192	10320
-2191	8263
-2190	14370
-2189	14349
-2188	12348
-2187	9283
-2186	13362
-2185	5221
-2184	14376
-2183	12319
-2182	14326
-2181	12325
-2180	13312
-2179	5227
-2178	12298
-2177	9277
-2176	11284
-2175	14351
-2174	10270
-2173	8269
-2172	12304
-2171	9283
-2170	8242
-2169	13333
-2168	10264
-2167	11311
-2166	10278
-2165	12325
-2164	8248
-2163	13339
-2162	8234
-2161	14353
-2160	10272
-2159	15367
-2158	8254
-2157	15451
-2156	8240
-2155	14437
-2154	10266
-2153	13423
-2152	10280
-2151	12409
-2150	8246
-2149	14443
-2148	12296
-2147	13417
-2146	10274
-2145	9367
-2144	11288
-2143	12417
-2142	12302
-2141	14435
-2140	13316
-2139	9361
-2138	13270
-2137	9375
-2136	12256
-2135	14441
-2134	11242
-2133	12403
-2132	10228
-2131	9369
-2130	9214
-2129	13431
-2128	8200
-2127	14433
-2126	13270
-2125	12411
-2124	6172
-2123	13425
-2122	5158
-2121	14439
-2120	12256
-2119	14263
-2118	9214
-2117	13249
-2116	2116
-2115	12235
-2114	9214
-2113	11221
-2112	12256
-2111	10207
-2110	5158
-2109	9193
-2108	6172
-2107	8179
-2106	13270
-2105	10201
-2104	8200
-2103	9199
-2102	9214
-2101	5137
-2100	10228
-2099	8171
-2098	11242
-2097	10209
-2096	12256
-2095	5143
-2094	13270
-2093	5129
-2092	14284
-2091	10203
-2090	14418
-2089	8185
-2088	13404
-2087	5135
-2086	12390
-2085	9185
-2084	14412
-2083	10211
-2082	10362
-2081	8177
-2080	12396
-2079	9191
-2078	12382
-2077	10205
-2076	10356
-2075	11219
-2074	10370
-2073	12233
-2072	12388
-2071	13247
-2070	10350
-2069	13339
-2068	10364
-2067	12325
-2066	12394
-2065	11311
-2064	12380
-2063	13333
-2062	10358
-2061	9283
-2060	14420
-2059	8269
-2058	12386
-2057	14351
-2056	13400
-2055	9277
-2054	13186
-2053	5227
-2052	12172
-2051	12325
-2050	11158
-2049	12319
-2048	10144
-2047	5221
-2046	9130
-2045	9283
-2044	8116
-2043	14349
-2042	10138
-2041	8263
-2040	6088
-2039	9277
-2038	5074
-2037	13339
-2036	8108
-2035	11305
-2034	9130
-2033	12319
-2032	2032
-2031	13333
-2030	5066
-2029	14347
-2028	10140
-2027	14355
-2026	5074
-2025	13341
-2024	2024
-2023	12327
-2022	9122
-2021	14349
-2020	8116
-2019	10299
-2018	5066
-2017	9285
-2016	6080
-2015	12319
-2014	10142
-2013	10293
-2012	8108
-2011	9291
-2010	9122
-2009	9277
-2008	10136
-2007	10287
-2006	11150
-2005	10301
-2004	12164
-2003	9283
-2002	13178
-2001	9269
-2000	14192
-1999	10295
-1998	12394
-1997	12325
-1996	11380
-1995	9275
-1994	14414
-1993	10289
-1992	12388
-1991	14351
-1990	8338
-1989	12317
-1988	14420
-1987	13331
-1986	12382
-1985	13255
-1984	8332
-1983	12241
-1982	12394
-1981	11227
-1980	14412
-1979	13249
-1978	8326
-1977	9199
-1976	12388
-1975	8185
-1974	14418
-1973	11219
-1972	11368
-1971	9193
-1970	12382
-1969	5143
-1968	16320
-1967	8177
-1966	14410
-1965	12235
-1964	14292
-1963	5137
-1962	13278
-1961	5135
-1960	12264
-1959	12233
-1958	14286
-1957	8179
-1956	10236
-1955	5129
-1954	9222
-1953	9191
-1952	12256
-1951	11221
-1950	10230
-1949	8171
-1948	6180
-1947	9185
-1946	9214
-1945	13247
-1944	10224
-1943	11213
-1942	9222
-1941	12227
-1940	6172
-1939	13241
-1938	9206
-1937	14255
-1936	10232
-1935	14447
-1934	9214
-1933	13433
-1932	6164
-1931	16467
-1930	10226
-1929	14441
-1928	12256
-1927	10391
-1926	9206
-1925	13425
-1924	10220
-1923	14435
-1922	14282
-1921	10385
-1920	12248
-1919	13431
-1918	13262
-1917	13417
-1916	14276
-1915	10379
-1914	12310
-1913	14441
-1912	11296
-1911	13423
-1910	14330
-1909	10373
-1908	12304
-1907	14435
-1906	8254
-1905	16465
-1904	11288
-1903	13415
-1902	12298
-1901	14429
-1900	8248
-1899	16389
-1898	8246
-1897	15375
-1896	14328
-1895	16091
-1894	8242
-1893	13347
-1892	8240
-1891	12333
-1890	12302
-1889	15367
-1888	11284
-1887	13341
-1886	8234
-1885	9291
-1884	12296
-1883	12325
-1882	14326
-1881	13335
-1880	11276
-1879	9285
-1878	12290
-1877	9283
-1876	16352
-1875	12317
-1874	14318
-1873	12327
-1872	14384
-1871	9277
-1870	13370
-1869	9275
-1868	15060
-1867	13337
-1866	14378
-1865	12319
-1864	10328
-1863	9269
-1862	13362
-1861	13331
-1860	14372
-1859	15361
-1858	10322
-1857	12311
-1856	10320
-1855	13325
-1854	13354
-1853	17065
-1852	10316
-1851	14019
-1850	13362
-1849	14407
-1848	10312
-1847	14023
-1846	10310
-1845	14025
-1844	14372
-1843	11365
-1842	13354
-1841	14399
-1840	10304
-1839	14031
-1838	14366
-1837	11359
-1836	16396
-1835	11357
-1834	12978
-1833	14391
-1832	12980
-1831	11353
-1830	16030
-1829	11351
-1828	15444
-1827	14397
-1826	12986
-1825	11347
-1824	12988
-1823	11345
-1822	12402
-1821	15407
-1820	15436
-1819	14389
-1818	12994
-1817	11339
-1816	12396
-1815	14987
-1814	12394
-1813	16005
-1812	15428
-1811	11943
-1810	12390
-1809	11945
-1808	12388
-1807	16481
-1806	12386
-1805	11949
-1804	15432
-1803	11951
-1802	12382
-1801	13439
-1800	12380
-1799	14991
-1798	16442
-1797	11957
-1796	14964
-1795	13433
-1794	10902
-1793	13431
-1792	13952
-1791	14999
-1790	14970
-1789	13427
-1788	10908
-1787	13425
-1786	13946
-1785	13423
-1784	13960
-1783	13421
-1782	10914
-1781	16467
-1780	14476
-1779	13417
-1778	13954
-1777	12909
-1776	10920
-1775	15959
-1774	14470
-1773	13929
-1772	14468
-1771	9867
-1770	13962
-1769	12917
-1768	14464
-1767	13935
-1766	14462
-1765	12909
-1764	14460
-1763	9875
-1762	14458
-1761	12925
-1760	14456
-1759	13927
-1758	16950
-1757	12917
-1756	12888
-1755	9883
-1754	11874
-1753	13933
-1752	14924
-1751	15505
-1750	12894
-1749	12925
-1748	8832
-1747	13939
-1746	11882
-1745	15499
-1744	15936
-1743	15497
-1742	8838
-1741	15495
-1740	8840
-1739	14895
-1738	15938
-1737	13881
-1736	11880
-1735	15915
-1734	8846
-1733	11853
-1732	12896
-1731	10839
-1730	14922
-1729	13889
-1728	11888
-1727	11859
-1726	12902
-1725	7797
-1724	16536
-1723	13883
-1722	14930
-1721	11865
-1720	15888
-1719	7803
-1718	14874
-1717	11853
-1716	13860
-1715	13891
-1714	12846
-1713	7809
-1712	14880
-1711	11859
-1710	10818
-1709	13885
-1708	9804
-1707	10851
-1706	12854
-1705	11865
-1704	10824
-1703	15915
-1702	9798
-1701	13893
-1700	9812
-1699	14907
-1698	10830
-1697	14853
-1696	10816
-1695	13839
-1694	9806
-1693	12825
-1692	9820
-1691	11811
-1690	10822
-1689	13845
-1688	12848
-1687	9783
-1686	9814
-1685	8769
-1684	10828
-1683	11819
-1682	14878
-1681	12825
-1680	12856
-1679	5727
-1678	13870
-1677	8777
-1676	14832
-1675	13843
-1674	13818
-1673	8769
-1672	12804
-1671	5735
-1670	11790
-1669	12833
-1668	10776
-1667	11811
-1666	12810
-1665	8777
-1664	8748
-1663	9791
-1662	7734
-1661	13841
-1660	13820
-1659	11819
-1658	8754
-1657	12833
-1656	4692
-1655	13847
-1654	11790
-1653	14861
-1652	11796
-1651	15875
-1650	4698
-1649	14943
-1648	8748
-1647	13929
-1646	13822
-1645	12915
-1644	7740
-1643	14949
-1642	8754
-1641	10887
-1640	12804
-1639	12909
-1638	10782
-1637	12923
-1636	11796
-1635	10893
-1634	12810
-1633	10879
-1632	13776
-1631	12917
-1630	12762
-1629	10899
-1628	11748
-1627	10885
-1626	10734
-1625	12911
-1624	9720
-1623	12925
-1622	8706
-1621	10891
-1620	10740
-1619	14941
-1618	9714
-1617	12919
-1616	5664
-1615	13933
-1614	8714
-1613	14769
-1612	10732
-1611	13755
-1610	5658
-1609	12741
-1608	5672
-1607	11727
-1606	10738
-1605	10713
-1604	8700
-1603	9699
-1602	5666
-1601	8685
-1600	9728
-1599	7671
-1598	10730
-1597	12741
-1596	8708
-1595	5643
-1594	9722
-1593	4629
-1592	10736
-1591	11727
-1590	11750
-1589	8685
-1588	12764
-1587	1587
-1586	13778
-1585	8685
-1584	14792
-1583	11727
-1582	13910
-1581	4629
-1580	12896
-1579	5643
-1578	11882
-1577	12741
-1576	13904
-1575	7671
-1574	12902
-1573	8685
-1572	8840
-1571	9699
-1570	11874
-1569	10713
-1568	13912
-1567	11727
-1566	8846
-1565	12741
-1564	8832
-1563	13755
-1562	13906
-1561	12831
-1560	11888
-1559	11817
-1558	8838
-1557	10803
-1556	12888
-1555	12825
-1554	13914
-1553	8775
-1552	11880
-1551	10809
-1550	12894
-1549	10795
-1548	13692
-1547	8769
-1546	12678
-1545	8783
-1544	11664
-1543	10801
-1542	10650
-1541	8763
-1540	9636
-1539	8777
-1538	8622
-1537	10807
-1536	7608
-1535	10793
-1534	9630
-1533	8771
-1532	5580
-1531	12833
-1530	4566
-1529	10799
-1528	10648
-1527	11813
-1526	5574
-1525	12827
-1524	1524
-1523	13841
-1522	8622
-1521	14855
-1520	8616
-1519	13847
-1518	1518
-1517	12833
-1516	5580
-1515	11819
-1514	10646
-1513	13841
-1512	4560
-1511	9791
-1510	5574
-1509	8777
-1508	9636
-1507	11811
-1506	7602
-1505	12833
-1504	8616
-1503	5735
-1502	9630
-1501	8769
-1500	10644
-1499	13843
-1498	11658
-1497	8777
-1496	12672
-1495	5727
-1494	13686
-1493	12825
-1492	14700
-1491	11819
-1490	11886
-1489	8769
-1488	10872
-1487	9783
-1486	13906
-1485	13845
-1484	11880
-1483	11811
-1482	10878
-1481	12825
-1480	10864
-1479	13761
-1478	11874
-1477	12747
-1476	11888
-1475	11733
-1474	10870
-1473	10719
-1472	10856
-1471	12741
-1470	11882
-1469	8691
-1468	13912
-1467	7677
-1466	10862
-1465	10711
-1464	11876
-1463	8685
-1462	15938
-1461	4635
-1460	13904
-1459	10717
-1458	14798
-1457	8679
-1456	13784
-1455	4629
-1454	12770
-1453	8691
-1452	11756
-1451	10709
-1450	13778
-1449	4623
-1448	9728
-1447	8685
-1446	8714
-1445	10715
-1444	11748
-1443	7665
-1442	9722
-1441	8679
-1440	5672
-1439	12741
-1438	8706
-1437	10707
-1436	12764
-1435	11721
-1434	5666
-1433	12735
-1432	5664
-1431	13749
-1430	12762
-1429	14763
-1428	8708
-1427	13939
-1426	5658
-1425	12925
-1424	9720
-1423	15959
-1422	11750
-1421	13933
-1420	8700
-1419	9883
-1418	9714
-1417	12917
-1416	13776
-1415	13927
-1414	11742
-1413	12925
-1412	12756
-1411	9875
-1410	13770
-1409	12909
-1408	14784
-1407	13935
-1406	11802
-1405	12917
-1404	10788
-1403	9867
-1402	13822
-1401	13929
-1400	11796
-1399	15959
-1398	7746
-1397	12909
-1396	10780
-1395	13923
-1394	11790
-1393	16895
-1392	7740
-1391	15881
-1390	10786
-1389	14867
-1388	10772
-1387	16599
-1386	7734
-1385	12839
-1384	11796
-1383	11825
-1382	10778
-1381	14859
-1380	7728
-1379	12833
-1378	11790
-1377	8783
-1376	13820
-1375	11817
-1374	10770
-1373	12827
-1372	11784
-1371	8777
-1370	15846
-1369	8775
-1368	13812
-1367	14857
-1366	14826
-1365	8771
-1364	13876
-1363	8769
-1362	12862
-1361	12831
-1360	15568
-1359	11813
-1358	13870
-1357	8763
-1356	9820
-1355	12825
-1354	12854
-1353	14855
-1352	13864
-1351	11805
-1350	9814
-1349	12819
-1348	9812
-1347	16881
-1346	12846
-1345	14525
-1344	12856
-1343	14527
-1342	9806
-1341	13899
-1340	9804
-1339	14531
-1338	13866
-1337	14533
-1336	12848
-1335	10857
-1334	9798
-1333	13891
-1332	13860
-1331	14539
-1330	15890
-1329	10851
-1328	12840
-1327	10849
-1326	13486
-1325	13883
-1324	16536
-1323	10845
-1322	13490
-1321	13891
-1320	14936
-1319	10841
-1318	13494
-1317	10839
-1316	13496
-1315	14901
-1314	11894
-1313	13883
-1312	14928
-1311	10833
-1310	13502
-1309	14895
-1308	11888
-1307	16511
-1306	11886
-1305	12449
-1304	14920
-1303	12451
-1302	11882
-1301	15501
-1300	11880
-1299	15491
-1298	14926
-1297	12457
-1296	11876
-1295	12459
-1294	11874
-1293	12931
-1292	15936
-1291	15499
-1290	14918
-1289	12465
-1288	11408
-1287	12925
-1286	14458
-1285	12923
-1284	15476
-1283	15507
-1282	11414
-1281	12919
-1280	11416
-1279	12917
-1278	17010
-1277	12915
-1276	11420
-1275	15961
-1274	11422
-1273	12911
-1272	13968
-1271	12909
-1270	14462
-1269	16465
-1268	11428
-1267	14435
-1266	13962
-1265	10373
-1264	13960
-1263	13423
-1262	14470
-1261	14441
-1260	13956
-1259	10379
-1258	13954
-1257	13417
-1256	13952
-1255	13431
-1254	13950
-1253	10385
-1252	16996
-1251	14435
-1250	13394
-1249	13425
-1248	12380
-1247	10391
-1246	15430
-1245	14441
-1244	13400
-1243	14997
-1242	9338
-1241	13433
-1240	12388
-1239	14447
-1238	13406
-1237	14991
-1236	12380
-1235	14989
-1234	9346
-1233	14987
-1232	12396
-1231	14387
-1230	13398
-1229	16421
-1228	12388
-1227	12359
-1226	9354
-1225	11345
-1224	13404
-1223	14395
-1222	15430
-1221	12365
-1220	12396
-1219	8303
-1218	13410
-1217	11353
-1216	16028
-1215	15407
-1214	15438
-1213	8309
-1212	15380
-1211	8311
-1210	14366
-1209	15409
-1208	13352
-1207	11351
-1206	15386
-1205	8317
-1204	11324
-1203	12367
-1202	10310
-1201	14393
-1200	13360
-1199	11359
-1198	11330
-1197	12373
-1196	7268
-1195	16423
-1194	13354
-1193	14401
-1192	11336
-1191	15359
-1190	7274
-1189	14345
-1188	11324
-1187	13331
-1186	13362
-1185	12317
-1184	7280
-1183	14351
-1182	11330
-1181	10289
-1180	13356
-1179	9275
-1178	10322
-1177	12325
-1176	11336
-1175	10295
-1174	15386
-1173	9269
-1172	13364
-1171	9283
-1170	14378
-1169	10301
-1168	14324
-1167	10287
-1166	13310
-1165	9277
-1164	12296
-1163	9291
-1162	11282
-1161	10293
-1160	13316
-1159	12319
-1158	9254
-1157	9285
-1156	8240
-1155	10299
-1154	11290
-1153	14349
-1152	12296
-1151	12327
-1150	5198
-1149	13341
-1148	8248
-1147	14355
-1146	13314
-1145	15369
-1144	8240
-1143	15449
-1142	5206
-1141	14435
-1140	12304
-1139	13421
-1138	11282
-1137	15455
-1136	8248
-1135	11393
-1134	9262
-1133	10379
-1132	13312
-1131	16465
-1130	11290
-1129	11399
-1128	12304
-1127	7337
-1126	13318
-1125	14435
-1124	13268
-1123	14441
-1122	12254
-1121	7343
-1120	11240
-1119	11393
-1118	10226
-1117	16467
-1116	9212
-1115	10385
-1114	11246
-1113	11399
-1112	7184
-1111	15449
-1110	9206
-1109	13427
-1108	9220
-1107	14441
-1106	7190
-1105	14261
-1104	7176
-1103	13247
-1102	9214
-1101	12233
-1100	7196
-1099	11219
-1098	7182
-1097	10205
-1096	9208
-1095	9191
-1094	9222
-1093	8177
-1092	7188
-1091	10211
-1090	11238
-1089	9185
-1088	9216
-1087	5135
-1086	10230
-1085	8185
-1084	11244
-1083	10203
-1082	12258
-1081	5129
-1080	13272
-1079	5143
-1078	14286
-1077	10209
-1076	14416
-1075	8171
-1074	13402
-1073	5137
-1072	12388
-1071	9199
-1070	11374
-1069	10201
-1068	16444
-1067	8179
-1066	9346
-1065	9193
-1064	8332
-1063	10207
-1062	15430
-1061	11221
-1060	12388
-1059	12235
-1058	5290
-1057	13249
-1056	12388
-1055	13337
-1054	15430
-1053	12323
-1052	8332
-1051	11309
-1050	9346
-1049	10295
-1048	16444
-1047	12317
-1046	11374
-1045	11315
-1044	12388
-1043	7253
-1042	13402
-1041	10287
-1040	13184
-1039	12325
-1038	12170
-1037	7259
-1036	11156
-1035	7245
-1034	10142
-1033	12319
-1032	9128
-1031	10301
-1030	8114
-1029	7251
-1028	7100
-1027	11301
-1026	9122
-1025	12327
-1024	5072
-1023	10293
-1022	7106
-1021	11307
-1020	7092
-1019	12321
-1018	5066
-1017	13335
-1016	5080
-1015	14349
-1014	7098
-1013	14353
-1012	5060
-1011	13339
-1010	5074
-1009	12325
-1008	7104
-1007	11311
-1006	7090
-1005	13333
-1004	5068
-1003	9283
-1002	9130
-1001	8269
-1000	7096
-999	14351
-998	8110
-997	9277
-996	9124
-995	5227
-994	10138
-993	12325
-992	11152
-991	12319
-990	12166
-989	5221
-988	13180
-987	9283
-986	13406
-985	14349
-984	15208
-983	8263
-982	11378
-981	9277
-980	10364
-979	13339
-978	13398
-977	11305
-976	14420
-975	12319
-974	7322
-973	13333
-972	10356
-971	13253
-970	15430
-969	12239
-968	10364
-967	11225
-966	7314
-965	10211
-964	14412
-963	12233
-962	13406
-961	8183
-960	10356
-959	7169
-958	11370
-957	10203
-956	15432
-955	8177
-954	13398
-953	7175
-952	14412
-951	7161
-950	14290
-949	8171
-948	13276
-947	8185
-946	12262
-945	7167
-944	11248
-943	7153
-942	13270
-941	8179
-940	9220
-939	10209
-938	8206
-937	7159
-936	11240
-935	8173
-934	9214
-933	12235
-932	5164
-931	10201
-930	11246
-929	11215
-928	9208
-927	12229
-926	5158
-925	13243
-924	9220
-923	14257
-922	11238
-921	15271
-920	5152
-919	13431
-918	9214
-917	12417
-916	11244
-915	15451
-914	8194
-913	13425
-912	9208
-911	9375
-910	13270
-909	12409
-908	11236
-907	16467
-906	12250
-905	9369
-904	13264
-903	9367
-902	13322
-901	16465
-900	15292
-899	12411
-898	11294
-897	9361
-896	10280
-895	13423
-894	13314
-893	15453
-892	11288
-891	12403
-890	7238
-889	13417
-888	10272
-887	17401
-886	11282
-885	15445
-884	10280
-883	15373
-882	7230
-881	14359
-880	10264
-879	16381
-878	11290
-877	12331
-876	10272
-875	11317
-874	7222
-873	14351
-872	11284
-871	12325
-870	13314
-869	8275
-868	10264
-867	11309
-866	11278
-865	12319
-864	15340
-863	8269
-862	13306
-861	11315
-860	14320
-859	11301
-858	15334
-857	8263
-856	13368
-855	12325
-854	12354
-853	11307
-852	15388
-851	8257
-850	13362
-849	12319
-848	9312
-847	14349
-846	12346
-845	11299
-844	13356
-843	12313
-842	9306
-841	16375
-840	9304
-839	14341
-838	15386
-837	15033
-836	9300
-835	14405
-834	9298
-833	13391
-832	13360
-831	15039
-830	12342
-829	14399
-828	9292
-827	10349
-826	13354
-825	13383
-824	15384
-823	14393
-822	12334
-821	10343
-820	13348
-819	10341
-818	17042
-817	13375
-816	13996
-815	13385
-814	13998
-813	10335
-812	14428
-811	10333
-810	14002
-809	14395
-808	14004
-807	13377
-806	11386
-805	10327
-804	14420
-803	14389
-802	14010
-801	16419
-800	11380
-799	12955
-798	11378
-797	12957
-796	14412
-795	16007
-794	11374
-793	12961
-792	14420
-791	15465
-790	11370
-789	12965
-788	11368
-787	12967
-786	15430
-785	12423
-784	14412
-783	15457
-782	11362
-781	12973
-780	14964
-779	12417
-778	15982
-777	12415
-776	11920
-775	15449
-774	11922
-773	12411
-772	14972
-771	12409
-770	14962
-769	15455
-768	11928
-767	12405
-766	11930
-765	12403
-764	13460
-763	16465
-762	14970
-761	14941
-760	11936
-759	10879
-758	13454
-757	13929
-756	13452
-755	14947
-754	14978
-753	10885
-752	13448
-751	10887
-750	13446
-749	16973
-748	13444
-747	10891
-746	16490
-745	10893
-744	13440
-743	14497
-742	12886
-741	13933
-740	15936
-739	10899
-738	13906
-737	14491
-736	9844
-735	14489
-734	12894
-733	13941
-732	13912
-731	14485
-730	9850
-729	14483
-728	12888
-727	14481
-726	12902
-725	14479
-724	9856
-723	16927
-722	13906
-721	12865
-720	12896
-719	11851
-718	9862
-717	14901
-716	13912
-715	12871
-714	15526
-713	8809
-712	12904
-711	11859
-710	13918
-709	12877
-708	15520
-707	11851
-706	15518
-705	8817
-704	14872
-703	11867
-702	13858
-701	12869
-700	15892
-699	11859
-698	11830
-697	8825
-696	10816
-695	12875
-694	13866
-693	14901
-692	11836
-691	11867
-690	7774
-689	12881
-688	10824
-687	16557
-686	14878
-685	14909
-684	7780
-683	14851
-682	7782
-681	13837
-680	14880
-679	12823
-678	10822
-677	14857
-676	7788
-675	10795
-674	11838
-673	9781
-672	13864
-671	12831
-670	10830
-669	10801
-668	11844
-667	6739
-666	15894
-665	12825
-664	13872
-663	10807
-662	14830
-661	6745
-660	13816
-659	10795
-658	12802
-657	12833
-656	11788
-655	6751
-654	13822
-653	10801
-652	9760
-651	12827
-650	8746
-649	9793
-648	11796
-647	10807
-646	9766
-645	14857
-644	8740
-643	12835
-642	8754
-641	13849
-640	9772
-639	14863
-638	9758
-637	15877
-636	8748
-635	14941
-634	8762
-633	13927
-632	9764
-631	15961
-630	11790
-629	11899
-628	8756
-627	10885
-626	9770
-625	13935
-624	13820
-623	14941
-622	11798
-621	7843
-620	12812
-619	10893
-618	13774
-617	15959
-616	12760
-615	10885
-614	11746
-613	7851
-612	10732
-611	14949
-610	9718
-609	13927
-608	11752
-607	10893
-606	7690
-605	11907
-604	6676
-603	15957
-602	12762
-601	13935
-600	7696
-599	14767
-598	3634
-597	13753
-596	10732
-595	12739
-594	10738
-593	11725
-592	3640
-591	10711
-590	7690
-589	9697
-588	12764
-587	8683
-586	6682
-585	10717
-584	7696
-583	6655
-582	11746
-581	8677
-580	9724
-579	8691
-578	10738
-577	6661
-576	11752
-575	6647
-574	12766
-573	8685
-572	13780
-571	6667
-570	14794
-569	6653
-568	13908
-567	8679
-566	12894
-565	8693
-564	11880
-563	6659
-562	13914
-561	10709
-560	12888
-559	8687
-558	8838
-557	9701
-556	11888
-555	10715
-554	13906
-553	11729
-552	8832
-551	12743
-550	8846
-549	13757
-548	13912
-547	12829
-546	11874
-545	11815
-544	8840
-543	10801
-542	12902
-541	9787
-540	13904
-539	14857
-538	11882
-537	7759
-536	12896
-535	6745
-534	13690
-533	13843
-532	12676
-531	10801
-530	11662
-529	3703
-528	10648
-527	10801
-526	9634
-525	13843
-524	8620
-523	6745
-522	7606
-521	7759
-520	6592
-519	14857
-518	8614
-517	9787
-516	7612
-515	10801
-514	3550
-513	11815
-512	6584
-511	12829
-510	8622
-509	13843
-508	3556
-507	14857
-506	3542
-505	13845
-504	8616
-503	12831
-502	6598
-501	11817
-500	3548
-499	10803
-498	7598
-497	12825
-496	8624
-495	8775
-494	6590
-493	10809
-492	7604
-491	10795
-490	8618
-489	8769
-488	9632
-487	8783
-486	10646
-485	10801
-484	11660
-483	8763
-482	12674
-481	8777
-480	13688
-479	10807
-478	12898
-477	10793
-476	14920
-475	8771
-474	10870
-473	12833
-472	9856
-471	10799
-470	15938
-469	11813
-468	10864
-467	12827
-466	6814
-465	13759
-464	13912
-463	12745
-462	13906
-461	11731
-460	6808
-459	10717
-458	10870
-457	9703
-456	15936
-455	11725
-454	9850
-453	7675
-452	10864
-451	6661
-450	14926
-449	9695
-448	12892
-447	10717
-446	13906
-445	3619
-444	14796
-443	6653
-442	13782
-441	11727
-440	12768
-439	6661
-438	11754
-437	3611
-436	10740
-435	10709
-434	12762
-433	9703
-432	8712
-431	6653
-430	7698
-429	7667
-428	10732
-427	11729
-426	8706
-425	9695
-424	7704
-423	10709
-422	7690
-421	11723
-420	8700
-419	12737
-418	8714
-417	13751
-416	7696
-415	14765
-414	7682
-413	15779
-412	8708
-411	12923
-410	10738
-409	11909
-408	7688
-407	14943
-406	8702
-405	12917
-404	12764
-403	8867
-402	10730
-401	14949
-400	11744
-399	12911
-398	12758
-397	8861
-396	13772
-395	12923
-394	12814
-393	14941
-392	14836
-391	8855
-390	10786
-389	12917
-388	9772
-387	14947
-386	12806
-385	11897
-384	10780
-383	12911
-382	6730
-381	16973
-380	9764
-379	14939
-378	13822
-377	15879
-376	6724
-375	14865
-374	6722
-373	13851
-372	13820
-371	15873
-370	9766
-369	11823
-368	6716
-367	10809
-366	10778
-365	13843
-364	12808
-363	11817
-362	9758
-361	7767
-360	10772
-359	10801
-358	14834
-357	11811
-356	12800
-355	10809
-354	13814
-353	7759
-352	14828
-351	10793
-350	15842
-349	11819
-348	12860
-347	10801
-346	11846
-345	7751
-344	14880
-343	11813
-342	12854
-341	13843
-340	8804
-339	10793
-338	11838
-337	11807
-336	12848
-335	15869
-334	8798
-333	13835
-332	11844
-331	14849
-330	11830
-329	15541
-328	8792
-327	13897
-326	12854
-325	12883
-324	11836
-323	15547
-322	8786
-321	13891
-320	12848
-319	9841
-318	14878
-317	12875
-316	11828
-315	13885
-314	12842
-313	9835
-312	16904
-311	9833
-310	14502
-309	15915
-308	14504
-307	9829
-306	14506
-305	9827
-304	13920
-303	13889
-302	14510
-301	12871
-300	14512
-299	9821
-298	10878
-297	13883
-296	13912
-295	15913
-294	14518
-293	12863
-292	10872
-291	13463
-290	10870
-289	16513
-288	13904
-287	13467
-286	13914
-285	13469
-284	10864
-283	14957
-282	10862
-281	13473
-280	14924
-279	13475
-278	13906
-277	11915
-276	10856
-275	14949
-274	14918
-273	13481
-272	16488
-271	11909
-270	12426
-269	11907
-268	12428
-267	14941
-266	15478
-265	11903
-264	12432
-263	14949
-262	15470
-261	11899
-260	12436
-259	11897
-258	12438
-257	15959
-256	12952
-255	14941
-254	15478
-253	11385
-252	12444
-251	14435
-250	12946
-249	15453
-248	12944
-247	11391
-246	15486
-245	11393
-244	12940
-243	14443
-242	12938
-241	14433
-240	15984
-239	11399
-238	12934
-237	11401
-236	12932
-235	13989
-234	16442
-233	14441
-232	14412
-231	11407
-230	10350
-229	13983
-228	13400
-227	13981
-226	14418
-225	14449
-224	10356
-223	13977
-222	10358
-221	13975
-220	16444
-219	13973
-218	10362
-217	17019
-216	10364
-215	13371
-214	14414
-213	12357
-212	13404
-211	15407
-210	10370
-209	13377
-208	14420
-207	9315
-206	15018
-205	12365
-204	13412
-203	13383
-202	14426
-201	9321
-200	15012
-199	12359
-198	15010
-197	12373
-196	14364
-195	9327
-194	16398
-193	13377
-192	12336
-191	12367
-190	11322
-189	9333
-188	14372
-187	13383
-186	12342
-185	15409
-184	8280
-183	12375
-182	11330
-181	13389
-180	12348
-179	16049
-178	11322
-177	15357
-176	8288
-175	14343
-174	11338
-173	13329
-172	12340
-171	15363
-170	11330
-169	11301
-168	8296
-167	10287
-166	12346
-165	13337
-164	14372
-163	11307
-162	11338
-161	7245
-160	12352
-159	10295
-158	16350
-157	14349
-156	14380
-155	7251
-154	14322
-153	7253
-152	13308
-151	14351
-150	12294
-149	10293
-148	14328
-147	7259
-146	10266
-145	11309
-144	9252
-143	13335
-142	12302
-141	10301
-140	10272
-139	11315
-138	6210
-137	15365
-136	12296
-135	13343
-134	10278
-133	14357
-132	6216
-131	15371
-130	10266
-129	15447
-128	12304
-127	14433
-126	6222
-125	16467
-124	10272
-123	12405
-122	12298
-121	11391
-120	9264
-119	14441
-118	10278
-117	12411
-116	14328
-115	11385
-114	12306
-113	11399
-112	13320
-111	12417
-110	13266
-109	12403
-108	12252
-107	11393
-106	11238
-105	11407
-104	10224
-103	12409
-102	12258
-101	14435
-100	8196
-99	11401
-98	7182
-97	12415
-96	10232
-95	16287
-94	11238
-93	14443
-92	4140
-91	14259
-90	7190
-89	13245
-88	12256
-87	12231
-86	7182
-85	11217
-84	4148
-83	10203
-82	11246
-81	9189
-80	10224
-79	11223
-78	7190
-77	7161
-76	8204
-75	6147
-74	12254
-73	12233
-72	10232
-71	7167
-70	11246
-69	3105
-68	12260
-67	10203
-66	13274
-65	10209
-64	14288
-63	3111
-62	14414
-61	7161
-60	13400
-59	12235
-58	12386
-57	6153
-56	14420
-55	7167
-54	10358
-53	11217
-52	12380
-51	9195
-50	12394
-49	10209
-48	10364
-47	11223
-46	10350
-45	12237
-44	12388
-43	13251
-42	10370
-41	13335
-40	10356
-39	12321
-38	12382
-37	11307
-36	12396
-35	10293
-34	10362
-33	12327
-32	14412
-31	11301
-30	12390
-29	7251
-28	13404
-27	10301
-26	13182
-25	12319
-24	12168
-23	7245
-22	11154
-21	7259
-20	10140
-19	12325
-18	9126
-17	10287
-16	8112
-15	7253
-14	7098
-13	11315
-12	6084
-11	12317
-10	11154
-9	10295
-8	4056
-7	11309
-6	3042
-5	12323
-4	10140
-3	13337
-2	7098
-1	14351
0	0
1	14351
2	7098
3	13337
4	10140
5	12323
6	3042
7	11309
8	4056
9	10295
10	11154
11	12317
12	6084
13	11315
14	7098
15	7253
16	8112
17	10287
18	9126
19	12325
20	10140
21	7259
22	11154
23	7245
24	12168
25	12319
26	13182
27	10301
28	13404
29	7251
30	12390
31	11301
32	14412
33	12327
34	10362
35	10293
36	12396
37	11307
38	12382
39	12321
40	10356
41	13335
42	10370
43	13251
44	12388
45	12237
46	10350
47	11223
48	10364
49	10209
50	12394
51	9195
52	12380
53	11217
54	10358
55	7167
56	14420
57	6153
58	12386
59	12235
60	13400
61	7161
62	14414
63	3111
64	14288
65	10209
66	13274
67	10203
68	12260
69	3105
70	11246
71	7167
72	10232
73	12233
74	12254
75	6147
76	8204
77	7161
78	7190
79	11223
80	10224
81	9189
82	11246
83	10203
84	4148
85	11217
86	7182
87	12231
88	12256
89	13245
90	7190
91	14259
92	4140
93	14443
94	11238
95	16287
96	10232
97	12415
98	7182
99	11401
100	8196
101	14435
102	12258
103	12409
104	10224
105	11407
106	11238
107	11393
108	12252
109	12403
110	13266
111	12417
112	13320
113	11399
114	12306
115	11385
116	14328
117	12411
118	10278
119	14441
120	9264
121	11391
122	12298
123	12405
124	10272
125	16467
126	6222
127	14433
128	12304
129	15447
130	10266
131	15371
132	6216
133	14357
134	10278
135	13343
136	12296
137	15365
138	6210
139	11315
140	10272
141	10301
142	12302
143	13335
144	9252
145	11309
146	10266
147	7259
148	14328
149	10293
150	12294
151	14351
152	13308
153	7253
154	14322
155	7251
156	14380
157	14349
158	16350
159	10295
160	12352
161	7245
162	11338
163	11307
164	14372
165	13337
166	12346
167	10287
168	8296
169	11301
170	11330
171	15363
172	12340
173	13329
174	11338
175	14343
176	8288
177	15357
178	11322
179	16049
180	12348
181	13389
182	11330
183	12375
184	8280
185	15409
186	12342
187	13383
188	14372
189	9333
190	11322
191	12367
192	12336
193	13377
194	16398
195	9327
196	14364
197	12373
198	15010
199	12359
200	15012
201	9321
202	14426
203	13383
204	13412
205	12365
206	15018
207	9315
208	14420
209	13377
210	10370
211	15407
212	13404
213	12357
214	14414
215	13371
216	10364
217	17019
218	10362
219	13973
220	16444
221	13975
222	10358
223	13977
224	10356
225	14449
226	14418
227	13981
228	13400
229	13983
230	10350
231	11407
232	14412
233	14441
234	16442
235	13989
236	12932
237	11401
238	12934
239	11399
240	15984
241	14433
242	12938
243	14443
244	12940
245	11393
246	15486
247	11391
248	12944
249	15453
250	12946
251	14435
252	12444
253	11385
254	15478
255	14941
256	12952
257	15959
258	12438
259	11897
260	12436
261	11899
262	15470
263	14949
264	12432
265	11903
266	15478
267	14941
268	12428
269	11907
270	12426
271	11909
272	16488
273	13481
274	14918
275	14949
276	10856
277	11915
278	13906
279	13475
280	14924
281	13473
282	10862
283	14957
284	10864
285	13469
286	13914
287	13467
288	13904
289	16513
290	10870
291	13463
292	10872
293	12863
294	14518
295	15913
296	13912
297	13883
298	10878
299	9821
300	14512
301	12871
302	14510
303	13889
304	13920
305	9827
306	14506
307	9829
308	14504
309	15915
310	14502
311	9833
312	16904
313	9835
314	12842
315	13885
316	11828
317	12875
318	14878
319	9841
320	12848
321	13891
322	8786
323	15547
324	11836
325	12883
326	12854
327	13897
328	8792
329	15541
330	11830
331	14849
332	11844
333	13835
334	8798
335	15869
336	12848
337	11807
338	11838
339	10793
340	8804
341	13843
342	12854
343	11813
344	14880
345	7751
346	11846
347	10801
348	12860
349	11819
350	15842
351	10793
352	14828
353	7759
354	13814
355	10809
356	12800
357	11811
358	14834
359	10801
360	10772
361	7767
362	9758
363	11817
364	12808
365	13843
366	10778
367	10809
368	6716
369	11823
370	9766
371	15873
372	13820
373	13851
374	6722
375	14865
376	6724
377	15879
378	13822
379	14939
380	9764
381	16973
382	6730
383	12911
384	10780
385	11897
386	12806
387	14947
388	9772
389	12917
390	10786
391	8855
392	14836
393	14941
394	12814
395	12923
396	13772
397	8861
398	12758
399	12911
400	11744
401	14949
402	10730
403	8867
404	12764
405	12917
406	8702
407	14943
408	7688
409	11909
410	10738
411	12923
412	8708
413	15779
414	7682
415	14765
416	7696
417	13751
418	8714
419	12737
420	8700
421	11723
422	7690
423	10709
424	7704
425	9695
426	8706
427	11729
428	10732
429	7667
430	7698
431	6653
432	8712
433	9703
434	12762
435	10709
436	10740
437	3611
438	11754
439	6661
440	12768
441	11727
442	13782
443	6653
444	14796
445	3619
446	13906
447	10717
448	12892
449	9695
450	14926
451	6661
452	10864
453	7675
454	9850
455	11725
456	15936
457	9703
458	10870
459	10717
460	6808
461	11731
462	13906
463	12745
464	13912
465	13759
466	6814
467	12827
468	10864
469	11813
470	15938
471	10799
472	9856
473	12833
474	10870
475	8771
476	14920
477	10793
478	12898
479	10807
480	13688
481	8777
482	12674
483	8763
484	11660
485	10801
486	10646
487	8783
488	9632
489	8769
490	8618
491	10795
492	7604
493	10809
494	6590
495	8775
496	8624
497	12825
498	7598
499	10803
500	3548
501	11817
502	6598
503	12831
504	8616
505	13845
506	3542
507	14857
508	3556
509	13843
510	8622
511	12829
512	6584
513	11815
514	3550
515	10801
516	7612
517	9787
518	8614
519	14857
520	6592
521	7759
522	7606
523	6745
524	8620
525	13843
526	9634
527	10801
528	10648
529	3703
530	11662
531	10801
532	12676
533	13843
534	13690
535	6745
536	12896
537	7759
538	11882
539	14857
540	13904
541	9787
542	12902
543	10801
544	8840
545	11815
546	11874
547	12829
548	13912
549	13757
550	8846
551	12743
552	8832
553	11729
554	13906
555	10715
556	11888
557	9701
558	8838
559	8687
560	12888
561	10709
562	13914
563	6659
564	11880
565	8693
566	12894
567	8679
568	13908
569	6653
570	14794
571	6667
572	13780
573	8685
574	12766
575	6647
576	11752
577	6661
578	10738
579	8691
580	9724
581	8677
582	11746
583	6655
584	7696
585	10717
586	6682
587	8683
588	12764
589	9697
590	7690
591	10711
592	3640
593	11725
594	10738
595	12739
596	10732
597	13753
598	3634
599	14767
600	7696
601	13935
602	12762
603	15957
604	6676
605	11907
606	7690
607	10893
608	11752
609	13927
610	9718
611	14949
612	10732
613	7851
614	11746
615	10885
616	12760
617	15959
618	13774
619	10893
620	12812
621	7843
622	11798
623	14941
624	13820
625	13935
626	9770
627	10885
628	8756
629	11899
630	11790
631	15961
632	9764
633	13927
634	8762
635	14941
636	8748
637	15877
638	9758
639	14863
640	9772
641	13849
642	8754
643	12835
644	8740
645	14857
646	9766
647	10807
648	11796
649	9793
650	8746
651	12827
652	9760
653	10801
654	13822
655	6751
656	11788
657	12833
658	12802
659	10795
660	13816
661	6745
662	14830
663	10807
664	13872
665	12825
666	15894
667	6739
668	11844
669	10801
670	10830
671	12831
672	13864
673	9781
674	11838
675	10795
676	7788
677	14857
678	10822
679	12823
680	14880
681	13837
682	7782
683	14851
684	7780
685	14909
686	14878
687	16557
688	10824
689	12881
690	7774
691	11867
692	11836
693	14901
694	13866
695	12875
696	10816
697	8825
698	11830
699	11859
700	15892
701	12869
702	13858
703	11867
704	14872
705	8817
706	15518
707	11851
708	15520
709	12877
710	13918
711	11859
712	12904
713	8809
714	15526
715	12871
716	13912
717	14901
718	9862
719	11851
720	12896
721	12865
722	13906
723	16927
724	9856
725	14479
726	12902
727	14481
728	12888
729	14483
730	9850
731	14485
732	13912
733	13941
734	12894
735	14489
736	9844
737	14491
738	13906
739	10899
740	15936
741	13933
742	12886
743	14497
744	13440
745	10893
746	16490
747	10891
748	13444
749	16973
750	13446
751	10887
752	13448
753	10885
754	14978
755	14947
756	13452
757	13929
758	13454
759	10879
760	11936
761	14941
762	14970
763	16465
764	13460
765	12403
766	11930
767	12405
768	11928
769	15455
770	14962
771	12409
772	14972
773	12411
774	11922
775	15449
776	11920
777	12415
778	15982
779	12417
780	14964
781	12973
782	11362
783	15457
784	14412
785	12423
786	15430
787	12967
788	11368
789	12965
790	11370
791	15465
792	14420
793	12961
794	11374
795	16007
796	14412
797	12957
798	11378
799	12955
800	11380
801	16419
802	14010
803	14389
804	14420
805	10327
806	11386
807	13377
808	14004
809	14395
810	14002
811	10333
812	14428
813	10335
814	13998
815	13385
816	13996
817	13375
818	17042
819	10341
820	13348
821	10343
822	12334
823	14393
824	15384
825	13383
826	13354
827	10349
828	9292
829	14399
830	12342
831	15039
832	13360
833	13391
834	9298
835	14405
836	9300
837	15033
838	15386
839	14341
840	9304
841	16375
842	9306
843	12313
844	13356
845	11299
846	12346
847	14349
848	9312
849	12319
850	13362
851	8257
852	15388
853	11307
854	12354
855	12325
856	13368
857	8263
858	15334
859	11301
860	14320
861	11315
862	13306
863	8269
864	15340
865	12319
866	11278
867	11309
868	10264
869	8275
870	13314
871	12325
872	11284
873	14351
874	7222
875	11317
876	10272
877	12331
878	11290
879	16381
880	10264
881	14359
882	7230
883	15373
884	10280
885	15445
886	11282
887	17401
888	10272
889	13417
890	7238
891	12403
892	11288
893	15453
894	13314
895	13423
896	10280
897	9361
898	11294
899	12411
900	15292
901	16465
902	13322
903	9367
904	13264
905	9369
906	12250
907	16467
908	11236
909	12409
910	13270
911	9375
912	9208
913	13425
914	8194
915	15451
916	11244
917	12417
918	9214
919	13431
920	5152
921	15271
922	11238
923	14257
924	9220
925	13243
926	5158
927	12229
928	9208
929	11215
930	11246
931	10201
932	5164
933	12235
934	9214
935	8173
936	11240
937	7159
938	8206
939	10209
940	9220
941	8179
942	13270
943	7153
944	11248
945	7167
946	12262
947	8185
948	13276
949	8171
950	14290
951	7161
952	14412
953	7175
954	13398
955	8177
956	15432
957	10203
958	11370
959	7169
960	10356
961	8183
962	13406
963	12233
964	14412
965	10211
966	7314
967	11225
968	10364
969	12239
970	15430
971	13253
972	10356
973	13333
974	7322
975	12319
976	14420
977	11305
978	13398
979	13339
980	10364
981	9277
982	11378
983	8263
984	15208
985	14349
986	13406
987	9283
988	13180
989	5221
990	12166
991	12319
992	11152
993	12325
994	10138
995	5227
996	9124
997	9277
998	8110
999	14351
1000	7096
1001	8269
1002	9130
1003	9283
1004	5068
1005	13333
1006	7090
1007	11311
1008	7104
1009	12325
1010	5074
1011	13339
1012	5060
1013	14353
1014	7098
1015	14349
1016	5080
1017	13335
1018	5066
1019	12321
1020	7092
1021	11307
1022	7106
1023	10293
1024	5072
1025	12327
1026	9122
1027	11301
1028	7100
1029	7251
1030	8114
1031	10301
1032	9128
1033	12319
1034	10142
1035	7245
1036	11156
1037	7259
1038	12170
1039	12325
1040	13184
1041	10287
1042	13402
1043	7253
1044	12388
1045	11315
1046	11374
1047	12317
1048	16444
1049	10295
1050	9346
1051	11309
1052	8332
1053	12323
1054	15430
1055	13337
1056	12388
1057	13249
1058	5290
1059	12235
1060	12388
1061	11221
1062	15430
1063	10207
1064	8332
1065	9193
1066	9346
1067	8179
1068	16444
1069	10201
1070	11374
1071	9199
1072	12388
1073	5137
1074	13402
1075	8171
1076	14416
1077	10209
1078	14286
1079	5143
1080	13272
1081	5129
1082	12258
1083	10203
1084	11244
1085	8185
1086	10230
1087	5135
1088	9216
1089	9185
1090	11238
1091	10211
1092	7188
1093	8177
1094	9222
1095	9191
1096	9208
1097	10205
1098	7182
1099	11219
1100	7196
1101	12233
1102	9214
1103	13247
1104	7176
1105	14261
1106	7190
1107	14441
1108	9220
1109	13427
1110	9206
1111	15449
1112	7184
1113	11399
1114	11246
1115	10385
1116	9212
1117	16467
1118	10226
1119	11393
1120	11240
1121	7343
1122	12254
1123	14441
1124	13268
1125	14435
1126	13318
1127	7337
1128	12304
1129	11399
1130	11290
1131	16465
1132	13312
1133	10379
1134	9262
1135	11393
1136	8248
1137	15455
1138	11282
1139	13421
1140	12304
1141	14435
1142	5206
1143	15449
1144	8240
1145	15369
1146	13314
1147	14355
1148	8248
1149	13341
1150	5198
1151	12327
1152	12296
1153	14349
1154	11290
1155	10299
1156	8240
1157	9285
1158	9254
1159	12319
1160	13316
1161	10293
1162	11282
1163	9291
1164	12296
1165	9277
1166	13310
1167	10287
1168	14324
1169	10301
1170	14378
1171	9283
1172	13364
1173	9269
1174	15386
1175	10295
1176	11336
1177	12325
1178	10322
1179	9275
1180	13356
1181	10289
1182	11330
1183	14351
1184	7280
1185	12317
1186	13362
1187	13331
1188	11324
1189	14345
1190	7274
1191	15359
1192	11336
1193	14401
1194	13354
1195	16423
1196	7268
1197	12373
1198	11330
1199	11359
1200	13360
1201	14393
1202	10310
1203	12367
1204	11324
1205	8317
1206	15386
1207	11351
1208	13352
1209	15409
1210	14366
1211	8311
1212	15380
1213	8309
1214	15438
1215	15407
1216	16028
1217	11353
1218	13410
1219	8303
1220	12396
1221	12365
1222	15430
1223	14395
1224	13404
1225	11345
1226	9354
1227	12359
1228	12388
1229	16421
1230	13398
1231	14387
1232	12396
1233	14987
1234	9346
1235	14989
1236	12380
1237	14991
1238	13406
1239	14447
1240	12388
1241	13433
1242	9338
1243	14997
1244	13400
1245	14441
1246	15430
1247	10391
1248	12380
1249	13425
1250	13394
1251	14435
1252	16996
1253	10385
1254	13950
1255	13431
1256	13952
1257	13417
1258	13954
1259	10379
1260	13956
1261	14441
1262	14470
1263	13423
1264	13960
1265	10373
1266	13962
1267	14435
1268	11428
1269	16465
1270	14462
1271	12909
1272	13968
1273	12911
1274	11422
1275	15961
1276	11420
1277	12915
1278	17010
1279	12917
1280	11416
1281	12919
1282	11414
1283	15507
1284	15476
1285	12923
1286	14458
1287	12925
1288	11408
1289	12465
1290	14918
1291	15499
1292	15936
1293	12931
1294	11874
1295	12459
1296	11876
1297	12457
1298	14926
1299	15491
1300	11880
1301	15501
1302	11882
1303	12451
1304	14920
1305	12449
1306	11886
1307	16511
1308	11888
1309	14895
1310	13502
1311	10833
1312	14928
1313	13883
1314	11894
1315	14901
1316	13496
1317	10839
1318	13494
1319	10841
1320	14936
1321	13891
1322	13490
1323	10845
1324	16536
1325	13883
1326	13486
1327	10849
1328	12840
1329	10851
1330	15890
1331	14539
1332	13860
1333	13891
1334	9798
1335	10857
1336	12848
1337	14533
1338	13866
1339	14531
1340	9804
1341	13899
1342	9806
1343	14527
1344	12856
1345	14525
1346	12846
1347	16881
1348	9812
1349	12819
1350	9814
1351	11805
1352	13864
1353	14855
1354	12854
1355	12825
1356	9820
1357	8763
1358	13870
1359	11813
1360	15568
1361	12831
1362	12862
1363	8769
1364	13876
1365	8771
1366	14826
1367	14857
1368	13812
1369	8775
1370	15846
1371	8777
1372	11784
1373	12827
1374	10770
1375	11817
1376	13820
1377	8783
1378	11790
1379	12833
1380	7728
1381	14859
1382	10778
1383	11825
1384	11796
1385	12839
1386	7734
1387	16599
1388	10772
1389	14867
1390	10786
1391	15881
1392	7740
1393	16895
1394	11790
1395	13923
1396	10780
1397	12909
1398	7746
1399	15959
1400	11796
1401	13929
1402	13822
1403	9867
1404	10788
1405	12917
1406	11802
1407	13935
1408	14784
1409	12909
1410	13770
1411	9875
1412	12756
1413	12925
1414	11742
1415	13927
1416	13776
1417	12917
1418	9714
1419	9883
1420	8700
1421	13933
1422	11750
1423	15959
1424	9720
1425	12925
1426	5658
1427	13939
1428	8708
1429	14763
1430	12762
1431	13749
1432	5664
1433	12735
1434	5666
1435	11721
1436	12764
1437	10707
1438	8706
1439	12741
1440	5672
1441	8679
1442	9722
1443	7665
1444	11748
1445	10715
1446	8714
1447	8685
1448	9728
1449	4623
1450	13778
1451	10709
1452	11756
1453	8691
1454	12770
1455	4629
1456	13784
1457	8679
1458	14798
1459	10717
1460	13904
1461	4635
1462	15938
1463	8685
1464	11876
1465	10711
1466	10862
1467	7677
1468	13912
1469	8691
1470	11882
1471	12741
1472	10856
1473	10719
1474	10870
1475	11733
1476	11888
1477	12747
1478	11874
1479	13761
1480	10864
1481	12825
1482	10878
1483	11811
1484	11880
1485	13845
1486	13906
1487	9783
1488	10872
1489	8769
1490	11886
1491	11819
1492	14700
1493	12825
1494	13686
1495	5727
1496	12672
1497	8777
1498	11658
1499	13843
1500	10644
1501	8769
1502	9630
1503	5735
1504	8616
1505	12833
1506	7602
1507	11811
1508	9636
1509	8777
1510	5574
1511	9791
1512	4560
1513	13841
1514	10646
1515	11819
1516	5580
1517	12833
1518	1518
1519	13847
1520	8616
1521	14855
1522	8622
1523	13841
1524	1524
1525	12827
1526	5574
1527	11813
1528	10648
1529	10799
1530	4566
1531	12833
1532	5580
1533	8771
1534	9630
1535	10793
1536	7608
1537	10807
1538	8622
1539	8777
1540	9636
1541	8763
1542	10650
1543	10801
1544	11664
1545	8783
1546	12678
1547	8769
1548	13692
1549	10795
1550	12894
1551	10809
1552	11880
1553	8775
1554	13914
1555	12825
1556	12888
1557	10803
1558	8838
1559	11817
1560	11888
1561	12831
1562	13906
1563	13755
1564	8832
1565	12741
1566	8846
1567	11727
1568	13912
1569	10713
1570	11874
1571	9699
1572	8840
1573	8685
1574	12902
1575	7671
1576	13904
1577	12741
1578	11882
1579	5643
1580	12896
1581	4629
1582	13910
1583	11727
1584	14792
1585	8685
1586	13778
1587	1587
1588	12764
1589	8685
1590	11750
1591	11727
1592	10736
1593	4629
1594	9722
1595	5643
1596	8708
1597	12741
1598	10730
1599	7671
1600	9728
1601	8685
1602	5666
1603	9699
1604	8700
1605	10713
1606	10738
1607	11727
1608	5672
1609	12741
1610	5658
1611	13755
1612	10732
1613	14769
1614	8714
1615	13933
1616	5664
1617	12919
1618	9714
1619	14941
1620	10740
1621	10891
1622	8706
1623	12925
1624	9720
1625	12911
1626	10734
1627	10885
1628	11748
1629	10899
1630	12762
1631	12917
1632	13776
1633	10879
1634	12810
1635	10893
1636	11796
1637	12923
1638	10782
1639	12909
1640	12804
1641	10887
1642	8754
1643	14949
1644	7740
1645	12915
1646	13822
1647	13929
1648	8748
1649	14943
1650	4698
1651	15875
1652	11796
1653	14861
1654	11790
1655	13847
1656	4692
1657	12833
1658	8754
1659	11819
1660	13820
1661	13841
1662	7734
1663	9791
1664	8748
1665	8777
1666	12810
1667	11811
1668	10776
1669	12833
1670	11790
1671	5735
1672	12804
1673	8769
1674	13818
1675	13843
1676	14832
1677	8777
1678	13870
1679	5727
1680	12856
1681	12825
1682	14878
1683	11819
1684	10828
1685	8769
1686	9814
1687	9783
1688	12848
1689	13845
1690	10822
1691	11811
1692	9820
1693	12825
1694	9806
1695	13839
1696	10816
1697	14853
1698	10830
1699	14907
1700	9812
1701	13893
1702	9798
1703	15915
1704	10824
1705	11865
1706	12854
1707	10851
1708	9804
1709	13885
1710	10818
1711	11859
1712	14880
1713	7809
1714	12846
1715	13891
1716	13860
1717	11853
1718	14874
1719	7803
1720	15888
1721	11865
1722	14930
1723	13883
1724	16536
1725	7797
1726	12902
1727	11859
1728	11888
1729	13889
1730	14922
1731	10839
1732	12896
1733	11853
1734	8846
1735	15915
1736	11880
1737	13881
1738	15938
1739	14895
1740	8840
1741	15495
1742	8838
1743	15497
1744	15936
1745	15499
1746	11882
1747	13939
1748	8832
1749	12925
1750	12894
1751	15505
1752	14924
1753	13933
1754	11874
1755	9883
1756	12888
1757	12917
1758	16950
1759	13927
1760	14456
1761	12925
1762	14458
1763	9875
1764	14460
1765	12909
1766	14462
1767	13935
1768	14464
1769	12917
1770	13962
1771	9867
1772	14468
1773	13929
1774	14470
1775	15959
1776	10920
1777	12909
1778	13954
1779	13417
1780	14476
1781	16467
1782	10914
1783	13421
1784	13960
1785	13423
1786	13946
1787	13425
1788	10908
1789	13427
1790	14970
1791	14999
1792	13952
1793	13431
1794	10902
1795	13433
1796	14964
1797	11957
1798	16442
1799	14991
1800	12380
1801	13439
1802	12382
1803	11951
1804	15432
1805	11949
1806	12386
1807	16481
1808	12388
1809	11945
1810	12390
1811	11943
1812	15428
1813	16005
1814	12394
1815	14987
1816	12396
1817	11339
1818	12994
1819	14389
1820	15436
1821	15407
1822	12402
1823	11345
1824	12988
1825	11347
1826	12986
1827	14397
1828	15444
1829	11351
1830	16030
1831	11353
1832	12980
1833	14391
1834	12978
1835	11357
1836	16396
1837	11359
1838	14366
1839	14031
1840	10304
1841	14399
1842	13354
1843	11365
1844	14372
1845	14025
1846	10310
1847	14023
1848	10312
1849	14407
1850	13362
1851	14019
1852	10316
1853	17065
1854	13354
1855	13325
1856	10320
1857	12311
1858	10322
1859	15361
1860	14372
1861	13331
1862	13362
1863	9269
1864	10328
1865	12319
1866	14378
1867	13337
1868	15060
1869	9275
1870	13370
1871	9277
1872	14384
1873	12327
1874	14318
1875	12317
1876	16352
1877	9283
1878	12290
1879	9285
1880	11276
1881	13335
1882	14326
1883	12325
1884	12296
1885	9291
1886	8234
1887	13341
1888	11284
1889	15367
1890	12302
1891	12333
1892	8240
1893	13347
1894	8242
1895	16091
1896	14328
1897	15375
1898	8246
1899	16389
1900	8248
1901	14429
1902	12298
1903	13415
1904	11288
1905	16465
1906	8254
1907	14435
1908	12304
1909	10373
1910	14330
1911	13423
1912	11296
1913	14441
1914	12310
1915	10379
1916	14276
1917	13417
1918	13262
1919	13431
1920	12248
1921	10385
1922	14282
1923	14435
1924	10220
1925	13425
1926	9206
1927	10391
1928	12256
1929	14441
1930	10226
1931	16467
1932	6164
1933	13433
1934	9214
1935	14447
1936	10232
1937	14255
1938	9206
1939	13241
1940	6172
1941	12227
1942	9222
1943	11213
1944	10224
1945	13247
1946	9214
1947	9185
1948	6180
1949	8171
1950	10230
1951	11221
1952	12256
1953	9191
1954	9222
1955	5129
1956	10236
1957	8179
1958	14286
1959	12233
1960	12264
1961	5135
1962	13278
1963	5137
1964	14292
1965	12235
1966	14410
1967	8177
1968	16320
1969	5143
1970	12382
1971	9193
1972	11368
1973	11219
1974	14418
1975	8185
1976	12388
1977	9199
1978	8326
1979	13249
1980	14412
1981	11227
1982	12394
1983	12241
1984	8332
1985	13255
1986	12382
1987	13331
1988	14420
1989	12317
1990	8338
1991	14351
1992	12388
1993	10289
1994	14414
1995	9275
1996	11380
1997	12325
1998	12394
1999	10295
2000	14192
2001	9269
2002	13178
2003	9283
2004	12164
2005	10301
2006	11150
2007	10287
2008	10136
2009	9277
2010	9122
2011	9291
2012	8108
2013	10293
2014	10142
2015	12319
2016	6080
2017	9285
2018	5066
2019	10299
2020	8116
2021	14349
2022	9122
2023	12327
2024	2024
2025	13341
2026	5074
2027	14355
2028	10140
2029	14347
2030	5066
2031	13333
2032	2032
2033	12319
2034	9130
2035	11305
2036	8108
2037	13339
2038	5074
2039	9277
2040	6088
2041	8263
2042	10138
2043	14349
2044	8116
2045	9283
2046	9130
2047	5221
2048	10144
2049	12319
2050	11158
2051	12325
2052	12172
2053	5227
2054	13186
2055	9277
2056	13400
2057	14351
2058	12386
2059	8269
2060	14420
2061	9283
2062	10358
2063	13333
2064	12380
2065	11311
2066	12394
2067	12325
2068	10364
2069	13339
2070	10350
2071	13247
2072	12388
2073	12233
2074	10370
2075	11219
2076	10356
2077	10205
2078	12382
2079	9191
2080	12396
2081	8177
2082	10362
2083	10211
2084	14412
2085	9185
2086	12390
2087	5135
2088	13404
2089	8185
2090	14418
2091	10203
2092	14284
2093	5129
2094	13270
2095	5143
2096	12256
2097	10209
2098	11242
2099	8171
2100	10228
2101	5137
2102	9214
2103	9199
2104	8200
2105	10201
2106	13270
2107	8179
2108	6172
2109	9193
2110	5158
2111	10207
2112	12256
2113	11221
2114	9214
2115	12235
2116	2116
2117	13249
2118	9214
2119	14263
2120	12256
2121	14439
2122	5158
2123	13425
2124	6172
2125	12411
2126	13270
2127	14433
2128	8200
2129	13431
2130	9214
2131	9369
2132	10228
2133	12403
2134	11242
2135	14441
2136	12256
2137	9375
2138	13270
2139	9361
2140	13316
2141	14435
2142	12302
2143	12417
2144	11288
2145	9367
2146	10274
2147	13417
2148	12296
2149	14443
2150	8246
2151	12409
2152	10280
2153	13423
2154	10266
2155	14437
2156	8240
2157	15451
2158	8254
2159	15367
2160	10272
2161	14353
2162	8234
2163	13339
2164	8248
2165	12325
2166	10278
2167	11311
2168	10264
2169	13333
2170	8242
2171	9283
2172	12304
2173	8269
2174	10270
2175	14351
2176	11284
2177	9277
2178	12298
2179	5227
2180	13312
2181	12325
2182	14326
2183	12319
2184	14376
2185	5221
2186	13362
2187	9283
2188	12348
2189	14349
2190	14370
2191	8263
2192	10320
2193	9277
2194	9306
2195	13339
2196	12340
2197	11305
2198	13362
2199	12319
2200	6264
2201	13333
2202	9298
2203	14347
2204	14372
2205	15361
2206	9306
2207	14399
2208	6256
2209	13385
2210	13354
2211	15407
2212	12348
2213	11357
2214	9298
2215	10343
2216	10312
2217	13377
2218	14374
2219	11351
2220	12340
2221	10349
2222	13354
2223	10335
2224	14368
2225	11345
2226	15382
2227	11359
2228	15436
2229	10341
2230	14422
2231	10327
2232	16444
2233	11353
2234	12394
2235	13383
2236	11380
2237	10333
2238	14414
2239	11347
2240	12388
2241	15409
2242	8338
2243	13375
2244	14420
2245	14389
2246	12382
2247	15403
2248	8332
2249	16003
2250	12394
2251	15459
2252	14412
2253	16007
2254	8326
2255	13431
2256	12388
2257	12417
2258	14418
2259	15451
2260	11368
2261	13425
2262	12382
2263	9375
2264	16444
2265	12409
2266	14410
2267	16021
2268	14964
2269	9369
2270	14966
2271	9367
2272	14968
2273	16465
2274	14970
2275	12411
2276	14468
2277	9361
2278	13454
2279	13423
2280	14976
2281	15453
2282	14462
2283	12403
2284	10412
2285	13417
2286	13446
2287	16973
2288	14456
2289	13927
2290	13454
2291	13929
2292	10404
2293	13931
2294	13438
2295	13933
2296	14464
2297	13935
2298	13446
2299	14491
2300	10396
2301	13939
2302	14458
2303	13941
2304	16488
2305	11449
2306	12886
2307	14483
2308	12888
2309	13947
2310	15938
2311	11443
2312	12892
2313	14489
2314	12894
2315	14475
2316	12896
2317	11437
2318	12898
2319	15499
2320	15528
2321	14481
2322	12902
2323	11431
2324	12904
2325	14895
2326	12486
2327	15913
2328	15520
2329	11851
2330	12910
2331	11853
2332	12480
2333	14903
2334	12478
2335	11857
2336	15952
2337	11859
2338	12474
2339	11861
2340	12472
2341	14899
2342	16534
2343	11865
2344	14872
2345	11867
2346	10810
2347	13523
2348	13860
2349	14907
2350	14878
2351	11873
2352	10816
2353	13517
2354	10818
2355	13515
2356	13868
2357	14915
2358	10822
2359	15929
2360	10824
2361	13509
2362	13862
2363	12817
2364	10828
2365	15867
2366	10830
2367	13837
2368	14560
2369	9775
2370	13870
2371	12825
2372	10836
2373	13843
2374	14554
2375	9781
2376	14552
2377	9783
2378	13878
2379	12833
2380	14548
2381	9787
2382	16858
2383	12825
2384	12796
2385	9791
2386	11782
2387	9793
2388	14832
2389	13843
2390	12802
2391	12833
2392	8740
2393	9799
2394	11790
2395	13849
2396	12808
2397	15589
2398	8746
2399	12841
2400	8748
2401	13855
2402	11798
2403	15583
2404	11788
2405	15883
2406	8754
2407	14935
2408	8756
2409	13921
2410	12806
2411	16971
2412	11796
2413	14941
2414	8762
2415	10879
2416	12812
2417	13929
2418	14838
2419	14947
2420	11804
2421	10885
2422	12818
2423	10887
2424	13768
2425	16973
2426	12754
2427	10891
2428	14788
2429	10893
2430	10726
2431	14943
2432	9712
2433	13933
2434	12762
2435	10899
2436	10732
2437	14949
2438	6670
2439	16789
2440	9720
2441	13941
2442	10738
2443	14761
2444	6676
2445	13747
2446	9714
2447	12733
2448	9728
2449	11719
2450	6682
2451	13753
2452	10732
2453	9691
2454	9722
2455	8677
2456	6688
2457	11727
2458	10738
2459	9697
2460	12764
2461	5635
2462	9730
2463	8685
2464	10744
2465	9703
2466	14794
2467	8677
2468	12772
2469	5643
2470	13786
2471	8693
2472	14800
2473	9695
2474	15814
2475	8685
2476	12888
2477	5651
2478	11874
2479	9701
2480	14924
2481	11727
2482	12894
2483	8693
2484	8832
2485	9707
2486	11882
2487	13757
2488	15936
2489	11735
2490	8838
2491	12749
2492	8840
2493	13763
2494	15938
2495	12823
2496	11880
2497	14857
2498	8846
2499	10795
2500	12896
2501	9781
2502	14922
2503	12831
2504	11888
2505	10801
2506	12902
2507	6739
2508	13684
2509	12825
2510	12670
2511	10807
2512	11656
2513	6745
2514	10642
2515	10795
2516	9628
2517	12833
2518	8614
2519	6751
2520	10648
2521	10801
2522	6586
2523	12827
2524	5572
2525	9793
2526	8622
2527	10807
2528	6592
2529	14857
2530	5566
2531	12835
2532	5580
2533	13849
2534	6598
2535	14853
2536	6584
2537	13839
2538	5574
2539	12825
2540	5588
2541	11811
2542	6590
2543	13845
2544	8616
2545	9783
2546	5582
2547	8769
2548	6596
2549	11819
2550	10646
2551	12825
2552	8624
2553	5727
2554	9638
2555	8777
2556	10652
2557	13843
2558	11666
2559	8769
2560	12680
2561	5735
2562	13694
2563	12833
2564	12892
2565	11811
2566	14926
2567	8777
2568	10864
2569	9791
2570	9850
2571	13841
2572	15936
2573	11819
2574	10870
2575	12833
2576	6808
2577	13753
2578	13906
2579	12739
2580	13912
2581	11725
2582	6814
2583	10711
2584	10864
2585	9697
2586	15938
2587	8683
2588	9856
2589	10717
2590	10870
2591	6655
2592	14920
2593	8677
2594	12898
2595	8691
2596	13912
2597	6661
2598	14790
2599	6647
2600	13776
2601	8685
2602	12762
2603	6667
2604	11748
2605	6653
2606	10734
2607	8679
2608	9720
2609	8693
2610	8706
2611	6659
2612	10740
2613	10709
2614	9714
2615	8687
2616	5664
2617	9701
2618	8714
2619	10715
2620	10732
2621	11729
2622	5658
2623	12743
2624	5672
2625	13757
2626	10738
2627	14771
2628	8700
2629	13931
2630	5666
2631	12917
2632	9728
2633	11903
2634	10730
2635	16973
2636	8708
2637	9875
2638	9722
2639	8861
2640	10736
2641	15959
2642	11750
2643	12917
2644	12764
2645	5819
2646	13778
2647	12917
2648	12808
2649	15959
2650	11794
2651	8861
2652	10780
2653	9875
2654	9766
2655	16973
2656	11788
2657	11903
2658	10786
2659	12917
2660	6724
2661	13931
2662	9758
2663	14945
2664	11796
2665	15873
2666	6730
2667	14859
2668	6716
2669	13845
2670	11790
2671	12831
2672	9772
2673	11817
2674	6722
2675	10803
2676	10772
2677	12825
2678	11798
2679	8775
2680	9764
2681	10809
2682	10778
2683	10795
2684	11792
2685	8769
2686	12806
2687	8783
2688	13820
2689	10801
2690	14834
2691	8763
2692	13868
2693	8777
2694	12854
2695	10807
2696	11840
2697	10793
2698	13862
2699	8771
2700	9812
2701	12833
2702	8798
2703	10799
2704	14880
2705	11813
2706	9806
2707	12827
2708	5756
2709	13841
2710	12854
2711	14855
2712	12848
2713	14905
2714	5750
2715	13891
2716	9812
2717	12877
2718	14878
2719	14899
2720	8792
2721	10849
2722	9806
2723	9835
2724	13868
2725	12869
2726	11834
2727	13891
2728	12848
2729	6793
2730	13862
2731	9827
2732	14876
2733	14901
2734	15890
2735	9835
2736	14928
2737	6785
2738	13914
2739	13883
2740	15936
2741	12877
2742	11886
2743	9827
2744	10872
2745	10841
2746	13906
2747	14903
2748	11880
2749	12869
2750	10878
2751	13883
2752	10864
2753	14897
2754	11874
2755	15911
2756	11888
2757	15965
2758	10870
2759	14951
2760	10856
2761	16515
2762	11882
2763	12923
2764	13912
2765	11909
2766	10862
2767	14943
2768	11876
2769	12917
2770	15938
2771	8867
2772	13904
2773	14949
2774	14918
2775	12911
2776	15472
2777	8861
2778	15474
2779	12923
2780	15476
2781	14941
2782	15478
2783	8855
2784	13960
2785	12917
2786	12946
2787	14947
2788	15484
2789	11897
2790	13954
2791	12911
2792	9904
2793	16973
2794	12938
2795	14433
2796	15492
2797	14435
2798	9898
2799	14437
2800	9896
2801	14439
2802	16994
2803	14441
2804	12940
2805	14443
2806	9890
2807	13983
2808	13952
2809	14447
2810	15982
2811	14449
2812	12932
2813	10941
2814	13394
2815	13975
2816	16444
2817	14455
2818	13398
2819	13983
2820	13400
2821	10933
2822	13402
2823	13967
2824	13404
2825	14993
2826	13406
2827	13975
2828	15020
2829	10925
2830	13410
2831	14987
2832	13412
2833	16419
2834	11978
2835	12357
2836	15012
2837	12359
2838	13418
2839	15409
2840	11972
2841	12363
2842	15018
2843	12365
2844	15004
2845	12367
2846	11966
2847	12369
2848	16028
2849	15407
2850	15010
2851	12373
2852	11316
2853	12375
2854	14366
2855	13015
2856	15384
2857	15415
2858	11322
2859	12381
2860	11324
2861	13009
2862	14374
2863	13007
2864	11328
2865	15423
2866	11330
2867	13003
2868	11332
2869	13001
2870	14370
2871	16373
2872	11336
2873	14343
2874	11338
2875	10281
2876	14052
2877	13331
2878	14378
2879	14349
2880	11344
2881	10287
2882	14046
2883	10289
2884	14044
2885	13339
2886	14386
2887	10293
2888	15400
2889	10295
2890	13302
2891	13333
2892	12288
2893	10299
2894	15338
2895	10301
2896	13308
2897	14351
2898	9246
2899	13341
2900	12296
2901	10307
2902	13314
2903	14357
2904	9252
2905	15081
2906	9254
2907	13349
2908	12304
2909	14363
2910	9258
2911	18123
2912	12296
2913	15073
2914	9262
2915	14427
2916	9264
2917	17477
2918	13314
2919	15447
2920	12304
2921	11385
2922	9270
2923	14435
2924	13320
2925	15453
2926	15346
2927	11391
2928	12312
2929	11393
2930	13326
2931	14443
2932	13260
2933	14433
2934	15294
2935	11399
2936	11232
2937	11401
2938	10218
2939	15451
2940	13268
2941	14441
2942	11238
2943	11407
2944	7176
2945	15457
2946	10226
2947	16281
2948	11244
2949	14449
2950	7182
2951	14253
2952	7184
2953	13239
2954	13270
2955	12225
2956	7188
2957	14259
2958	7190
2959	10197
2960	11240
2961	9183
2962	10230
2963	12233
2964	7196
2965	10203
2966	11246
2967	6141
2968	13272
2969	9191
2970	10238
2971	10209
2972	11252
2973	6147
2974	15302
2975	9185
2976	13280
2977	9199
2978	14294
2979	6153
2980	15308
2981	10203
2982	13394
2983	9193
2984	12380
2985	6159
2986	15430
2987	10209
2988	13400
2989	12235
2990	9338
2991	9201
2992	12388
2993	10215
2994	13406
2995	14265
2996	12380
2997	12243
2998	9346
2999	13257
3000	12396
3001	13329
3002	13398
3003	15285
3004	12388
3005	11301
3006	9354
3007	10287
3008	13404
3009	13337
3010	15430
3011	11307
3012	12396
3013	7245
3014	13410
3015	10295
3016	13176
3017	14349
3018	12162
3019	7251
3020	11148
3021	7253
3022	10134
3023	14351
3024	9120
3025	10293
3026	11154
3027	7259
3028	7092
3029	11309
3030	6078
3031	13335
3032	9128
3033	10301
3034	7098
3035	11315
3036	3036
3037	15365
3038	9122
3039	13343
3040	7104
3041	14357
3042	3042
3043	14345
3044	7092
3045	13331
3046	9130
3047	12317
3048	3048
3049	14351
3050	7098
3051	10289
3052	9124
3053	9275
3054	6090
3055	12325
3056	7104
3057	10295
3058	11154
3059	9269
3060	9132
3061	9283
3062	10146
3063	10301
3064	11160
3065	10287
3066	12174
3067	9277
3068	13188
3069	9291
3070	13398
3071	10293
3072	15216
3073	12319
3074	11370
3075	9285
3076	10356
3077	10299
3078	13406
3079	14349
3080	14412
3081	12327
3082	7314
3083	13341
3084	10364
3085	13245
3086	15430
3087	12231
3088	10356
3089	11217
3090	7322
3091	10203
3092	14420
3093	9189
3094	13398
3095	11223
3096	10364
3097	7161
3098	11378
3099	6147
3100	15428
3101	12233
3102	13406
3103	7167
3104	14420
3105	3105
3106	14282
3107	10203
3108	13268
3109	10209
3110	12254
3111	3111
3112	11240
3113	7161
3114	10226
3115	12235
3116	9212
3117	6153
3118	11246
3119	7167
3120	7184
3121	11217
3122	9206
3123	9195
3124	9220
3125	10209
3126	7190
3127	11223
3128	7176
3129	12237
3130	9214
3131	13251
3132	7196
3133	14265
3134	7182
3135	14437
3136	9208
3137	13423
3138	9222
3139	12409
3140	7188
3141	14443
3142	11238
3143	13417
3144	9216
3145	9367
3146	10230
3147	12417
3148	11244
3149	14435
3150	12258
3151	9361
3152	13272
3153	9375
3154	13314
3155	14441
3156	12300
3157	12403
3158	11286
3159	9369
3160	10272
3161	13431
3162	9258
3163	14433
3164	14328
3165	12411
3166	7230
3167	13425
3168	6216
3169	14439
3170	13314
3171	15453
3172	10272
3173	15365
3174	3174
3175	14351
3176	10272
3177	13337
3178	13314
3179	12323
3180	6216
3181	11309
3182	7230
3183	10295
3184	14328
3185	12317
3186	9258
3187	11315
3188	10272
3189	7253
3190	11286
3191	10287
3192	12300
3193	12325
3194	13314
3195	7259
3196	14328
3197	7245
3198	14374
3199	12319
3200	13360
3201	10301
3202	12346
3203	7251
3204	11332
3205	11301
3206	13354
3207	12327
3208	9304
3209	10293
3210	11338
3211	11307
3212	11324
3213	12321
3214	9298
3215	13335
3216	9312
3217	14349
3218	11330
3219	15363
3220	9292
3221	14397
3222	9306
3223	13383
3224	11336
3225	12369
3226	11322
3227	14391
3228	9300
3229	10341
3230	13362
3231	9327
3232	11328
3233	15409
3234	12342
3235	10335
3236	13356
3237	6285
3238	14370
3239	13383
3240	15384
3241	13377
3242	15434
3243	6279
3244	14420
3245	10341
3246	13406
3247	15407
3248	15428
3249	9321
3250	11378
3251	10335
3252	10364
3253	14397
3254	13398
3255	12363
3256	14420
3257	13377
3258	7322
3259	14391
3260	10356
3261	15405
3262	15430
3263	16419
3264	10364
3265	15457
3266	7314
3267	14443
3268	14412
3269	16465
3270	13406
3271	12415
3272	10356
3273	11401
3274	11370
3275	14435
3276	15432
3277	12409
3278	13398
3279	11407
3280	14412
3281	11393
3282	15426
3283	12403
3284	15980
3285	12417
3286	15982
3287	11399
3288	15480
3289	11385
3290	15986
3291	12411
3292	13452
3293	14441
3294	12438
3295	11391
3296	15472
3297	12405
3298	13446
3299	16467
3300	9396
3301	14433
3302	15478
3303	14941
3304	13440
3305	14943
3306	9390
3307	14945
3308	13452
3309	14947
3310	15470
3311	14949
3312	9384
3313	14489
3314	13446
3315	13475
3316	15476
3317	14955
3318	12426
3319	14483
3320	13440
3321	10433
3322	16950
3323	13467
3324	13904
3325	14963
3326	13906
3327	10427
3328	13908
3329	10425
3330	13910
3331	17523
3332	13912
3333	13469
3334	13914
3335	10419
3336	14512
3337	14481
3338	13918
3339	16511
3340	13920
3341	12863
3342	11470
3343	12865
3344	14504
3345	15915
3346	13926
3347	12869
3348	14512
3349	12871
3350	11462
3351	12873
3352	14496
3353	12875
3354	15522
3355	12877
3356	14504
3357	15549
3358	11454
3359	12881
3360	14872
3361	12883
3362	15890
3363	12507
3364	11828
3365	15541
3366	11830
3367	12889
3368	14880
3369	12501
3370	11834
3371	15547
3372	11836
3373	14843
3374	11838
3375	12495
3376	11840
3377	16557
3378	14878
3379	14849
3380	11844
3381	10787
3382	11846
3383	13837
3384	13544
3385	14855
3386	14886
3387	10793
3388	11852
3389	10795
3390	13538
3391	13845
3392	13536
3393	10799
3394	14894
3395	10801
3396	13532
3397	10803
3398	12794
3399	13841
3400	15844
3401	10807
3402	13814
3403	10809
3404	9752
3405	14581
3406	12802
3407	13849
3408	13820
3409	10815
3410	9758
3411	14575
3412	9760
3413	14573
3414	12810
3415	13857
3416	9764
3417	14871
3418	9766
3419	14567
3420	12804
3421	14565
3422	9770
3423	17913
3424	9772
3425	15953
3426	13822
3427	11891
3428	12812
3429	14941
3430	9778
3431	15959
3432	13828
3433	11897
3434	15610
3435	11899
3436	12820
3437	14949
3438	13766
3439	11903
3440	15800
3441	14941
3442	11738
3443	11907
3444	10724
3445	11909
3446	13774
3447	15959
3448	11744
3449	14949
3450	7682
3451	11915
3452	10732
3453	15965
3454	11750
3455	15773
3456	7688
3457	14759
3458	7690
3459	13745
3460	10740
3461	12731
3462	10730
3463	14765
3464	7696
3465	10703
3466	7698
3467	9689
3468	11748
3469	12739
3470	10738
3471	10709
3472	7704
3473	6647
3474	11754
3475	9697
3476	13780
3477	10715
3478	10746
3479	6653
3480	11760
3481	6655
3482	15810
3483	12741
3484	13788
3485	6659
3486	14802
3487	6661
3488	13900
3489	10711
3490	12886
3491	9701
3492	15936
3493	6667
3494	13906
3495	10717
3496	9844
3497	12743
3498	12894
3499	9709
3500	13912
3501	10723
3502	9850
3503	14773
3504	12888
3505	12751
3506	12902
3507	13765
3508	9856
3509	14779
3510	13906
3511	11807
3512	12896
3513	10793
3514	9862
3515	13843
3516	13912
3517	11813
3518	15710
3519	7751
3520	12904
3521	10801
3522	13682
3523	11819
3524	12668
3525	10793
3526	11654
3527	7759
3528	10640
3529	10809
3530	9626
3531	11811
3532	11660
3533	10801
3534	7598
3535	7767
3536	6584
3537	11817
3538	9634
3539	13843
3540	7604
3541	10809
3542	3542
3543	11823
3544	6592
3545	15873
3546	10646
3547	13851
3548	3548
3549	14851
3550	3550
3551	13837
3552	10648
3553	12823
3554	6590
3555	14857
3556	3556
3557	10795
3558	7606
3559	9781
3560	9632
3561	12831
3562	6598
3563	10801
3564	7612
3565	6739
3566	11662
3567	12825
3568	9640
3569	10807
3570	10654
3571	6745
3572	11668
3573	10795
3574	12682
3575	12833
3576	13696
3577	6751
3578	14710
3579	10801
3580	11876
3581	12827
3582	10862
3583	9793
3584	13912
3585	10807
3586	11882
3587	14857
3588	10856
3589	12835
3590	10870
3591	13751
3592	11888
3593	12737
3594	11874
3595	11723
3596	10864
3597	10709
3598	10878
3599	9695
3600	11880
3601	11729
3602	13906
3603	7667
3604	10872
3605	6653
3606	11886
3607	9703
3608	15936
3609	10709
3610	13914
3611	3611
3612	14788
3613	6661
3614	13774
3615	11727
3616	12760
3617	6653
3618	11746
3619	3619
3620	10732
3621	10717
3622	9718
3623	9695
3624	11752
3625	6661
3626	7690
3627	7675
3628	6676
3629	11725
3630	12762
3631	9703
3632	7696
3633	10717
3634	3634
3635	11731
3636	10732
3637	12745
3638	10738
3639	13759
3640	3640
3641	14773
3642	7690
3643	13929
3644	12764
3645	12915
3646	6682
3647	14949
3648	7696
3649	10887
3650	11746
3651	12909
3652	9724
3653	12923
3654	10738
3655	10893
3656	11752
3657	10879
3658	12766
3659	12917
3660	13780
3661	10899
3662	12806
3663	10885
3664	11792
3665	12911
3666	10778
3667	12925
3668	9764
3669	10891
3670	11798
3671	14941
3672	10772
3673	12919
3674	6722
3675	13933
3676	9772
3677	14947
3678	11790
3679	15871
3680	6716
3681	14857
3682	6730
3683	13843
3684	11796
3685	12829
3686	9758
3687	11815
3688	6724
3689	10801
3690	10786
3691	9787
3692	11788
3693	14857
3694	9766
3695	7759
3696	10780
3697	6745
3698	11794
3699	13843
3700	12808
3701	10801
3702	13822
3703	3703
3704	14836
3705	10801
3706	13866
3707	13843
3708	12852
3709	6745
3710	11838
3711	7759
3712	10824
3713	14857
3714	12846
3715	9787
3716	11844
3717	10801
3718	7782
3719	11815
3720	10816
3721	12829
3722	12854
3723	13843
3724	7788
3725	14857
3726	7774
3727	14903
3728	12848
3729	13889
3730	10830
3731	12875
3732	7780
3733	11861
3734	11830
3735	13883
3736	12856
3737	9833
3738	10822
3739	11867
3740	11836
3741	11853
3742	12850
3743	9827
3744	13864
3745	9841
3746	14878
3747	11859
3748	15892
3749	9821
3750	14926
3751	9835
3752	13912
3753	11865
3754	12898
3755	11851
3756	14920
3757	9829
3758	10870
3759	13891
3760	9856
3761	11857
3762	15938
3763	12871
3764	10864
3765	13885
3766	6814
3767	14899
3768	13912
3769	15913
3770	13906
3771	15963
3772	6808
3773	14949
3774	10870
3775	13935
3776	15936
3777	15957
3778	9850
3779	11907
3780	10864
3781	10893
3782	14926
3783	13927
3784	12892
3785	14949
3786	13906
3787	7851
3788	14920
3789	10885
3790	15934
3791	15959
3792	16488
3793	10893
3794	15986
3795	7843
3796	14972
3797	14941
3798	16494
3799	13935
3800	12944
3801	10885
3802	11930
3803	11899
3804	14964
3805	15961
3806	12938
3807	13927
3808	11936
3809	14941
3810	11922
3811	15449
3812	12932
3813	15451
3814	12946
3815	15453
3816	11928
3817	15455
3818	11914
3819	15457
3820	12940
3821	13981
3822	14970
3823	12967
3824	11920
3825	15463
3826	12934
3827	13975
3828	16996
3829	9925
3830	14410
3831	16007
3832	14412
3833	13969
3834	14414
3835	9919
3836	14416
3837	13981
3838	14418
3839	15999
3840	14420
3841	9913
3842	14422
3843	13975
3844	14004
3845	16005
3846	14426
3847	12955
3848	14428
3849	13371
3850	10962
3851	16421
3852	13996
3853	13375
3854	14434
3855	13377
3856	10956
3857	13379
3858	10954
3859	13381
3860	17476
3861	13383
3862	13998
3863	13385
3864	10948
3865	15041
3866	15010
3867	13389
3868	16396
3869	13391
3870	12334
3871	11999
3872	12336
3873	15033
3874	15386
3875	13397
3876	12340
3877	15041
3878	12342
3879	11991
3880	12344
3881	14335
3882	12346
3883	16051
3884	12348
3885	15033
3886	15386
3887	11293
3888	12352
3889	14343
3890	12354
3891	15361
3892	13036
3893	11299
3894	15394
3895	11301
3896	12360
3897	14351
3898	13030
3899	11305
3900	16076
3901	11307
3902	14314
3903	11309
3904	13024
3905	11311
3906	16350
3907	14349
3908	14320
3909	11315
3910	10258
3911	11317
3912	13308
3913	14073
3914	14326
3915	14357
3916	10264
3917	11323
3918	10266
3919	14067
3920	13316
3921	14065
3922	10270
3923	14365
3924	10272
3925	14061
3926	10274
3927	14059
3928	13312
3929	17407
3930	10278
3931	16459
3932	10280
3933	12397
3934	14330
3935	15447
3936	13320
3937	16465
3938	10286
3939	12403
3940	14336
3941	12405
3942	15102
3943	15455
3944	13328
3945	12409
3946	14342
3947	12411
3948	12244
3949	15449
3950	11230
3951	12415
3952	14280
3953	12417
3954	12250
3955	16147
3956	8188
3957	15457
3958	11238
3959	12423
3960	12256
3961	16141
3962	8194
3963	15265
3964	8196
3965	14251
3966	11246
3967	13237
3968	8200
3969	15271
3970	11238
3971	11209
3972	8204
3973	10195
3974	8206
3975	13245
3976	12256
3977	11215
3978	11246
3979	7153
3980	8212
3981	10203
3982	12262
3983	11221
3984	14288
3985	7159
3986	11254
3987	7161
3988	12268
3989	10211
3990	16318
3991	10201
3992	14296
3993	7167
3994	14406
3995	7169
3996	13392
3997	11219
3998	16442
3999	10209
4000	14412
4001	7175
4002	10350
4003	11225
4004	13400
4005	13251
4006	14418
4007	10217
4008	10356
4009	11231
4010	10358
4011	15281
4012	16444
4013	13259
4014	10362
4015	14273
4016	10364
4017	12313
4018	14414
4019	11299
4020	13404
4021	14349
4022	10370
4023	12319
4024	14420
4025	8257
4026	15202
4027	11307
4028	13412
4029	12325
4030	13174
4031	8263
4032	12160
4033	11301
4034	11146
4035	11315
4036	10132
4037	8269
4038	12166
4039	12319
4040	8104
4041	11309
4042	7090
4043	8275
4044	10140
4045	12325
4046	8110
4047	14351
4048	4048
4049	11317
4050	7098
4051	12331
4052	8116
4053	16371
4054	7090
4055	14359
4056	4056
4057	14343
4058	7106
4059	13329
4060	8108
4061	15363
4062	7098
4063	11301
4064	4064
4065	10287
4066	8114
4067	13337
4068	10140
4069	11307
4070	7106
4071	7245
4072	8120
4073	10295
4074	12170
4075	14349
4076	10148
4077	7251
4078	11162
4079	7253
4080	12176
4081	14351
4082	13190
4083	10293
4084	14204
4085	7259
4086	12382
4087	11309
4088	11368
4089	13335
4090	14418
4091	10301
4092	12388
4093	11315
4094	8326
4095	15271
4096	14412
4097	13343
4098	12394
4099	13243
4100	8332
4101	12229
4102	12382
4103	11215
4104	14420
4105	10201
4106	8338
4107	12235
4108	12388
4109	8173
4110	14414
4111	7159
4112	11380
4113	10209
4114	12394
4115	8179
4116	16308
4117	7153
4118	14422
4119	7167
4120	14280
4121	8185
4122	13266
4123	8171
4124	12252
4125	7161
4126	11238
4127	7175
4128	10224
4129	8177
4130	12258
4131	10203
4132	8196
4133	7169
4134	7182
4135	8183
4136	10232
4137	12233
4138	11238
4139	10211
4140	4140
4141	11225
4142	7190
4143	12239
4144	12256
4145	13253
4146	7182
4147	14267
4148	4148
4149	14435
4150	11246
4151	13421
4152	10224
4153	15455
4154	7190
4155	11393
4156	8204
4157	10379
4158	12254
4159	16465
4160	10232
4161	11399
4162	11246
4163	7337
4164	12260
4165	14435
4166	13274
4167	14441
4168	13312
4169	7343
4170	12298
4171	11393
4172	11284
4173	16467
4174	10270
4175	10385
4176	12304
4177	11399
4178	8242
4179	15449
4180	10264
4181	13427
4182	10278
4183	14441
4184	8248
4185	15455
4186	8234
4187	15363
4188	10272
4189	14349
4190	8254
4191	13335
4192	8240
4193	12321
4194	10266
4195	11307
4196	10280
4197	10293
4198	8246
4199	12327
4200	12296
4201	11301
4202	10274
4203	7251
4204	11288
4205	10301
4206	12302
4207	12319
4208	13316
4209	7245
4210	14330
4211	7259
4212	14372
4213	12325
4214	13358
4215	10287
4216	12344
4217	7253
4218	11330
4219	11315
4220	10316
4221	12317
4222	15386
4223	10295
4224	8288
4225	11309
4226	7274
4227	12323
4228	14372
4229	13337
4230	11330
4231	14351
4232	4232
4233	15365
4234	11330
4235	14395
4236	14372
4237	13381
4238	7274
4239	12367
4240	8288
4241	11353
4242	15386
4243	13375
4244	10316
4245	12373
4246	11330
4247	8311
4248	12344
4249	11345
4250	13358
4251	13383
4252	14372
4253	8317
4254	15386
4255	8303
4256	15432
4257	13377
4258	14418
4259	11359
4260	13404
4261	8309
4262	12390
4263	12359
4264	14412
4265	13385
4266	10362
4267	11351
4268	12396
4269	12365
4270	12382
4271	13379
4272	10356
4273	14393
4274	10370
4275	15407
4276	12388
4277	16421
4278	10350
4279	15455
4280	10364
4281	14441
4282	12394
4283	13427
4284	12380
4285	15449
4286	10358
4287	11399
4288	14420
4289	10385
4290	12386
4291	16467
4292	13400
4293	11393
4294	14414
4295	7343
4296	15428
4297	14441
4298	16442
4299	14435
4300	16492
4301	7337
4302	15478
4303	11399
4304	14464
4305	16465
4306	16486
4307	10379
4308	12436
4309	11393
4310	11422
4311	15455
4312	14456
4313	13421
4314	15478
4315	14435
4316	8380
4317	15449
4318	11414
4319	15957
4320	16488
4321	15959
4322	11422
4323	15961
4324	8372
4325	15501
4326	15470
4327	15965
4328	14464
4329	13473
4330	11414
4331	12459
4332	12428
4333	15493
4334	16490
4335	13467
4336	14456
4337	12465
4338	14918
4339	12451
4340	14920
4341	13461
4342	14922
4343	13475
4344	14924
4345	12457
4346	14926
4347	12443
4348	14928
4349	13469
4350	14510
4351	15499
4352	13496
4353	12449
4354	14934
4355	13463
4356	14504
4357	16927
4358	10454
4359	13881
4360	16536
4361	13883
4362	14498
4363	13885
4364	10448
4365	13887
4366	14510
4367	13889
4368	16528
4369	13891
4370	10442
4371	13893
4372	14504
4373	14533
4374	16534
4375	13897
4376	12840
4377	13899
4378	12842
4379	11491
4380	15892
4381	14525
4382	12846
4383	13905
4384	12848
4385	11485
4386	12850
4387	11483
4388	12852
4389	16947
4390	12854
4391	14527
4392	12856
4393	11477
4394	15570
4395	14849
4396	12860
4397	15867
4398	12862
4399	11805
4400	12528
4401	11807
4402	15562
4403	14857
4404	12868
4405	11811
4406	15570
4407	11813
4408	12520
4409	11815
4410	13806
4411	11817
4412	16580
4413	11819
4414	14826
4415	14857
4416	10764
4417	11823
4418	13814
4419	11825
4420	14832
4421	13565
4422	10770
4423	14865
4424	10772
4425	11831
4426	13822
4427	13559
4428	10776
4429	16605
4430	10778
4431	14873
4432	10780
4433	13553
4434	10782
4435	17615
4436	13820
4437	16597
4438	10786
4439	12903
4440	10788
4441	15953
4442	14602
4443	16971
4444	13828
4445	12909
4446	10794
4447	12911
4448	14596
4449	15961
4450	14594
4451	12915
4452	13836
4453	12917
4454	12750
4455	12919
4456	11736
4457	15957
4458	14786
4459	12923
4460	12756
4461	12925
4462	8694
4463	15639
4464	11744
4465	15965
4466	12762
4467	12931
4468	8700
4469	15633
4470	8702
4471	14757
4472	11752
4473	13743
4474	8706
4475	15777
4476	8708
4477	11715
4478	11746
4479	10701
4480	8712
4481	13751
4482	8714
4483	11721
4484	12764
4485	7659
4486	11754
4487	10709
4488	8720
4489	11727
4490	12770
4491	7665
4492	14796
4493	7667
4494	11762
4495	10717
4496	12776
4497	7671
4498	16826
4499	10709
4500	14804
4501	7675
4502	13898
4503	7677
4504	16832
4505	11727
4506	14918
4507	10717
4508	10856
4509	7683
4510	13906
4511	11733
4512	14924
4513	13759
4514	10862
4515	10725
4516	10864
4517	11739
4518	13914
4519	14847
4520	13904
4521	13767
4522	10870
4523	12819
4524	10872
4525	11805
4526	14922
4527	14855
4528	13912
4529	12825
4530	10878
4531	8763
4532	14928
4533	11813
4534	14694
4535	12831
4536	13680
4537	8769
4538	12666
4539	8771
4540	11652
4541	14857
4542	10638
4543	8775
4544	12672
4545	8777
4546	8610
4547	12827
4548	7596
4549	11817
4550	10646
4551	8783
4552	8616
4553	12833
4554	4554
4555	14859
4556	7604
4557	11825
4558	8622
4559	12839
4560	4560
4561	15863
4562	7598
4563	14849
4564	7612
4565	13835
4566	4566
4567	15869
4568	8616
4569	11807
4570	7606
4571	10793
4572	4572
4573	13843
4574	8622
4575	11813
4576	10648
4577	7751
4578	7614
4579	10801
4580	8628
4581	11819
4582	12678
4583	10793
4584	10656
4585	7759
4586	11670
4587	10809
4588	12684
4589	11811
4590	13698
4591	10801
4592	12888
4593	7767
4594	11874
4595	11817
4596	14924
4597	13843
4598	12894
4599	10809
4600	8832
4601	11823
4602	11882
4603	14763
4604	15936
4605	13749
4606	8838
4607	12735
4608	8840
4609	11721
4610	15938
4611	10707
4612	11880
4613	12741
4614	8846
4615	8679
4616	12896
4617	7665
4618	14922
4619	10715
4620	11888
4621	8685
4622	12902
4623	4623
4624	15800
4625	10709
4626	14786
4627	8691
4628	13772
4629	4629
4630	12758
4631	8679
4632	11744
4633	10717
4634	10730
4635	4635
4636	12764
4637	8685
4638	8702
4639	10711
4640	7688
4641	7677
4642	10738
4643	8691
4644	8708
4645	12741
4646	7682
4647	10719
4648	7696
4649	11733
4650	8714
4651	12747
4652	8700
4653	13761
4654	7690
4655	14775
4656	7704
4657	13927
4658	8706
4659	15961
4660	10732
4661	11899
4662	7698
4663	10885
4664	8712
4665	13935
4666	12762
4667	14941
4668	10740
4669	7843
4670	11754
4671	10893
4672	12768
4673	15959
4674	13782
4675	10885
4676	12804
4677	7851
4678	11790
4679	14949
4680	10776
4681	13927
4682	12810
4683	10893
4684	8748
4685	11907
4686	7734
4687	15957
4688	13820
4689	13935
4690	8754
4691	14949
4692	4692
4693	15869
4694	11790
4695	14855
4696	11796
4697	13841
4698	4698
4699	12827
4700	8748
4701	11813
4702	13822
4703	10799
4704	7740
4705	12833
4706	8754
4707	8771
4708	12804
4709	10793
4710	10782
4711	10807
4712	11796
4713	8777
4714	12810
4715	8763
4716	13824
4717	10801
4718	14838
4719	8783
4720	13864
4721	8769
4722	12850
4723	10795
4724	11836
4725	10809
4726	10822
4727	8775
4728	12856
4729	12825
4730	11830
4731	10803
4732	7780
4733	11817
4734	10830
4735	12831
4736	12848
4737	13845
4738	7774
4739	14859
4740	7788
4741	14901
4742	12854
4743	13887
4744	10816
4745	12873
4746	7782
4747	11859
4748	11844
4749	10845
4750	12846
4751	15915
4752	10824
4753	8817
4754	11838
4755	7803
4756	12852
4757	14901
4758	13866
4759	11859
4760	14880
4761	4761
4762	15894
4763	11859
4764	14924
4765	14901
4766	13910
4767	7803
4768	12896
4769	8817
4770	11882
4771	15915
4772	13904
4773	10845
4774	12902
4775	11859
4776	8840
4777	12873
4778	11874
4779	13887
4780	13912
4781	14901
4782	8846
4783	15915
4784	8832
4785	15961
4786	13906
4787	14947
4788	11888
4789	13933
4790	8838
4791	12919
4792	12888
4793	14941
4794	13914
4795	10891
4796	11880
4797	12925
4798	12894
4799	12911
4800	13908
4801	10885
4802	14922
4803	10899
4804	15936
4805	12917
4806	16950
4807	10879
4808	15984
4809	10893
4810	14970
4811	12923
4812	13956
4813	12909
4814	15978
4815	10887
4816	11928
4817	14949
4818	10914
4819	12915
4820	16996
4821	13929
4822	11922
4823	14943
4824	7872
4825	15957
4826	14970
4827	16465
4828	14964
4829	16467
4830	7866
4831	16007
4832	11928
4833	14993
4834	16994
4835	16473
4836	10908
4837	12965
4838	11922
4839	11951
4840	15984
4841	14985
4842	13950
4843	16007
4844	14964
4845	8909
4846	15426
4847	11943
4848	15428
4849	16487
4850	15430
4851	11951
4852	15432
4853	8901
4854	15434
4855	15999
4856	15436
4857	14993
4858	14002
4859	11943
4860	12988
4861	12957
4862	15442
4863	17019
4864	13996
4865	14387
4866	12994
4867	14389
4868	12980
4869	14391
4870	13990
4871	14393
4872	14004
4873	14395
4874	12986
4875	14397
4876	12972
4877	14399
4878	13998
4879	14401
4880	16028
4881	14025
4882	12978
4883	14405
4884	13348
4885	14407
4886	16398
4887	10983
4888	13352
4889	17065
4890	13354
4891	14413
4892	13356
4893	10977
4894	13358
4895	15039
4896	13360
4897	16367
4898	13362
4899	10971
4900	13364
4901	15033
4902	15062
4903	16373
4904	13368
4905	12311
4906	13370
4907	12313
4908	12020
4909	15363
4910	15054
4911	12317
4912	13376
4913	12319
4914	12014
4915	12321
4916	12012
4917	12323
4918	16418
4919	12325
4920	15056
4921	12327
4922	11270
4923	15365
4924	14320
4925	12331
4926	15338
4927	12333
4928	11276
4929	13057
4930	11278
4931	15373
4932	14328
4933	12339
4934	11282
4935	16099
4936	11284
4937	13049
4938	11286
4939	15381
4940	11288
4941	16395
4942	11290
4943	16091
4944	14328
4945	13041
4946	11294
4947	16459
4948	11296
4949	17477
4950	14094
4951	13415
4952	14336
4953	13417
4954	11302
4955	16467
4956	14088
4957	13421
4958	17134
4959	13423
4960	13256
4961	13425
4962	12242
4963	13427
4964	15292
4965	16465
4966	13262
4967	13431
4968	9200
4969	13433
4970	12250
4971	15131
4972	13268
4973	16473
4974	9206
4975	13439
4976	9208
4977	15125
4978	12258
4979	14249
4980	9212
4981	16283
4982	9214
4983	12221
4984	9216
4985	11207
4986	12254
4987	14257
4988	9220
4989	12227
4990	9222
4991	8165
4992	13272
4993	11215
4994	12262
4995	12233
4996	9228
4997	8171
4998	13278
4999	8173
5000	15304
5001	11223
5002	12270
5003	8177
5004	13284
5005	8179
5006	15418
5007	11217
5008	14404
5009	8183
5010	16326
5011	8185
5012	15424
5013	12235
5014	11362
5015	11225
5016	14412
5017	8191
5018	15430
5019	12241
5020	11368
5021	14267
5022	11370
5023	11233
5024	14420
5025	12247
5026	11374
5027	16297
5028	14412
5029	13325
5030	11378
5031	12311
5032	11380
5033	15361
5034	15430
5035	13331
5036	14420
5037	9269
5038	11386
5039	12319
5040	15200
5041	13337
5042	14186
5043	9275
5044	13172
5045	9277
5046	12158
5047	12327
5048	11144
5049	12317
5050	13178
5051	9283
5052	9116
5053	9285
5054	8102
5055	13335
5056	11152
5057	12325
5058	9122
5059	9291
5060	5060
5061	13341
5062	8110
5063	15367
5064	9128
5065	12333
5066	5066
5067	13347
5068	5068
5069	15355
5070	11154
5071	14341
5072	5072
5073	16375
5074	5074
5075	12313
5076	9124
5077	11299
5078	8114
5079	14349
5080	5080
5081	12319
5082	9130
5083	8257
5084	11156
5085	11307
5086	8122
5087	12325
5088	9136
5089	8263
5090	13186
5091	11301
5092	11164
5093	11315
5094	12178
5095	8269
5096	13192
5097	12319
5098	13394
5099	11309
5100	12380
5101	8275
5102	15430
5103	12325
5104	13400
5105	14351
5106	9338
5107	11317
5108	12388
5109	12331
5110	13406
5111	14255
5112	12380
5113	13241
5114	9346
5115	12227
5116	12396
5117	11213
5118	13398
5119	13247
5120	12388
5121	9185
5122	9354
5123	8171
5124	13404
5125	11221
5126	15430
5127	9191
5128	12396
5129	5129
5130	13410
5131	8179
5132	15292
5133	12233
5134	14278
5135	5135
5136	13264
5137	5137
5138	12250
5139	12235
5140	11236
5141	8177
5142	13270
5143	5143
5144	9208
5145	9193
5146	8194
5147	11219
5148	11244
5149	8185
5150	9214
5151	9199
5152	5152
5153	13249
5154	11238
5155	11227
5156	9220
5157	12241
5158	5158
5159	13255
5160	9208
5161	14269
5162	11246
5163	14433
5164	5164
5165	16297
5166	9214
5167	12405
5168	11240
5169	11391
5170	8206
5171	14441
5172	9220
5173	12411
5174	13270
5175	11385
5176	11248
5177	11399
5178	12262
5179	12417
5180	13276
5181	12403
5182	13310
5183	11393
5184	12296
5185	11407
5186	11282
5187	12409
5188	13316
5189	14435
5190	9254
5191	11401
5192	8240
5193	12415
5194	11290
5195	16465
5196	12296
5197	14443
5198	5198
5199	15457
5200	8248
5201	15361
5202	13314
5203	14347
5204	8240
5205	13333
5206	5206
5207	12319
5208	12304
5209	11305
5210	11282
5211	13339
5212	8248
5213	9277
5214	9262
5215	8263
5216	13312
5217	14349
5218	11290
5219	9283
5220	12304
5221	5221
5222	13318
5223	12319
5224	14332
5225	12325
5226	14370
5227	5227
5228	13356
5229	9277
5230	12342
5231	14351
5232	11328
5233	8269
5234	13362
5235	9283
5236	9300
5237	13333
5238	11322
5239	11311
5240	11336
5241	12325
5242	9306
5243	13339
5244	9292
5245	14353
5246	11330
5247	15367
5248	9312
5249	14393
5250	9298
5251	13379
5252	11324
5253	12365
5254	11338
5255	11351
5256	9304
5257	13385
5258	13354
5259	12359
5260	11332
5261	8309
5262	12346
5263	11359
5264	13360
5265	13377
5266	14374
5267	8303
5268	15388
5269	8317
5270	15430
5271	13383
5272	14416
5273	11345
5274	13402
5275	8311
5276	12388
5277	12373
5278	11374
5279	13375
5280	16444
5281	11353
5282	9346
5283	12367
5284	8332
5285	13381
5286	15430
5287	14395
5288	12388
5289	15409
5290	5290
5291	16423
5292	12388
5293	15453
5294	15430
5295	14439
5296	8332
5297	13425
5298	9346
5299	12411
5300	16444
5301	14433
5302	11374
5303	13431
5304	12388
5305	9369
5306	13402
5307	12403
5308	14416
5309	14441
5310	15430
5311	9375
5312	16444
5313	9361
5314	16490
5315	14435
5316	15476
5317	12417
5318	14462
5319	9367
5320	13448
5321	13417
5322	15470
5323	14443
5324	11420
5325	12409
5326	13454
5327	13423
5328	13440
5329	14437
5330	11414
5331	15451
5332	11428
5333	16465
5334	13446
5335	16973
5336	11408
5337	16513
5338	11422
5339	15499
5340	13452
5341	14485
5342	13438
5343	16507
5344	11416
5345	12457
5346	15478
5347	11443
5348	13444
5349	16987
5350	14458
5351	12451
5352	15472
5353	8401
5354	15934
5355	15499
5356	15936
5357	15493
5358	15938
5359	8395
5360	15940
5361	12457
5362	15522
5363	17523
5364	15944
5365	11437
5366	13494
5367	12451
5368	12480
5369	16513
5370	15514
5371	14479
5372	15952
5373	14895
5374	9438
5375	14897
5376	12472
5377	14899
5378	15958
5379	14901
5380	12480
5381	14903
5382	9430
5383	14905
5384	16528
5385	14907
5386	15522
5387	14531
5388	12472
5389	13517
5390	13486
5391	14913
5392	16904
5393	14525
5394	13858
5395	13523
5396	13860
5397	13509
5398	13862
5399	14519
5400	13864
5401	14533
5402	13866
5403	13515
5404	13868
5405	12811
5406	13870
5407	14527
5408	13872
5409	16557
5410	14554
5411	12817
5412	13876
5413	12819
5414	13878
5415	15869
5416	11512
5417	12823
5418	16918
5419	12825
5420	13884
5421	12827
5422	11506
5423	12829
5424	15568
5425	12831
5426	15838
5427	12833
5428	11500
5429	12835
5430	14826
5431	15591
5432	15844
5433	12839
5434	11782
5435	12841
5436	11784
5437	12549
5438	14834
5439	15583
5440	11788
5441	12847
5442	11790
5443	12543
5444	11792
5445	12541
5446	11794
5447	15889
5448	11796
5449	15585
5450	11798
5451	12535
5452	14836
5453	16597
5454	11802
5455	17983
5456	11804
5457	13921
5458	13586
5459	13923
5460	14844
5461	16973
5462	11810
5463	13927
5464	15860
5465	13929
5466	13578
5467	13931
5468	12748
5469	13933
5470	15798
5471	13935
5472	13768
5473	16973
5474	9706
5475	13939
5476	12756
5477	13941
5478	13774
5479	14623
5480	9712
5481	16783
5482	9714
5483	13947
5484	12764
5485	14617
5486	9718
5487	16789
5488	9720
5489	12727
5490	9722
5491	11713
5492	9724
5493	14763
5494	12762
5495	12733
5496	9728
5497	8671
5498	9730
5499	11721
5500	13780
5501	12739
5502	12770
5503	8677
5504	9736
5505	8679
5506	13786
5507	11729
5508	15652
5509	8683
5510	12778
5511	8685
5512	13792
5513	8687
5514	14910
5515	11725
5516	15820
5517	8691
5518	15930
5519	8693
5520	11868
5521	12743
5522	14918
5523	11733
5524	15936
5525	8699
5526	11874
5527	12749
5528	11876
5529	14775
5530	14926
5531	11741
5532	11880
5533	12755
5534	11882
5535	13831
5536	14920
5537	12817
5538	11886
5539	15797
5540	11888
5541	13837
5542	15938
5543	9775
5544	14928
5545	12825
5546	11894
5547	13843
5548	14692
5549	9781
5550	13678
5551	9783
5552	12664
5553	12833
5554	11650
5555	9787
5556	13684
5557	12825
5558	9622
5559	9791
5560	8608
5561	9793
5562	11658
5563	13843
5564	9628
5565	12833
5566	5566
5567	9799
5568	8616
5569	13849
5570	9634
5571	15875
5572	5572
5573	12841
5574	5574
5575	13855
5576	8624
5577	14847
5578	8614
5579	15883
5580	5580
5581	12819
5582	5582
5583	11805
5584	9632
5585	14855
5586	8622
5587	12825
5588	5588
5589	8763
5590	9638
5591	11813
5592	11664
5593	12831
5594	8630
5595	8769
5596	9644
5597	8771
5598	13694
5599	14857
5600	11672
5601	8775
5602	12686
5603	8777
5604	13700
5605	12827
5606	12886
5607	11817
5608	15728
5609	8783
5610	13906
5611	12833
5612	9844
5613	14859
5614	12894
5615	11825
5616	13912
5617	12839
5618	9850
5619	13747
5620	12888
5621	12733
5622	12902
5623	11719
5624	9856
5625	13753
5626	13906
5627	9691
5628	12896
5629	8677
5630	9862
5631	11727
5632	13912
5633	9697
5634	15938
5635	5635
5636	12904
5637	8685
5638	13918
5639	9703
5640	14784
5641	8677
5642	13770
5643	5643
5644	12756
5645	8693
5646	11742
5647	9695
5648	13776
5649	8685
5650	9714
5651	5651
5652	8700
5653	9701
5654	11750
5655	11727
5656	9720
5657	8693
5658	5658
5659	9707
5660	8708
5661	13757
5662	12762
5663	11735
5664	5664
5665	12749
5666	5666
5667	13763
5668	12764
5669	14777
5670	8706
5671	15791
5672	5672
5673	12911
5674	9722
5675	11897
5676	11748
5677	14947
5678	8714
5679	12917
5680	9728
5681	8855
5682	13778
5683	14941
5684	11756
5685	12923
5686	12770
5687	8861
5688	13784
5689	12911
5690	12802
5691	14949
5692	11788
5693	8867
5694	13822
5695	12917
5696	9760
5697	14943
5698	8746
5699	11909
5700	11796
5701	12923
5702	9766
5703	16973
5704	8740
5705	14951
5706	8754
5707	15867
5708	9772
5709	14853
5710	9758
5711	13839
5712	8748
5713	12825
5714	8762
5715	11811
5716	9764
5717	13845
5718	11790
5719	9783
5720	8756
5721	8769
5722	9770
5723	11819
5724	13820
5725	12825
5726	11798
5727	5727
5728	12812
5729	8777
5730	13826
5731	13843
5732	14840
5733	8769
5734	13862
5735	5735
5736	12848
5737	12833
5738	11834
5739	11811
5740	13868
5741	8777
5742	9806
5743	9791
5744	8792
5745	13841
5746	14878
5747	11819
5748	9812
5749	12833
5750	5750
5751	13847
5752	12848
5753	14861
5754	12854
5755	14899
5756	5756
5757	13885
5758	9806
5759	12871
5760	14880
5761	11857
5762	8798
5763	13891
5764	9812
5765	9829
5766	13862
5767	11851
5768	11840
5769	11865
5770	12854
5771	9835
5772	13868
5773	9821
5774	14882
5775	11859
5776	15896
5777	9841
5778	14922
5779	9827
5780	13908
5781	11853
5782	12894
5783	11867
5784	11880
5785	9833
5786	13914
5787	13883
5788	12888
5789	11861
5790	8838
5791	12875
5792	11888
5793	13889
5794	13906
5795	14903
5796	8832
5797	15917
5798	8846
5799	15959
5800	13912
5801	14945
5802	11874
5803	13931
5804	8840
5805	12917
5806	12902
5807	11903
5808	13904
5809	16973
5810	11882
5811	9875
5812	12896
5813	8861
5814	13910
5815	15959
5816	14924
5817	12917
5818	15938
5819	5819
5820	16952
5821	12917
5822	15982
5823	15959
5824	14968
5825	8861
5826	13954
5827	9875
5828	12940
5829	16973
5830	14962
5831	11903
5832	13960
5833	12917
5834	9898
5835	13931
5836	12932
5837	14945
5838	14970
5839	15959
5840	9904
5841	16973
5842	9890
5843	17019
5844	14964
5845	16005
5846	12946
5847	14991
5848	9896
5849	13977
5850	13946
5851	15999
5852	14972
5853	11949
5854	12938
5855	13983
5856	13952
5857	13969
5858	14966
5859	11943
5860	15980
5861	11957
5862	16442
5863	13975
5864	16444
5865	11937
5866	16446
5867	11951
5868	16028
5869	13981
5870	15014
5871	13967
5872	16452
5873	11945
5874	12986
5875	16007
5876	11972
5877	13973
5878	16458
5879	14987
5880	12980
5881	15403
5882	8930
5883	15405
5884	16028
5885	15407
5886	16022
5887	15409
5888	8924
5889	15411
5890	12986
5891	15413
5892	18052
5893	15415
5894	11966
5895	14023
5896	12980
5897	13009
5898	17042
5899	15421
5900	14364
5901	15423
5902	14366
5903	9967
5904	14368
5905	13001
5906	14370
5907	15429
5908	14372
5909	13009
5910	14374
5911	9959
5912	14376
5913	16367
5914	14378
5915	16051
5916	14380
5917	13001
5918	14046
5919	13325
5920	14384
5921	16375
5922	14386
5923	13329
5924	14052
5925	13331
5926	14038
5927	13333
5928	14392
5929	13335
5930	15062
5931	13337
5932	14044
5933	13339
5934	12282
5935	13341
5936	15056
5937	13343
5938	16350
5939	15083
5940	12288
5941	13347
5942	12290
5943	13349
5944	15340
5945	12041
5946	12294
5947	16389
5948	12296
5949	13355
5950	12298
5951	12035
5952	12300
5953	16097
5954	12302
5955	16397
5956	12304
5957	12029
5958	12306
5959	16091
5960	15344
5961	18121
5962	12310
5963	14427
5964	12312
5965	14429
5966	13078
5967	17479
5968	15352
5969	14433
5970	12318
5971	14435
5972	13072
5973	14437
5974	13070
5975	14439
5976	15360
5977	14441
5978	14274
5979	14443
5980	10212
5981	17157
5982	13262
5983	14447
5984	14280
5985	14449
5986	10218
5987	14115
5988	10220
5989	16275
5990	13270
5991	14455
5992	10224
5993	17157
5994	10226
5995	13233
5996	10228
5997	12219
5998	10230
5999	15269
6000	10232
6001	13239
6002	13270
6003	9177
6004	10236
6005	12227
6006	10238
6007	13245
6008	14288
6009	9183
6010	13278
6011	9185
6012	10244
6013	12235
6014	14294
6015	9189
6016	16320
6017	9191
6018	13286
6019	9193
6020	14300
6021	9195
6022	18350
6023	12233
6024	16328
6025	9199
6026	12374
6027	9201
6028	15424
6029	13251
6030	16442
6031	12241
6032	12380
6033	9207
6034	12382
6035	13257
6036	15432
6037	15283
6038	12386
6039	12249
6040	12388
6041	13263
6042	12390
6043	13323
6044	15428
6045	15291
6046	12394
6047	14343
6048	12396
6049	10281
6050	16446
6051	13331
6052	15436
6053	14349
6054	12402
6055	10287
6056	14184
6057	10289
6058	13170
6059	13339
6060	12156
6061	10293
6062	14190
6063	10295
6064	10128
6065	13333
6066	9114
6067	10299
6068	12164
6069	10301
6070	10134
6071	14351
6072	6072
6073	13341
6074	9122
6075	10307
6076	10140
6077	14357
6078	6078
6079	16383
6080	6080
6081	13349
6082	9130
6083	14363
6084	6084
6085	17387
6086	9122
6087	13325
6088	6088
6089	12311
6090	6090
6091	15361
6092	10140
6093	13331
6094	9130
6095	9269
6096	6096
6097	12319
6098	10146
6099	13337
6100	12172
6101	9275
6102	9138
6103	9277
6104	10152
6105	12327
6106	14202
6107	12317
6108	12180
6109	9283
6110	13194
6111	9285
6112	13392
6113	13335
6114	15222
6115	12325
6116	14412
6117	9291
6118	10350
6119	13341
6120	13400
6121	15367
6122	14418
6123	12333
6124	10356
6125	13347
6126	10358
6127	13239
6128	16444
6129	12225
6130	10362
6131	14259
6132	10364
6133	10197
6134	14414
6135	9183
6136	13404
6137	12233
6138	10370
6139	10203
6140	14420
6141	6141
6142	16446
6143	9191
6144	13412
6145	10209
6146	14426
6147	6147
6148	14276
6149	9185
6150	13262
6151	9199
6152	12248
6153	6153
6154	14282
6155	10203
6156	10220
6157	9193
6158	9206
6159	6159
6160	12256
6161	10209
6162	10226
6163	12235
6164	6164
6165	9201
6166	9214
6167	10215
6168	10232
6169	14265
6170	9206
6171	12243
6172	6172
6173	13257
6174	9222
6175	14271
6176	10224
6177	15285
6178	9214
6179	13417
6180	6180
6181	12403
6182	10230
6183	15453
6184	12256
6185	13423
6186	9222
6187	9361
6188	10236
6189	12411
6190	14286
6191	16465
6192	12264
6193	9367
6194	13278
6195	9369
6196	13308
6197	16467
6198	12294
6199	12409
6200	14328
6201	9375
6202	10266
6203	13425
6204	9252
6205	15451
6206	12302
6207	12417
6208	10272
6209	13431
6210	6210
6211	17387
6212	12296
6213	15459
6214	10278
6215	15359
6216	6216
6217	14345
6218	10266
6219	13331
6220	12304
6221	12317
6222	6222
6223	14351
6224	10272
6225	10289
6226	12298
6227	9275
6228	9264
6229	12325
6230	10278
6231	10295
6232	14328
6233	9269
6234	12306
6235	9283
6236	13320
6237	10301
6238	14334
6239	10287
6240	14368
6241	9277
6242	13354
6243	9291
6244	12340
6245	10293
6246	14374
6247	12319
6248	10312
6249	9285
6250	9298
6251	10299
6252	12348
6253	14349
6254	13354
6255	12327
6256	6256
6257	13341
6258	9306
6259	14355
6260	14372
6261	15369
6262	9298
6263	14391
6264	6264
6265	13377
6266	13362
6267	12363
6268	12340
6269	14397
6270	9306
6271	10335
6272	10320
6273	9321
6274	14370
6275	15407
6276	12348
6277	10341
6278	13362
6279	6279
6280	14376
6281	13377
6282	15390
6283	13383
6284	15428
6285	6285
6286	14414
6287	10335
6288	13400
6289	15409
6290	12386
6291	9327
6292	14420
6293	10341
6294	10358
6295	14391
6296	12380
6297	12369
6298	12394
6299	13383
6300	10364
6301	14397
6302	10350
6303	15411
6304	12388
6305	16425
6306	10370
6307	15451
6308	10356
6309	14437
6310	12382
6311	13423
6312	12396
6313	12409
6314	10362
6315	14443
6316	14412
6317	13417
6318	12390
6319	9367
6320	13404
6321	12417
6322	14418
6323	14435
6324	15432
6325	9361
6326	16446
6327	9375
6328	16488
6329	14441
6330	15474
6331	12403
6332	14460
6333	9369
6334	13446
6335	13431
6336	12432
6337	14433
6338	17502
6339	12411
6340	10404
6341	13425
6342	9390
6343	14439
6344	16488
6345	15453
6346	13446
6347	16467
6348	6348
6349	17481
6350	13446
6351	16511
6352	16488
6353	15497
6354	9390
6355	14483
6356	10404
6357	13469
6358	17502
6359	15491
6360	12432
6361	14489
6362	13446
6363	10427
6364	14460
6365	13461
6366	15474
6367	15499
6368	16488
6369	10433
6370	16950
6371	10419
6372	16952
6373	15493
6374	16534
6375	13475
6376	15520
6377	10425
6378	14506
6379	14475
6380	16528
6381	15501
6382	12478
6383	13467
6384	14512
6385	14481
6386	14498
6387	15495
6388	12472
6389	15911
6390	12486
6391	15913
6392	14504
6393	15915
6394	12466
6395	15917
6396	12480
6397	15919
6398	14510
6399	15543
6400	14496
6401	15923
6402	12474
6403	13515
6404	16536
6405	12501
6406	14502
6407	15929
6408	14872
6409	13509
6410	14874
6411	9459
6412	14876
6413	16557
6414	14878
6415	15937
6416	14880
6417	9453
6418	14882
6419	13515
6420	14884
6421	17891
6422	14886
6423	12495
6424	14552
6425	13509
6426	13538
6427	16881
6428	14892
6429	13835
6430	14894
6431	13837
6432	10496
6433	13839
6434	13530
6435	13841
6436	14900
6437	13843
6438	13538
6439	13845
6440	10488
6441	13847
6442	15838
6443	13849
6444	16580
6445	13851
6446	12794
6447	14575
6448	12796
6449	13855
6450	15846
6451	13857
6452	12800
6453	14581
6454	12802
6455	14567
6456	12804
6457	13863
6458	12806
6459	15591
6460	12808
6461	14573
6462	12810
6463	14559
6464	12812
6465	15585
6466	12814
6467	17615
6468	15612
6469	14565
6470	12818
6471	14935
6472	12820
6473	17985
6474	12570
6475	14939
6476	15860
6477	14941
6478	12826
6479	14943
6480	12564
6481	14945
6482	16626
6483	14947
6484	14780
6485	14949
6486	10718
6487	14951
6488	13768
6489	16649
6490	14786
6491	14955
6492	10724
6493	14957
6494	10726
6495	13607
6496	13776
6497	15767
6498	10730
6499	14963
6500	10732
6501	13601
6502	10734
6503	12725
6504	10736
6505	15775
6506	10738
6507	13745
6508	10740
6509	9683
6510	13778
6511	12733
6512	10744
6513	13751
6514	10746
6515	9689
6516	14644
6517	9691
6518	13786
6519	12741
6520	10752
6521	9695
6522	14802
6523	9697
6524	14636
6525	9699
6526	13794
6527	9701
6528	14808
6529	9703
6530	16942
6531	12741
6532	12880
6533	9707
6534	15930
6535	9709
6536	16948
6537	13759
6538	12886
6539	12749
6540	12888
6541	9715
6542	15938
6543	13765
6544	12892
6545	15791
6546	12894
6547	12757
6548	12896
6549	13771
6550	12898
6551	16879
6552	15936
6553	14849
6554	12902
6555	10787
6556	12904
6557	13837
6558	16718
6559	14855
6560	15704
6561	10793
6562	12910
6563	10795
6564	13676
6565	13845
6566	12662
6567	10799
6568	14696
6569	10801
6570	10634
6571	10803
6572	9620
6573	13841
6574	12670
6575	10807
6576	10640
6577	10809
6578	6578
6579	14859
6580	9628
6581	13849
6582	10646
6583	10815
6584	6584
6585	14865
6586	6586
6587	16873
6588	9636
6589	13857
6590	6590
6591	14871
6592	6592
6593	13831
6594	9630
6595	12817
6596	6596
6597	15867
6598	6598
6599	13837
6600	10648
6601	9775
6602	9638
6603	12825
6604	6604
6605	13843
6606	10654
6607	9781
6608	12680
6609	9783
6610	9646
6611	12833
6612	10660
6613	9787
6614	14710
6615	12825
6616	12688
6617	9791
6618	13702
6619	9793
6620	14716
6621	13843
6622	14918
6623	12833
6624	10856
6625	9799
6626	13906
6627	13849
6628	14924
6629	15773
6630	10862
6631	12841
6632	10864
6633	13745
6634	13914
6635	12731
6636	13904
6637	14765
6638	10870
6639	10703
6640	10872
6641	9689
6642	14922
6643	12739
6644	13912
6645	10709
6646	10878
6647	6647
6648	14928
6649	9697
6650	16810
6651	10715
6652	13920
6653	6653
6654	14782
6655	6655
6656	13768
6657	12741
6658	12754
6659	6659
6660	14788
6661	6661
6662	10726
6663	10711
6664	9712
6665	9701
6666	12762
6667	6667
6668	10732
6669	10717
6670	6670
6671	12743
6672	9720
6673	9709
6674	10738
6675	10723
6676	6676
6677	14773
6678	9714
6679	12751
6680	9728
6681	13765
6682	6682
6683	14779
6684	10732
6685	13923
6686	9722
6687	12909
6688	6688
6689	15959
6690	10738
6691	13929
6692	12764
6693	9867
6694	9730
6695	12917
6696	10744
6697	13935
6698	14794
6699	12909
6700	12772
6701	9875
6702	13786
6703	12925
6704	12800
6705	13927
6706	14834
6707	12917
6708	10772
6709	9883
6710	9758
6711	13933
6712	12808
6713	15959
6714	10778
6715	12925
6716	6716
6717	13939
6718	9766
6719	16879
6720	13820
6721	15865
6722	6722
6723	14851
6724	6724
6725	13837
6726	13822
6727	12823
6728	9764
6729	14857
6730	6730
6731	10795
6732	10780
6733	9781
6734	12806
6735	12831
6736	9772
6737	10801
6738	10786
6739	6739
6740	14836
6741	12825
6742	12814
6743	10807
6744	13828
6745	6745
6746	14842
6747	10795
6748	13860
6749	12833
6750	12846
6751	6751
6752	14880
6753	10801
6754	10818
6755	12827
6756	9804
6757	9793
6758	12854
6759	10807
6760	10824
6761	14857
6762	9798
6763	12835
6764	9812
6765	13849
6766	10830
6767	14863
6768	10816
6769	14897
6770	9806
6771	13883
6772	9820
6773	12869
6774	10822
6775	14903
6776	12848
6777	10841
6778	9814
6779	9827
6780	10828
6781	12877
6782	14878
6783	13883
6784	12856
6785	6785
6786	13870
6787	9835
6788	14884
6789	14901
6790	15898
6791	9827
6792	14920
6793	6793
6794	13906
6795	13891
6796	12892
6797	12869
6798	14926
6799	9835
6800	10864
6801	10849
6802	9850
6803	14899
6804	15936
6805	12877
6806	10870
6807	13891
6808	6808
6809	14905
6810	13906
6811	15919
6812	13912
6813	15957
6814	6814
6815	14943
6816	10864
6817	13929
6818	15938
6819	12915
6820	9856
6821	14949
6822	10870
6823	10887
6824	14920
6825	12909
6826	12898
6827	12923
6828	13912
6829	10893
6830	14926
6831	10879
6832	15940
6833	12917
6834	16954
6835	10899
6836	15980
6837	10885
6838	14966
6839	12911
6840	13952
6841	12925
6842	12938
6843	10891
6844	14972
6845	14941
6846	13946
6847	12919
6848	9896
6849	13933
6850	12946
6851	14947
6852	14964
6853	15961
6854	9890
6855	16975
6856	9904
6857	17017
6858	14970
6859	16003
6860	12932
6861	14989
6862	9898
6863	13975
6864	13960
6865	12961
6866	14962
6867	18031
6868	12940
6869	10933
6870	13954
6871	9919
6872	14968
6873	17017
6874	15982
6875	13975
6876	16996
6877	6877
6878	17458
6879	13975
6880	17040
6881	17017
6882	16026
6883	9919
6884	15012
6885	10933
6886	13998
6887	18031
6888	16020
6889	12961
6890	15018
6891	13975
6892	10956
6893	14989
6894	13990
6895	16003
6896	16028
6897	16419
6898	10962
6899	16421
6900	10948
6901	16423
6902	16022
6903	16425
6904	14004
6905	16049
6906	10954
6907	15035
6908	15004
6909	16431
6910	16030
6911	13007
6912	13996
6913	15041
6914	15010
6915	15027
6916	15380
6917	13001
6918	15382
6919	13015
6920	15384
6921	15033
6922	15386
6923	12995
6924	15388
6925	13009
6926	15390
6927	15039
6928	15392
6929	14335
6930	15394
6931	13003
6932	14044
6933	17065
6934	13030
6935	14341
6936	15400
6937	14343
6938	14038
6939	14345
6940	9988
6941	14347
6942	17086
6943	14349
6944	15408
6945	14351
6946	9982
6947	14353
6948	14044
6949	14355
6950	17362
6951	14357
6952	13024
6953	14359
6954	13302
6955	14067
6956	16352
6957	14363
6958	13306
6959	14365
6960	13308
6961	11025
6962	13310
6963	14059
6964	13312
6965	14371
6966	13314
6967	14067
6968	13316
6969	11017
6970	13318
6971	17413
6972	13320
6973	17109
6974	13322
6975	14059
6976	15104
6977	15073
6978	13326
6979	18491
6980	13328
6981	15445
6982	15110
6983	15447
6984	15096
6985	15449
6986	13334
6987	15451
6988	16120
6989	15453
6990	15102
6991	15455
6992	11224
6993	15457
6994	14274
6995	15459
6996	15292
6997	16141
6998	11230
6999	15463
7000	11232
7001	15465
7002	14282
7003	13099
7004	11236
7005	18307
7006	11238
7007	14245
7008	11240
7009	13093
7010	11242
7011	16281
7012	11244
7013	14251
7014	11246
7015	10189
7016	11248
7017	13239
7018	14286
7019	14257
7020	11252
7021	10195
7022	11254
7023	10197
7024	14136
7025	13247
7026	14294
7027	10201
7028	11260
7029	10203
7030	14130
7031	10205
7032	14128
7033	10207
7034	14302
7035	10209
7036	15316
7037	10211
7038	13386
7039	13249
7040	16436
7041	10215
7042	17454
7043	10217
7044	13392
7045	14267
7046	13394
7047	13257
7048	16444
7049	10223
7050	13398
7051	14273
7052	13400
7053	15165
7054	13402
7055	13265
7056	13404
7057	14279
7058	13406
7059	15355
7060	16444
7061	11293
7062	13410
7063	14343
7064	13412
7065	15361
7066	16210
7067	11299
7068	15196
7069	11301
7070	13418
7071	14351
7072	13168
7073	11305
7074	15202
7075	11307
7076	11140
7077	11309
7078	10126
7079	11311
7080	13176
7081	14349
7082	11146
7083	11315
7084	7084
7085	11317
7086	10134
7087	15367
7088	11152
7089	14357
7090	7090
7091	11323
7092	7092
7093	15373
7094	10142
7095	16365
7096	7096
7097	14365
7098	7098
7099	14337
7100	7100
7101	13323
7102	10138
7103	16373
7104	7104
7105	14343
7106	7106
7107	10281
7108	11156
7109	13331
7110	10146
7111	14349
7112	7112
7113	10287
7114	11162
7115	10289
7116	13188
7117	13339
7118	10154
7119	10293
7120	11168
7121	10295
7122	15218
7123	13333
7124	13196
7125	10299
7126	14210
7127	10301
7128	15224
7129	14351
7130	11362
7131	13341
7132	14412
7133	10307
7134	15430
7135	14357
7136	11368
7137	15265
7138	11370
7139	13349
7140	14420
7141	13237
7142	11374
7143	15271
7144	14412
7145	11209
7146	11378
7147	10195
7148	11380
7149	13245
7150	15430
7151	11215
7152	14420
7153	7153
7154	11386
7155	10203
7156	15436
7157	11221
7158	16302
7159	7159
7160	14428
7161	7161
7162	14274
7163	10211
7164	13260
7165	10201
7166	15294
7167	7167
7168	11232
7169	7169
7170	10218
7171	11219
7172	13268
7173	10209
7174	11238
7175	7175
7176	7176
7177	11225
7178	10226
7179	13251
7180	11244
7181	10217
7182	7182
7183	11231
7184	7184
7185	15281
7186	13270
7187	13259
7188	7188
7189	14273
7190	7190
7191	14429
7192	11240
7193	13415
7194	10230
7195	16465
7196	7196
7197	14435
7198	11246
7199	10373
7200	13272
7201	13423
7202	10238
7203	14441
7204	11252
7205	10379
7206	15302
7207	13417
7208	13280
7209	13431
7210	13306
7211	10385
7212	15308
7213	14435
7214	11278
7215	13425
7216	10264
7217	10391
7218	13314
7219	14441
7220	11284
7221	16467
7222	7222
7223	13433
7224	10272
7225	14447
7226	11290
7227	16371
7228	10264
7229	15357
7230	7230
7231	14343
7232	10280
7233	13329
7234	11282
7235	15363
7236	10272
7237	11301
7238	7238
7239	10287
7240	11288
7241	13337
7242	13314
7243	11307
7244	10280
7245	7245
7246	11294
7247	10295
7248	15344
7249	14349
7250	13322
7251	7251
7252	14336
7253	7253
7254	14366
7255	14351
7256	13352
7257	10293
7258	15386
7259	7259
7260	11324
7261	11309
7262	10310
7263	13335
7264	13360
7265	10301
7266	11330
7267	11315
7268	7268
7269	15365
7270	13354
7271	13343
7272	11336
7273	14357
7274	7274
7275	15371
7276	11324
7277	14389
7278	13362
7279	13375
7280	7280
7281	15409
7282	11330
7283	11347
7284	13356
7285	10333
7286	10322
7287	13383
7288	11336
7289	11353
7290	15386
7291	10327
7292	13364
7293	10341
7294	14378
7295	11359
7296	15392
7297	11345
7298	15426
7299	10335
7300	14412
7301	10349
7302	13398
7303	11351
7304	15432
7305	13377
7306	11370
7307	10343
7308	10356
7309	11357
7310	13406
7311	15407
7312	14412
7313	13385
7314	7314
7315	14399
7316	10364
7317	15413
7318	15430
7319	16427
7320	10356
7321	15449
7322	7322
7323	14435
7324	14420
7325	13421
7326	13398
7327	15455
7328	10364
7329	11393
7330	11378
7331	10379
7332	15428
7333	16465
7334	13406
7335	11399
7336	14420
7337	7337
7338	15434
7339	14435
7340	16448
7341	14441
7342	16486
7343	7343
7344	15472
7345	11393
7346	14458
7347	16467
7348	13444
7349	10385
7350	15478
7351	11399
7352	11416
7353	15449
7354	13438
7355	13427
7356	13452
7357	14441
7358	11422
7359	15455
7360	11408
7361	16469
7362	13446
7363	17483
7364	11428
7365	16509
7366	11414
7367	15495
7368	13440
7369	14481
7370	13454
7371	13467
7372	11420
7373	15501
7374	15470
7375	14475
7376	13448
7377	10425
7378	14462
7379	13475
7380	15476
7381	15493
7382	16490
7383	10419
7384	17504
7385	10433
7386	17546
7387	15499
7388	16532
7389	13461
7390	15518
7391	10427
7392	14504
7393	14489
7394	13490
7395	15491
7396	17976
7397	13469
7398	11462
7399	14483
7400	10448
7401	15497
7402	17546
7403	16511
7404	14504
7405	16927
7406	7406
7407	16929
7408	14504
7409	16931
7410	17546
7411	16555
7412	10448
7413	15541
7414	11462
7415	14527
7416	18560
7417	16549
7418	13490
7419	15547
7420	14504
7421	11485
7422	15518
7423	14519
7424	15888
7425	16557
7426	15890
7427	11491
7428	15892
7429	11477
7430	15894
7431	16551
7432	15896
7433	14533
7434	15898
7435	11483
7436	15564
7437	14843
7438	15902
7439	16559
7440	13536
7441	14525
7442	15570
7443	14849
7444	15556
7445	14851
7446	13530
7447	14853
7448	13544
7449	14855
7450	15562
7451	14857
7452	13524
7453	14859
7454	13538
7455	14861
7456	15568
7457	14863
7458	13806
7459	14865
7460	13532
7461	14573
7462	16858
7463	13559
7464	13812
7465	14871
7466	13814
7467	14567
7468	13816
7469	10517
7470	13818
7471	17615
7472	13820
7473	14879
7474	13822
7475	10511
7476	13824
7477	14573
7478	13826
7479	17921
7480	13828
7481	13553
7482	13830
7483	14567
7484	14596
7485	18629
7486	13834
7487	15951
7488	13836
7489	15953
7490	11554
7491	15955
7492	14588
7493	15957
7494	13842
7495	15959
7496	14596
7497	15961
7498	11546
7499	15963
7500	14780
7501	15965
7502	15798
7503	15967
7504	11736
7505	15633
7506	11738
7507	15971
7508	14788
7509	15973
7510	11742
7511	15639
7512	11744
7513	14751
7514	11746
7515	13737
7516	11748
7517	16649
7518	11750
7519	14757
7520	11752
7521	10695
7522	11754
7523	13745
7524	11756
7525	14763
7526	14794
7527	10701
7528	11760
7529	10703
7530	11762
7531	13753
7532	13628
7533	10707
7534	14802
7535	10709
7536	11768
7537	10711
7538	13622
7539	10713
7540	17684
7541	10715
7542	14810
7543	10717
7544	13616
7545	10719
7546	16942
7547	13757
7548	17852
7549	10723
7550	13898
7551	10725
7552	13900
7553	14665
7554	16950
7555	13765
7556	13904
7557	10731
7558	13906
7559	14659
7560	13908
7561	14657
7562	13910
7563	13773
7564	13912
7565	14787
7566	13914
7567	11799
7568	16952
7569	14849
7570	13918
7571	15867
7572	13920
7573	11805
7574	15702
7575	11807
7576	14688
7577	14857
7578	13674
7579	11811
7580	15708
7581	11813
7582	11646
7583	11815
7584	10632
7585	11817
7586	13682
7587	11819
7588	11652
7589	14857
7590	7590
7591	11823
7592	10640
7593	11825
7594	11658
7595	15875
7596	7596
7597	14865
7598	7598
7599	11831
7600	10648
7601	15881
7602	7602
7603	17907
7604	7604
7605	14843
7606	7606
7607	13829
7608	7608
7609	16879
7610	10646
7611	14849
7612	7612
7613	10787
7614	7614
7615	13837
7616	11664
7617	14855
7618	10654
7619	10793
7620	7620
7621	10795
7622	11670
7623	13845
7624	13696
7625	10799
7626	10662
7627	10801
7628	11676
7629	10803
7630	14910
7631	13841
7632	13704
7633	10807
7634	14718
7635	10809
7636	11868
7637	14859
7638	14918
7639	13849
7640	15936
7641	10815
7642	11874
7643	14865
7644	11876
7645	14757
7646	14926
7647	13743
7648	11880
7649	14871
7650	11882
7651	11715
7652	14920
7653	10701
7654	11886
7655	13751
7656	11888
7657	11721
7658	15938
7659	7659
7660	14928
7661	10709
7662	11894
7663	11727
7664	15944
7665	7665
7666	15794
7667	7667
7668	14780
7669	10717
7670	13766
7671	7671
7672	15800
7673	10709
7674	11738
7675	7675
7676	10724
7677	7677
7678	13774
7679	11727
7680	11744
7681	10717
7682	7682
7683	7683
7684	10732
7685	11733
7686	11750
7687	13759
7688	7688
7689	10725
7690	7690
7691	11739
7692	10740
7693	15789
7694	10730
7695	13767
7696	7696
7697	14781
7698	7698
7699	13921
7700	11748
7701	16809
7702	10738
7703	14941
7704	7704
7705	10879
7706	11754
7707	13929
7708	13780
7709	14947
7710	10746
7711	10885
7712	11760
7713	10887
7714	14826
7715	16973
7716	13788
7717	10891
7718	14802
7719	10893
7720	11784
7721	14943
7722	10770
7723	13933
7724	13820
7725	10899
7726	11790
7727	14949
7728	7728
7729	16975
7730	10778
7731	13941
7732	11796
7733	14955
7734	7734
7735	15863
7736	10772
7737	14849
7738	10786
7739	13835
7740	7740
7741	15869
7742	11790
7743	11807
7744	10780
7745	10793
7746	7746
7747	13843
7748	11796
7749	11813
7750	13822
7751	7751
7752	10788
7753	10801
7754	11802
7755	11819
7756	15852
7757	10793
7758	13830
7759	7759
7760	14844
7761	10809
7762	13858
7763	11811
7764	15892
7765	10801
7766	11830
7767	7767
7768	10816
7769	11817
7770	13866
7771	13843
7772	11836
7773	10809
7774	7774
7775	11823
7776	10824
7777	15873
7778	14878
7779	13851
7780	7780
7781	14865
7782	7782
7783	14895
7784	14880
7785	13881
7786	10822
7787	15915
7788	7788
7789	11853
7790	11838
7791	10839
7792	13864
7793	13889
7794	10830
7795	11859
7796	11844
7797	7797
7798	15894
7799	13883
7800	13872
7801	11865
7802	14886
7803	7803
7804	15900
7805	11853
7806	14918
7807	13891
7808	13904
7809	7809
7810	15938
7811	11859
7812	11876
7813	13885
7814	10862
7815	10851
7816	13912
7817	11865
7818	11882
7819	15915
7820	10856
7821	13893
7822	10870
7823	14907
7824	11888
7825	15921
7826	11874
7827	15955
7828	10864
7829	14941
7830	10878
7831	13927
7832	11880
7833	15961
7834	13906
7835	11899
7836	10872
7837	10885
7838	11886
7839	13935
7840	15936
7841	14941
7842	13914
7843	7843
7844	14928
7845	10893
7846	15942
7847	15959
7848	16956
7849	10885
7850	15978
7851	7851
7852	14964
7853	14949
7854	13950
7855	13927
7856	15984
7857	10893
7858	11922
7859	11907
7860	10908
7861	15957
7862	16994
7863	13935
7864	11928
7865	14949
7866	7866
7867	15963
7868	14964
7869	16977
7870	14970
7871	17015
7872	7872
7873	16001
7874	11922
7875	14987
7876	16996
7877	13973
7878	10914
7879	16007
7880	11928
7881	11945
7882	15978
7883	13967
7884	13956
7885	13981
7886	14970
7887	11951
7888	15984
7889	11937
7890	16998
7891	13975
7892	18012
7893	11957
7894	17038
7895	11943
7896	16024
7897	13969
7898	15010
7899	13983
7900	13996
7901	11949
7902	16030
7903	15999
7904	15004
7905	13977
7906	10954
7907	14991
7908	14004
7909	16005
7910	16022
7911	17019
7912	10948
7913	17435
7914	10962
7915	17437
7916	16028
7917	17061
7918	13990
7919	16047
7920	10956
7921	15033
7922	15018
7923	14019
7924	16020
7925	17447
7926	13998
7927	11991
7928	15012
7929	10977
7930	16026
7931	17453
7932	16396
7933	15033
7934	16398
7935	7935
7936	16400
7937	15033
7938	16402
7939	17461
7940	16404
7941	10977
7942	16070
7943	11991
7944	15056
7945	18399
7946	16410
7947	14019
7948	16076
7949	15033
7950	12014
7951	15357
7952	15048
7953	15359
7954	16418
7955	15361
7956	12020
7957	15363
7958	12006
7959	15365
7960	16424
7961	15367
7962	15062
7963	15369
7964	12012
7965	15371
7966	14314
7967	15373
7968	17088
7969	14065
7970	14318
7971	16099
7972	14320
7973	15379
7974	14322
7975	14059
7976	14324
7977	14073
7978	14326
7979	16091
7980	14328
7981	14053
7982	14330
7983	14067
7984	14332
7985	16097
7986	14334
7987	16083
7988	14336
7989	14061
7990	14338
7991	18123
7992	14088
7993	16089
7994	14342
7995	16459
7996	14344
7997	16461
7998	11046
7999	16463
8000	17384
8001	16465
8002	14350
8003	16467
8004	11040
8005	16469
8006	15102
8007	16471
8008	16304
8009	16473
8010	12242
8011	16139
8012	12244
8013	15125
8014	15294
8015	16479
8016	12248
8017	16481
8018	12250
8019	12083
8020	12252
8021	14243
8022	12254
8023	16487
8024	12256
8025	15125
8026	12258
8027	11201
8028	12260
8029	14251
8030	12262
8031	15269
8032	12264
8033	11207
8034	15302
8035	11209
8036	12268
8037	14259
8038	12270
8039	11213
8040	16168
8041	11215
8042	15310
8043	11217
8044	12276
8045	11219
8046	16326
8047	11221
8048	16160
8049	11223
8050	14398
8051	11225
8052	16332
8053	11227
8054	18466
8055	14265
8056	14404
8057	11231
8058	14406
8059	11233
8060	17456
8061	14157
8062	14410
8063	14273
8064	14412
8065	11239
8066	14414
8067	14151
8068	14416
8069	17315
8070	14418
8071	14281
8072	14420
8073	12305
8074	14422
8075	15355
8076	17460
8077	16373
8078	14426
8079	12311
8080	14428
8081	12313
8082	15194
8083	15363
8084	14180
8085	12317
8086	14434
8087	12319
8088	12152
8089	12321
8090	11138
8091	12323
8092	14188
8093	12325
8094	12158
8095	12327
8096	8096
8097	15365
8098	11146
8099	12331
8100	12164
8101	12333
8102	8102
8103	16231
8104	8104
8105	15373
8106	11154
8107	12339
8108	8108
8109	16389
8110	8110
8111	15349
8112	8112
8113	14335
8114	8114
8115	16395
8116	8116
8117	15355
8118	11154
8119	11293
8120	8120
8121	14343
8122	8122
8123	15361
8124	12172
8125	11299
8126	11162
8127	11301
8128	8128
8129	14351
8130	12178
8131	11305
8132	14204
8133	11307
8134	11170
8135	11309
8136	12184
8137	11311
8138	16234
8139	14349
8140	14212
8141	11315
8142	12374
8143	11317
8144	15424
8145	15367
8146	16442
8147	14357
8148	12380
8149	11323
8150	12382
8151	15263
8152	15432
8153	14249
8154	12386
8155	14365
8156	12388
8157	12221
8158	12390
8159	11207
8160	15428
8161	14257
8162	12394
8163	12227
8164	12396
8165	8165
8166	16446
8167	11215
8168	15436
8169	12233
8170	12402
8171	8171
8172	16300
8173	8173
8174	15286
8175	11223
8176	14272
8177	8177
8178	16306
8179	8179
8180	12244
8181	11217
8182	11230
8183	8183
8184	14280
8185	8185
8186	12250
8187	12235
8188	8188
8189	11225
8190	11238
8191	8191
8192	12256
8193	12241
8194	8194
8195	14267
8196	8196
8197	11233
8198	11246
8199	12247
8200	8200
8201	16297
8202	11238
8203	14275
8204	8204
8205	14427
8206	8206
8207	16303
8208	12256
8209	15447
8210	11246
8211	11385
8212	8212
8213	14435
8214	12262
8215	15453
8216	14288
8217	11391
8218	11254
8219	11393
8220	12268
8221	14443
8222	14318
8223	14433
8224	14296
8225	11399
8226	12290
8227	11401
8228	11276
8229	15451
8230	14326
8231	14441
8232	12296
8233	11407
8234	8234
8235	15457
8236	11284
8237	17483
8238	12302
8239	14449
8240	8240
8241	15463
8242	8242
8243	15355
8244	14328
8245	14341
8246	8246
8247	16375
8248	8248
8249	12313
8250	12298
8251	11299
8252	11288
8253	14349
8254	8254
8255	12319
8256	12304
8257	8257
8258	14330
8259	11307
8260	11296
8261	12325
8262	12310
8263	8263
8264	16360
8265	11301
8266	14338
8267	11315
8268	14364
8269	8269
8270	16366
8271	12319
8272	12336
8273	11309
8274	11322
8275	8275
8276	14372
8277	12325
8278	12342
8279	14351
8280	8280
8281	11317
8282	11330
8283	12331
8284	12348
8285	16381
8286	11322
8287	14359
8288	8288
8289	15373
8290	11338
8291	14387
8292	12340
8293	16421
8294	11330
8295	12359
8296	8296
8297	11345
8298	12346
8299	14395
8300	14372
8301	12365
8302	11338
8303	8303
8304	12352
8305	11353
8306	16402
8307	15407
8308	14380
8309	8309
8310	15394
8311	8311
8312	15424
8313	15409
8314	14410
8315	11351
8316	16444
8317	8317
8318	12382
8319	12367
8320	11368
8321	14393
8322	14418
8323	11359
8324	12388
8325	12373
8326	8326
8327	16423
8328	14412
8329	14401
8330	12394
8331	15415
8332	8332
8333	16429
8334	12382
8335	15447
8336	14420
8337	14433
8338	8338
8339	16467
8340	12388
8341	12405
8342	14414
8343	11391
8344	11380
8345	14441
8346	12394
8347	12411
8348	16444
8349	11385
8350	14422
8351	11399
8352	15436
8353	12417
8354	16450
8355	12403
8356	16484
8357	11393
8358	15470
8359	11407
8360	14456
8361	12409
8362	16490
8363	14435
8364	12428
8365	11401
8366	11414
8367	12415
8368	14464
8369	16465
8370	15470
8371	14443
8372	8372
8373	15457
8374	11422
8375	16471
8376	16488
8377	17485
8378	11414
8379	16507
8380	8380
8381	15493
8382	15478
8383	14479
8384	14456
8385	16513
8386	11422
8387	12451
8388	12436
8389	11437
8390	16486
8391	17523
8392	14464
8393	12457
8394	15478
8395	8395
8396	16492
8397	15493
8398	17506
8399	15499
8400	17544
8401	8401
8402	16530
8403	12451
8404	15516
8405	17525
8406	14502
8407	11443
8408	16536
8409	12457
8410	12474
8411	16507
8412	14496
8413	14485
8414	14510
8415	15499
8416	12480
8417	16513
8418	12466
8419	17527
8420	14504
8421	17943
8422	12486
8423	17567
8424	12472
8425	16553
8426	14498
8427	15539
8428	14512
8429	14525
8430	12478
8431	16559
8432	16528
8433	15533
8434	14506
8435	11483
8436	15520
8437	14533
8438	16534
8439	16551
8440	16904
8441	11477
8442	16906
8443	11491
8444	16908
8445	16557
8446	16910
8447	14519
8448	16576
8449	11485
8450	15562
8451	15547
8452	14548
8453	15859
8454	16918
8455	14527
8456	12520
8457	15541
8458	11506
8459	15865
8460	16924
8461	15867
8462	15562
8463	15869
8464	8464
8465	15871
8466	15562
8467	15873
8468	16932
8469	15875
8470	11506
8471	15877
8472	12520
8473	15585
8474	17870
8475	15881
8476	14548
8477	15883
8478	14826
8479	12543
8480	14828
8481	15577
8482	14830
8483	15889
8484	14832
8485	12549
8486	14834
8487	12535
8488	14836
8489	15895
8490	14838
8491	15591
8492	14840
8493	12541
8494	14842
8495	16591
8496	14844
8497	17617
8498	14594
8499	15583
8500	16628
8501	16597
8502	14850
8503	16967
8504	14588
8505	16969
8506	14602
8507	16971
8508	16620
8509	16973
8510	12742
8511	16975
8512	14596
8513	16977
8514	16626
8515	16979
8516	12748
8517	16981
8518	12750
8519	15631
8520	15800
8521	14617
8522	12754
8523	16987
8524	12756
8525	15625
8526	12758
8527	11575
8528	12760
8529	17799
8530	12762
8531	15769
8532	12764
8533	11569
8534	12766
8535	14757
8536	12768
8537	15775
8538	12770
8539	11713
8540	12772
8541	11715
8542	15654
8543	14765
8544	12776
8545	11719
8546	12778
8547	11721
8548	12612
8549	11723
8550	15646
8551	11725
8552	12784
8553	11727
8554	15654
8555	11729
8556	12604
8557	11731
8558	15826
8559	11733
8560	16840
8561	11735
8562	14910
8563	14773
8564	14912
8565	11739
8566	17962
8567	11741
8568	14916
8569	15791
8570	14918
8571	14781
8572	14920
8573	11747
8574	14922
8575	15797
8576	14924
8577	16689
8578	14926
8579	12811
8580	14928
8581	15803
8582	14930
8583	16879
8584	17728
8585	12817
8586	14934
8587	12819
8588	14936
8589	15869
8590	14686
8591	12823
8592	16720
8593	12825
8594	12658
8595	12827
8596	11644
8597	12829
8598	14694
8599	12831
8600	12664
8601	12833
8602	8602
8603	12835
8604	11652
8605	15873
8606	12670
8607	12839
8608	8608
8609	12841
8610	8610
8611	15723
8612	11660
8613	15881
8614	8614
8615	12847
8616	8616
8617	15717
8618	8618
8619	14841
8620	8620
8621	15889
8622	8622
8623	15861
8624	8624
8625	11799
8626	11662
8627	14849
8628	8628
8629	15867
8630	8630
8631	11805
8632	12680
8633	11807
8634	11670
8635	14857
8636	8636
8637	11811
8638	12686
8639	11813
8640	14712
8641	11815
8642	11678
8643	11817
8644	12692
8645	11819
8646	16742
8647	14857
8648	12880
8649	11823
8650	15734
8651	11825
8652	16748
8653	15875
8654	12886
8655	14865
8656	12888
8657	11831
8658	15938
8659	14755
8660	12892
8661	16789
8662	12894
8663	12727
8664	12896
8665	11713
8666	12898
8667	14763
8668	15936
8669	12733
8670	12902
8671	8671
8672	12904
8673	11721
8674	16954
8675	12739
8676	15944
8677	8677
8678	12910
8679	8679
8680	15792
8681	11729
8682	14778
8683	8683
8684	15952
8685	8685
8686	12750
8687	8687
8688	11736
8689	11725
8690	14786
8691	8691
8692	12756
8693	8693
8694	8694
8695	12743
8696	11744
8697	11733
8698	12762
8699	8699
8700	8700
8701	12749
8702	8702
8703	14775
8704	11752
8705	11741
8706	8706
8707	12755
8708	8708
8709	15947
8710	11746
8711	14783
8712	8712
8713	15797
8714	8714
8715	15953
8716	12764
8717	11891
8718	11754
8719	14941
8720	8720
8721	15959
8722	12770
8723	11897
8724	14796
8725	11899
8726	11762
8727	14949
8728	12776
8729	11903
8730	16826
8731	14941
8732	12796
8733	11907
8734	11782
8735	11909
8736	14832
8737	15959
8738	12802
8739	14949
8740	8740
8741	11915
8742	11790
8743	15965
8744	12808
8745	17889
8746	8746
8747	14957
8748	8748
8749	15861
8750	11798
8751	14847
8752	11788
8753	16881
8754	8754
8755	12819
8756	8756
8757	11805
8758	12806
8759	14855
8760	11796
8761	12825
8762	8762
8763	8763
8764	12812
8765	11813
8766	14838
8767	12831
8768	11804
8769	8769
8770	12818
8771	8771
8772	15884
8773	14857
8774	14846
8775	8775
8776	15860
8777	8777
8778	12842
8779	12827
8780	11828
8781	11817
8782	14878
8783	8783
8784	12848
8785	12833
8786	8786
8787	14859
8788	11836
8789	11825
8790	12854
8791	12839
8792	8792
8793	16889
8794	11830
8795	14867
8796	11844
8797	14893
8798	8798
8799	16895
8800	12848
8801	12865
8802	11838
8803	11851
8804	8804
8805	14901
8806	12854
8807	12871
8808	14880
8809	8809
8810	11846
8811	11859
8812	12860
8813	12877
8814	16910
8815	11851
8816	14888
8817	8817
8818	15902
8819	11867
8820	14916
8821	12869
8822	16950
8823	11859
8824	12888
8825	8825
8826	11874
8827	12875
8828	14924
8829	14901
8830	12894
8831	11867
8832	8832
8833	12881
8834	11882
8835	16931
8836	15936
8837	14909
8838	8838
8839	15923
8840	8840
8841	15953
8842	15938
8843	14939
8844	11880
8845	16973
8846	8846
8847	12911
8848	12896
8849	11897
8850	14922
8851	14947
8852	11888
8853	12917
8854	12902
8855	8855
8856	16952
8857	14941
8858	14930
8859	12923
8860	15944
8861	8861
8862	16958
8863	12911
8864	15976
8865	14949
8866	14962
8867	8867
8868	16996
8869	12917
8870	12934
8871	14943
8872	11920
8873	11909
8874	14970
8875	12923
8876	12940
8877	16973
8878	11914
8879	14951
8880	11928
8881	15965
8882	12946
8883	16979
8884	12932
8885	17013
8886	11922
8887	15999
8888	11936
8889	14985
8890	12938
8891	17019
8892	14964
8893	12957
8894	11930
8895	11943
8896	12944
8897	14993
8898	16994
8899	15999
8900	14972
8901	8901
8902	15986
8903	11951
8904	17000
8905	17017
8906	18014
8907	11943
8908	17036
8909	8909
8910	16022
8911	16007
8912	15008
8913	14985
8914	17042
8915	11951
8916	12980
8917	12965
8918	11966
8919	17015
8920	18052
8921	14993
8922	12986
8923	16007
8924	8924
8925	17021
8926	16022
8927	18035
8928	16028
8929	18073
8930	8930
8931	17059
8932	12980
8933	16045
8934	18054
8935	15031
8936	11972
8937	17065
8938	12986
8939	13003
8940	17036
8941	15025
8942	15014
8943	15039
8944	16028
8945	13009
8946	17042
8947	12995
8948	17412
8949	15033
8950	17414
8951	13015
8952	17416
8953	13001
8954	17082
8955	15027
8956	16068
8957	15041
8958	15054
8959	13007
8960	17088
8961	16367
8962	16062
8963	15035
8964	12012
8965	16049
8966	15062
8967	16373
8968	17080
8969	16375
8970	12006
8971	16377
8972	12020
8973	16379
8974	17086
8975	16381
8976	15048
8977	16383
8978	12014
8979	16091
8980	16076
8981	15077
8982	15330
8983	16389
8984	15056
8985	13049
8986	15334
8987	12035
8988	15336
8989	16395
8990	15338
8991	16091
8992	15340
8993	8993
8994	15342
8995	16091
8996	15344
8997	16403
8998	15346
8999	12035
9000	15348
9001	13049
9002	15350
9003	19445
9004	15352
9005	15077
9006	15354
9007	16091
9008	13072
9009	17105
9010	15358
9011	17475
9012	15360
9013	17477
9014	13078
9015	17479
9016	13064
9017	17481
9018	15366
9019	17483
9020	16120
9021	17485
9022	13070
9023	17151
9024	13256
9025	17489
9026	16306
9027	15123
9028	13260
9029	17157
9030	13262
9031	16269
9032	13264
9033	15117
9034	13266
9035	15131
9036	13268
9037	16275
9038	13270
9039	12213
9040	13272
9041	15125
9042	13274
9043	16281
9044	13276
9045	12219
9046	13278
9047	12221
9048	13280
9049	15271
9050	15146
9051	12225
9052	13284
9053	12227
9054	13286
9055	12229
9056	12104
9057	12231
9058	16326
9059	12233
9060	13292
9061	12235
9062	12098
9063	12237
9064	16160
9065	12239
9066	16334
9067	12241
9068	15140
9069	12243
9070	15418
9071	15281
9072	18468
9073	12247
9074	15422
9075	12249
9076	15424
9077	13141
9078	15426
9079	15289
9080	15428
9081	12255
9082	15430
9083	16183
9084	15432
9085	13133
9086	15434
9087	15297
9088	15436
9089	16311
9090	15438
9091	13323
9092	17220
9093	13325
9094	15442
9095	16375
9096	15192
9097	13329
9098	17226
9099	13331
9100	13164
9101	13333
9102	12150
9103	13335
9104	15200
9105	13337
9106	13170
9107	13339
9108	9108
9109	13341
9110	12158
9111	13343
9112	13176
9113	16381
9114	9114
9115	13347
9116	9116
9117	13349
9118	12166
9119	15215
9120	9120
9121	16389
9122	9122
9123	13355
9124	9124
9125	15209
9126	9126
9127	18397
9128	9128
9129	16367
9130	9130
9131	12305
9132	9132
9133	15355
9134	12170
9135	16373
9136	9136
9137	12311
9138	9138
9139	12313
9140	13188
9141	15363
9142	12178
9143	12317
9144	9144
9145	12319
9146	13194
9147	12321
9148	15220
9149	12323
9150	12186
9151	12325
9152	13200
9153	12327
9154	13386
9155	15365
9156	15228
9157	12331
9158	16242
9159	12333
9160	13392
9161	16383
9162	13394
9163	15373
9164	16444
9165	12339
9166	13398
9167	16389
9168	13400
9169	13233
9170	13402
9171	12219
9172	13404
9173	15269
9174	13406
9175	13239
9176	16444
9177	9177
9178	13410
9179	12227
9180	13412
9181	13245
9182	17462
9183	9183
9184	16452
9185	9185
9186	13418
9187	12235
9188	15284
9189	9189
9190	17318
9191	9191
9192	13256
9193	9193
9194	12242
9195	9195
9196	15292
9197	12233
9198	13262
9199	9199
9200	9200
9201	9201
9202	12250
9203	13251
9204	13268
9205	12241
9206	9206
9207	9207
9208	9208
9209	13257
9210	12258
9211	15283
9212	9212
9213	12249
9214	9214
9215	13263
9216	9216
9217	15439
9218	12254
9219	15291
9220	9220
9221	16305
9222	9222
9223	12397
9224	13272
9225	15447
9226	12262
9227	16465
9228	9228
9229	12403
9230	13278
9231	12405
9232	15304
9233	15455
9234	12270
9235	12409
9236	13284
9237	12411
9238	13302
9239	15449
9240	12288
9241	12415
9242	15338
9243	12417
9244	13308
9245	16467
9246	9246
9247	15457
9248	12296
9249	12423
9250	13314
9251	16473
9252	9252
9253	17381
9254	9254
9255	15465
9256	12304
9257	15353
9258	9258
9259	17387
9260	12296
9261	13325
9262	9262
9263	12311
9264	9264
9265	15361
9266	13314
9267	13331
9268	12304
9269	9269
9270	9270
9271	12319
9272	13320
9273	13337
9274	15346
9275	9275
9276	12312
9277	9277
9278	13326
9279	12327
9280	15376
9281	12317
9282	15354
9283	9283
9284	13348
9285	9285
9286	12334
9287	13335
9288	15384
9289	12325
9290	13354
9291	9291
9292	9292
9293	13341
9294	12342
9295	15367
9296	13360
9297	12333
9298	9298
9299	13347
9300	9300
9301	16413
9302	15386
9303	15375
9304	9304
9305	16389
9306	9306
9307	13371
9308	13356
9309	12357
9310	12346
9311	15407
9312	9312
9313	13377
9314	13362
9315	9315
9316	15388
9317	12365
9318	12354
9319	13383
9320	13368
9321	9321
9322	17418
9323	12359
9324	15396
9325	12373
9326	15422
9327	9327
9328	17424
9329	13377
9330	13394
9331	12367
9332	12380
9333	9333
9334	15430
9335	13383
9336	13400
9337	15409
9338	9338
9339	12375
9340	12388
9341	13389
9342	13406
9343	17439
9344	12380
9345	15417
9346	9346
9347	16431
9348	12396
9349	15445
9350	13398
9351	17479
9352	12388
9353	13417
9354	9354
9355	12403
9356	13404
9357	15453
9358	15430
9359	13423
9360	12396
9361	9361
9362	13410
9363	12411
9364	17460
9365	16465
9366	15438
9367	9367
9368	16452
9369	9369
9370	16482
9371	16467
9372	15468
9373	12409
9374	17502
9375	9375
9376	13440
9377	13425
9378	12426
9379	15451
9380	15476
9381	12417
9382	13446
9383	13431
9384	9384
9385	17481
9386	15470
9387	15459
9388	13452
9389	16473
9390	9390
9391	17487
9392	13440
9393	16505
9394	15478
9395	15491
9396	9396
9397	17525
9398	13446
9399	13463
9400	15472
9401	12449
9402	12438
9403	15499
9404	13452
9405	13469
9406	17502
9407	12443
9408	15480
9409	12457
9410	16494
9411	13475
9412	17508
9413	13461
9414	17542
9415	12451
9416	16528
9417	12465
9418	15514
9419	13467
9420	17548
9421	15493
9422	13486
9423	12459
9424	12472
9425	13473
9426	15522
9427	17523
9428	16528
9429	15501
9430	9430
9431	16515
9432	12480
9433	17529
9434	17546
9435	18543
9436	12472
9437	17565
9438	9438
9439	16551
9440	16536
9441	15537
9442	15514
9443	17571
9444	12480
9445	13509
9446	13494
9447	12495
9448	17544
9449	18581
9450	15522
9451	13515
9452	16536
9453	9453
9454	17550
9455	16551
9456	17920
9457	16557
9458	17922
9459	9459
9460	17588
9461	13509
9462	16574
9463	18583
9464	15560
9465	12501
9466	17594
9467	13515
9468	13532
9469	16875
9470	15554
9471	15543
9472	15568
9473	16557
9474	13538
9475	16881
9476	13524
9477	16883
9478	15562
9479	16885
9480	13544
9481	16887
9482	13530
9483	16889
9484	15556
9485	16597
9486	15570
9487	15583
9488	13536
9489	16895
9490	15838
9491	16591
9492	15564
9493	12541
9494	15842
9495	15591
9496	15844
9497	16903
9498	15846
9499	12535
9500	15848
9501	12549
9502	15850
9503	17615
9504	15852
9505	15577
9506	15854
9507	12543
9508	15856
9509	16605
9510	15606
9511	17607
9512	15860
9513	15585
9514	13578
9515	16599
9516	12564
9517	17613
9518	15866
9519	17983
9520	15868
9521	17985
9522	9522
9523	17987
9524	16620
9525	17989
9526	15874
9527	17991
9528	12564
9529	17657
9530	13578
9531	16643
9532	16812
9533	17997
9534	13766
9535	17663
9536	13768
9537	13601
9538	13770
9539	15761
9540	13772
9541	18005
9542	13774
9543	13607
9544	13776
9545	12719
9546	13778
9547	15769
9548	13780
9549	16649
9550	13782
9551	12725
9552	13784
9553	12727
9554	13786
9555	15777
9556	13788
9557	12731
9558	16826
9559	12733
9560	13792
9561	12735
9562	13794
9563	12737
9564	15660
9565	12739
9566	16834
9567	12741
9568	13800
9569	12743
9570	15654
9571	12745
9572	17684
9573	12747
9574	15922
9575	12749
9576	15648
9577	12751
9578	18974
9579	15675
9580	15928
9581	12755
9582	15930
9583	12757
9584	15932
9585	12633
9586	15934
9587	15797
9588	15936
9589	12763
9590	15938
9591	12627
9592	15940
9593	16689
9594	15942
9595	15805
9596	15944
9597	13829
9598	15946
9599	13831
9600	16712
9601	16881
9602	15698
9603	13835
9604	15952
9605	13837
9606	13670
9607	13839
9608	12656
9609	13841
9610	15706
9611	13843
9612	13676
9613	13845
9614	9614
9615	13847
9616	12664
9617	13849
9618	13682
9619	13851
9620	9620
9621	16889
9622	9622
9623	13855
9624	12672
9625	13857
9626	9626
9627	17755
9628	9628
9629	16867
9630	9630
9631	13863
9632	9632
9633	17913
9634	9634
9635	16873
9636	9636
9637	12811
9638	9638
9639	15861
9640	9640
9641	16879
9642	12678
9643	12817
9644	9644
9645	12819
9646	9646
9647	15869
9648	13696
9649	12823
9650	12686
9651	12825
9652	9652
9653	12827
9654	13702
9655	12829
9656	15728
9657	12831
9658	12694
9659	12833
9660	13708
9661	12835
9662	16942
9663	15873
9664	15736
9665	12839
9666	13898
9667	12841
9668	13900
9669	16781
9670	16950
9671	15767
9672	13904
9673	12847
9674	13906
9675	13739
9676	13908
9677	12725
9678	13910
9679	15775
9680	13912
9681	13745
9682	13914
9683	9683
9684	16952
9685	12733
9686	13918
9687	13751
9688	13920
9689	9689
9690	17818
9691	9691
9692	16804
9693	12741
9694	13926
9695	9695
9696	17824
9697	9697
9698	13762
9699	9699
9700	12748
9701	9701
9702	15798
9703	9703
9704	13768
9705	12741
9706	9706
9707	9707
9708	12756
9709	9709
9710	13774
9711	13759
9712	9712
9713	12749
9714	9714
9715	9715
9716	12764
9717	13765
9718	9718
9719	15791
9720	9720
9721	12757
9722	9722
9723	13771
9724	9724
9725	17821
9726	12762
9727	15799
9728	9728
9729	12903
9730	9730
9731	15953
9732	13780
9733	16971
9734	12770
9735	12909
9736	9736
9737	12911
9738	13786
9739	15961
9740	15812
9741	12915
9742	12778
9743	12917
9744	13792
9745	12919
9746	12794
9747	15957
9748	15820
9749	12923
9750	13814
9751	12925
9752	9752
9753	16975
9754	12802
9755	15965
9756	13820
9757	12931
9758	9758
9759	16981
9760	9760
9761	16873
9762	12810
9763	15859
9764	9764
9765	16987
9766	9766
9767	13831
9768	12804
9769	12817
9770	9770
9771	15867
9772	9772
9773	13837
9774	13822
9775	9775
9776	12812
9777	12825
9778	9778
9779	13843
9780	13828
9781	9781
9782	15854
9783	9783
9784	12820
9785	12833
9786	13834
9787	9787
9788	17884
9789	12825
9790	13854
9791	9791
9792	12840
9793	9793
9794	15890
9795	13843
9796	13860
9797	12833
9798	9798
9799	9799
9800	12848
9801	13849
9802	13866
9803	15875
9804	9804
9805	12841
9806	9806
9807	13855
9808	12856
9809	15905
9810	12846
9811	15883
9812	9812
9813	13877
9814	9814
9815	12863
9816	13864
9817	15913
9818	12854
9819	13883
9820	9820
9821	9821
9822	13870
9823	12871
9824	15896
9825	13889
9826	12862
9827	9827
9828	13876
9829	9829
9830	16942
9831	15915
9832	15904
9833	9833
9834	16918
9835	9835
9836	13900
9837	13885
9838	12886
9839	12875
9840	15936
9841	9841
9842	13906
9843	13891
9844	9844
9845	15917
9846	12894
9847	12883
9848	13912
9849	13897
9850	9850
9851	17947
9852	12888
9853	15925
9854	12902
9855	15951
9856	9856
9857	17953
9858	13906
9859	13923
9860	12896
9861	12909
9862	9862
9863	15959
9864	13912
9865	13929
9866	15938
9867	9867
9868	12904
9869	12917
9870	13918
9871	13935
9872	17968
9873	12909
9874	15946
9875	9875
9876	16960
9877	12925
9878	15974
9879	13927
9880	18008
9881	12917
9882	13946
9883	9883
9884	12932
9885	13933
9886	15982
9887	15959
9888	13952
9889	12925
9890	9890
9891	13939
9892	12940
9893	17989
9894	16994
9895	15967
9896	9896
9897	16981
9898	9898
9899	17011
9900	16996
9901	15997
9902	12938
9903	18031
9904	9904
9905	13969
9906	13954
9907	12955
9908	15980
9909	16005
9910	12946
9911	13975
9912	13960
9913	9913
9914	18010
9915	15999
9916	15988
9917	13981
9918	17002
9919	9919
9920	18016
9921	13969
9922	17034
9923	16007
9924	16020
9925	9925
9926	18054
9927	13975
9928	13992
9929	16001
9930	12978
9931	12967
9932	16028
9933	13981
9934	13998
9935	18031
9936	12972
9937	16009
9938	12986
9939	17023
9940	14004
9941	18037
9942	13990
9943	18071
9944	12980
9945	17057
9946	12994
9947	16043
9948	13996
9949	18077
9950	16022
9951	14015
9952	12988
9953	13001
9954	14002
9955	16051
9956	18052
9957	17057
9958	16030
9959	9959
9960	17044
9961	13009
9962	18058
9963	18075
9964	18428
9965	13001
9966	18094
9967	9967
9968	17080
9969	17065
9970	16066
9971	16043
9972	18100
9973	13009
9974	14038
9975	14023
9976	13024
9977	17383
9978	18442
9979	16051
9980	14044
9981	17065
9982	9982
9983	17389
9984	17080
9985	17391
9986	17086
9987	17393
9988	9988
9989	17395
9990	14038
9991	17103
9992	18456
9993	16089
9994	13030
9995	17401
9996	14044
9997	14061
9998	16346
9999	16083
10000	16072
10001	16097
10002	16350
10003	14067
10004	16352
10005	14053
10006	16354
10007	16091
10008	16356
10009	14073
10010	16358
10011	14059
10012	16360
10013	16085
10014	16362
10015	16099
10016	16112
10017	14065
10018	16366
10019	18115
10020	16368
10021	16093
10022	13070
10023	17107
10024	16120
10025	18121
10026	16374
10027	18491
10028	13064
10029	18493
10030	13078
10031	18495
10032	18144
10033	18497
10034	14266
10035	18163
10036	13072
10037	17149
10038	17134
10039	16135
10040	14272
10041	18505
10042	14274
10043	14107
10044	14276
10045	13093
10046	14278
10047	18511
10048	14280
10049	17149
10050	14282
10051	10051
10052	14284
10053	16275
10054	14286
10055	17293
10056	14288
10057	13093
10058	14290
10059	13233
10060	14292
10061	16283
10062	14294
10063	13237
10064	14296
10065	13239
10066	14130
10067	13241
10068	14300
10069	13243
10070	14302
10071	13245
10072	14136
10073	13247
10074	14122
10075	13249
10076	14308
10077	13251
10078	17178
10079	13253
10080	14128
10081	13255
10082	16430
10083	13257
10084	18364
10085	13259
10086	16434
10087	16297
10088	16436
10089	13263
10090	16438
10091	13265
10092	16440
10093	16189
10094	16442
10095	16305
10096	16444
10097	13271
10098	16446
10099	16183
10100	16448
10101	18213
10102	16450
10103	14335
10104	16452
10105	14337
10106	16454
10107	17387
10108	16204
10109	14341
10110	16458
10111	14343
10112	14176
10113	14345
10114	13162
10115	14347
10116	16212
10117	14349
10118	14182
10119	14351
10120	10120
10121	14353
10122	13170
10123	14355
10124	14188
10125	14357
10126	10126
10127	14359
10128	10128
10129	17241
10130	13178
10131	14363
10132	10132
10133	14365
10134	10134
10135	14199
10136	10136
10137	16359
10138	10138
10139	14371
10140	10140
10141	17241
10142	10142
10143	13317
10144	10144
10145	16367
10146	10146
10147	17385
10148	10148
10149	13323
10150	13186
10151	13325
10152	10152
10153	16375
10154	10154
10155	13329
10156	14204
10157	13331
10158	13194
10159	13333
10160	10160
10161	13335
10162	14210
10163	13337
10164	16236
10165	13339
10166	13202
10167	13341
10168	14216
10169	13343
10170	18266
10171	16381
10172	14404
10173	13347
10174	14406
10175	13349
10176	17456
10177	16273
10178	14410
10179	16389
10180	14412
10181	13355
10182	14414
10183	13231
10184	14416
10185	16281
10186	14418
10187	14251
10188	14420
10189	10189
10190	14422
10191	13239
10192	17460
10193	14257
10194	14426
10195	10195
10196	14428
10197	10197
10198	17310
10199	13247
10200	16296
10201	10201
10202	14434
10203	10203
10204	14268
10205	10205
10206	13254
10207	10207
10208	16304
10209	10209
10210	14274
10211	10211
10212	10212
10213	13249
10214	13262
10215	10215
10216	14280
10217	10217
10218	10218
10219	14267
10220	10220
10221	13257
10222	13270
10223	10223
10224	10224
10225	14273
10226	10226
10227	16299
10228	10228
10229	13265
10230	10230
10231	14279
10232	10232
10233	17471
10234	13270
10235	13409
10236	10236
10237	16459
10238	10238
10239	17477
10240	14288
10241	13415
10242	13278
10243	13417
10244	10244
10245	16467
10246	14294
10247	13421
10248	16320
10249	13423
10250	13286
10251	13425
10252	13300
10253	13427
10254	16350
10255	16465
10256	14320
10257	13431
10258	10258
10259	13433
10260	13308
10261	17483
10262	14326
10263	16473
10264	10264
10265	13439
10266	10266
10267	17379
10268	13316
10269	16365
10270	10270
10271	16481
10272	10272
10273	14337
10274	10274
10275	13323
10276	13312
10277	16373
10278	10278
10279	14343
10280	10280
10281	10281
10282	14330
10283	13331
10284	13320
10285	14349
10286	10286
10287	10287
10288	14336
10289	10289
10290	16362
10291	13339
10292	13328
10293	10293
10294	14342
10295	10295
10296	14360
10297	13333
10298	13346
10299	10299
10300	16396
10301	10301
10302	14366
10303	14351
10304	10304
10305	13341
10306	13354
10307	10307
10308	14372
10309	14357
10310	10310
10311	16383
10312	10312
10313	13349
10314	13362
10315	14363
10316	10316
10317	18413
10318	13354
10319	14383
10320	10320
10321	13369
10322	10322
10323	16419
10324	14372
10325	14389
10326	13362
10327	10327
10328	10328
10329	13377
10330	14378
10331	14395
10332	16404
10333	10333
10334	13370
10335	10335
10336	14384
10337	13385
10338	16434
10339	13375
10340	16412
10341	10341
10342	14406
10343	10343
10344	13392
10345	14393
10346	16442
10347	13383
10348	14412
10349	10349
10350	10350
10351	14399
10352	13400
10353	16425
10354	14418
10355	13391
10356	10356
10357	14405
10358	10358
10359	17471
10360	16444
10361	16433
10362	10362
10363	17447
10364	10364
10365	14429
10366	14414
10367	13415
10368	13404
10369	16465
10370	10370
10371	14435
10372	14420
10373	10373
10374	16446
10375	13423
10376	13412
10377	14441
10378	14426
10379	10379
10380	18476
10381	13417
10382	16454
10383	13431
10384	16480
10385	10385
10386	18482
10387	14435
10388	14452
10389	13425
10390	13438
10391	10391
10392	16488
10393	14441
10394	14458
10395	16467
10396	10396
10397	13433
10398	13446
10399	14447
10400	14464
10401	18497
10402	13438
10403	16475
10404	10404
10405	17489
10406	13454
10407	16503
10408	14456
10409	18537
10410	13446
10411	14475
10412	10412
10413	13461
10414	14462
10415	16511
10416	16488
10417	14481
10418	13454
10419	10419
10420	14468
10421	13469
10422	18518
10423	17523
10424	16496
10425	10425
10426	17510
10427	10427
10428	17540
10429	17525
10430	16526
10431	13467
10432	18560
10433	10433
10434	14498
10435	14483
10436	13484
10437	16509
10438	16534
10439	13475
10440	14504
10441	14489
10442	10442
10443	18539
10444	16528
10445	16517
10446	14510
10447	17531
10448	10448
10449	18545
10450	14498
10451	17563
10452	16536
10453	16549
10454	10454
10455	18583
10456	14504
10457	14521
10458	16530
10459	13507
10460	13496
10461	16557
10462	14510
10463	14527
10464	18560
10465	13501
10466	16538
10467	13515
10468	17552
10469	14533
10470	18566
10471	14519
10472	18600
10473	13509
10474	17586
10475	13523
10476	16572
10477	14525
10478	18606
10479	16551
10480	14544
10481	13517
10482	13530
10483	14531
10484	16580
10485	17891
10486	17586
10487	16559
10488	10488
10489	17573
10490	13538
10491	17897
10492	18604
10493	17899
10494	13530
10495	17901
10496	10496
10497	17609
10498	17594
10499	16595
10500	16572
10501	17907
10502	13538
10503	14567
10504	14552
10505	13553
10506	16854
10507	17913
10508	16580
10509	14573
10510	16858
10511	10511
10512	16860
10513	17609
10514	16862
10515	17615
10516	16864
10517	10517
10518	16866
10519	14567
10520	16868
10521	17927
10522	16618
10523	13559
10524	16872
10525	14573
10526	14590
10527	18623
10528	16612
10529	16601
10530	16626
10531	17615
10532	14596
10533	18629
10534	14582
10535	18999
10536	16620
10537	19001
10538	14602
10539	19003
10540	14588
10541	18669
10542	14774
10543	17655
10544	16628
10545	16641
10546	14594
10547	18675
10548	14780
10549	17649
10550	14782
10551	13599
10552	14784
10553	16649
10554	14786
10555	17793
10556	14788
10557	13593
10558	14790
10559	13607
10560	14792
10561	17799
10562	14794
10563	13737
10564	14796
10565	13601
10566	14798
10567	16789
10568	14800
10569	13743
10570	14802
10571	13745
10572	14636
10573	13747
10574	13622
10575	13749
10576	14808
10577	13751
10578	14810
10579	13753
10580	10580
10581	13755
10582	17678
10583	13757
10584	14816
10585	13759
10586	13622
10587	13761
10588	14636
10589	13763
10590	17858
10591	13765
10592	16664
10593	13767
10594	16942
10595	14659
10596	16944
10597	13771
10598	16946
10599	13773
10600	16948
10601	14665
10602	16950
10603	14651
10604	16952
10605	13779
10606	16954
10607	17707
10608	16956
10609	14657
10610	16958
10611	14843
10612	16960
10613	17835
10614	16710
10615	14847
10616	18744
10617	14849
10618	14682
10619	14851
10620	13668
10621	14853
10622	16718
10623	14855
10624	14688
10625	14857
10626	10626
10627	14859
10628	13676
10629	14861
10630	14694
10631	14863
10632	10632
10633	14865
10634	10634
10635	14867
10636	13684
10637	16733
10638	10638
10639	14871
10640	10640
10641	14873
10642	10642
10643	13691
10644	10644
10645	17913
10646	10646
10647	14879
10648	10648
10649	13685
10650	10650
10651	16873
10652	10652
10653	17891
10654	10654
10655	13829
10656	10656
10657	13831
10658	13694
10659	16881
10660	10660
10661	13835
10662	10662
10663	13837
10664	14712
10665	13839
10666	13702
10667	13841
10668	10668
10669	13843
10670	14718
10671	13845
10672	14720
10673	13847
10674	13710
10675	13849
10676	14724
10677	13851
10678	14910
10679	16889
10680	14912
10681	13855
10682	17766
10683	13857
10684	14916
10685	17907
10686	14918
10687	14751
10688	14920
10689	13737
10690	14922
10691	16787
10692	14924
10693	14757
10694	14926
10695	10695
10696	14928
10697	13745
10698	14930
10699	14763
10700	17968
10701	10701
10702	14934
10703	10703
10704	14936
10705	13753
10706	16802
10707	10707
10708	17976
10709	10709
10710	14774
10711	10711
10712	13760
10713	10713
10714	16810
10715	10715
10716	14780
10717	10717
10718	10718
10719	10719
10720	13768
10721	13757
10722	14786
10723	10723
10724	10724
10725	10725
10726	10726
10727	14775
10728	13776
10729	13765
10730	10730
10731	10731
10732	10732
10733	14781
10734	10734
10735	16807
10736	10736
10737	13773
10738	10738
10739	14787
10740	10740
10741	13915
10742	13778
10743	16815
10744	10744
10745	17829
10746	10746
10747	13921
10748	14796
10749	13923
10750	13786
10751	16973
10752	10752
10753	13927
10754	14802
10755	13929
10756	14820
10757	13931
10758	13794
10759	13933
10760	14808
10761	13935
10762	14826
10763	16973
10764	10764
10765	13939
10766	13814
10767	13941
10768	14832
10769	17991
10770	10770
10771	16981
10772	10772
10773	13947
10774	13822
10775	16871
10776	10776
10777	18905
10778	10778
10779	14843
10780	10780
10781	13829
10782	10782
10783	16879
10784	13820
10785	14849
10786	10786
10787	10787
10788	10788
10789	13837
10790	14838
10791	14855
10792	13828
10793	10793
10794	10794
10795	10795
10796	14844
10797	13845
10798	16870
10799	10799
10800	13836
10801	10801
10802	14850
10803	10803
10804	13852
10805	13841
10806	16878
10807	10807
10808	14872
10809	10809
10810	10810
10811	14859
10812	13860
10813	13849
10814	14878
10815	10815
10816	10816
10817	14865
10818	10818
10819	16891
10820	13868
10821	13857
10822	10822
10823	14871
10824	10824
10825	14889
10826	13862
10827	13875
10828	10828
10829	16925
10830	10830
10831	14895
10832	14880
10833	10833
10834	13870
10835	13883
10836	10836
10837	14901
10838	14886
10839	10839
10840	16912
10841	10841
10842	13878
10843	13891
10844	14892
10845	10845
10846	18942
10847	13883
10848	14912
10849	10849
10850	13898
10851	10851
10852	16948
10853	14901
10854	14918
10855	13891
10856	10856
10857	10857
10858	13906
10859	14907
10860	14924
10861	16933
10862	10862
10863	13899
10864	10864
10865	14913
10866	13914
10867	16963
10868	13904
10869	16941
10870	10870
10871	14935
10872	10872
10873	13921
10874	14922
10875	16971
10876	13912
10877	14941
10878	10878
10879	10879
10880	14928
10881	13929
10882	16954
10883	14947
10884	13920
10885	10885
10886	14934
10887	10887
10888	18000
10889	16973
10890	16962
10891	10891
10892	17976
10893	10893
10894	14958
10895	14943
10896	13944
10897	13933
10898	16994
10899	10899
10900	14964
10901	14949
10902	10902
10903	16975
10904	13952
10905	13941
10906	14970
10907	14955
10908	10908
10909	19005
10910	13946
10911	16983
10912	13960
10913	17009
10914	10914
10915	19011
10916	14964
10917	14981
10918	13954
10919	13967
10920	10920
10921	17017
10922	14970
10923	14987
10924	16996
10925	10925
10926	13962
10927	13975
10928	14976
10929	14993
10930	19026
10931	13967
10932	17004
10933	10933
10934	18018
10935	13983
10936	17032
10937	14985
10938	19066
10939	13975
10940	15004
10941	10941
10942	13990
10943	14991
10944	17040
10945	17017
10946	15010
10947	13983
10948	10948
10949	14997
10950	13998
10951	19047
10952	18052
10953	17025
10954	10954
10955	18039
10956	10956
10957	18069
10958	18054
10959	17055
10960	13996
10961	19089
10962	10962
10963	15027
10964	15012
10965	14013
10966	17038
10967	17063
10968	14004
10969	15033
10970	15018
10971	10971
10972	19068
10973	17057
10974	17046
10975	15039
10976	18060
10977	10977
10978	19074
10979	15027
10980	18092
10981	17065
10982	17078
10983	10983
10984	19112
10985	15033
10986	15050
10987	17059
10988	14036
10989	14025
10990	17086
10991	15039
10992	15056
10993	18399
10994	14030
10995	17067
10996	14044
10997	18081
10998	15062
10999	18405
11000	15048
11001	18407
11002	14038
11003	18115
11004	14052
11005	17101
11006	15054
11007	18413
11008	17080
11009	15073
11010	14046
11011	14059
11012	15060
11013	17109
11014	17362
11015	18115
11016	17088
11017	11017
11018	17366
11019	14067
11020	17368
11021	18427
11022	17370
11023	14059
11024	17372
11025	11025
11026	17374
11027	18123
11028	17124
11029	17101
11030	17378
11031	14067
11032	15096
11033	15081
11034	14082
11035	19131
11036	17384
11037	17109
11038	15102
11039	18123
11040	11040
11041	19137
11042	17390
11043	19507
11044	17392
11045	19509
11046	11046
11047	19175
11048	15096
11049	18161
11050	17398
11051	17147
11052	14088
11053	19181
11054	15102
11055	15119
11056	15288
11057	17141
11058	15290
11059	17155
11060	15292
11061	15125
11062	15294
11063	14237
11064	15296
11065	17149
11066	15298
11067	15131
11068	15300
11069	14243
11070	15302
11071	14245
11072	15304
11073	17157
11074	15306
11075	14249
11076	15308
11077	14251
11078	15310
11079	14253
11080	14128
11081	14255
11082	17178
11083	14257
11084	15316
11085	14259
11086	14122
11087	14261
11088	14136
11089	14263
11090	18358
11091	14265
11092	15324
11093	14267
11094	14130
11095	14269
11096	18192
11097	14271
11098	17446
11099	14273
11100	17172
11101	14275
11102	17450
11103	14151
11104	17452
11105	14279
11106	17454
11107	14281
11108	17456
11109	11109
11110	17458
11111	17321
11112	17460
11113	14287
11114	17462
11115	14151
11116	17464
11117	15165
11118	17466
11119	17329
11120	17216
11121	15353
11122	17470
11123	15355
11124	15188
11125	15357
11126	14174
11127	15359
11128	17224
11129	15361
11130	15194
11131	15363
11132	11132
11133	15365
11134	14182
11135	15367
11136	15200
11137	15369
11138	11138
11139	15371
11140	11140
11141	15373
11142	14190
11143	15375
11144	11144
11145	18413
11146	11146
11147	15379
11148	11148
11149	15381
11150	11150
11151	17247
11152	11152
11153	18391
11154	11154
11155	14329
11156	11156
11157	17241
11158	11158
11159	18397
11160	11160
11161	14335
11162	11162
11163	14337
11164	11164
11165	17387
11166	14202
11167	14341
11168	11168
11169	14343
11170	11170
11171	14345
11172	14220
11173	14347
11174	14210
11175	14349
11176	11176
11177	14351
11178	14214
11179	14353
11180	17252
11181	14355
11182	14218
11183	14357
11184	15232
11185	14359
11186	15418
11187	17397
11188	17260
11189	14363
11190	15422
11191	14365
11192	15424
11193	15257
11194	15426
11195	14243
11196	15428
11197	14371
11198	15430
11199	15263
11200	15432
11201	11201
11202	15434
11203	14251
11204	15436
11205	15269
11206	15438
11207	11207
11208	18476
11209	11209
11210	15442
11211	14259
11212	15444
11213	11213
11214	19342
11215	11215
11216	15280
11217	11217
11218	14266
11219	11219
11220	17316
11221	11221
11222	15286
11223	11223
11224	11224
11225	11225
11226	14274
11227	11227
11228	15292
11229	14265
11230	11230
11231	11231
11232	11232
11233	11233
11234	14282
11235	15283
11236	11236
11237	14273
11238	11238
11239	11239
11240	11240
11241	15289
11242	11242
11243	17315
11244	11244
11245	14281
11246	11246
11247	14421
11248	11248
11249	17471
11250	14286
11251	17323
11252	11252
11253	14427
11254	11254
11255	14429
11256	15304
11257	17479
11258	14294
11259	14433
11260	11260
11261	14435
11262	15310
11263	14437
11264	14312
11265	14439
11266	14302
11267	14441
11268	15316
11269	14443
11270	11270
11271	17481
11272	14320
11273	14447
11274	15338
11275	14449
11276	11276
11277	18499
11278	11278
11279	17489
11280	14328
11281	14455
11282	11282
11283	18505
11284	11284
11285	15349
11286	11286
11287	14335
11288	11288
11289	17385
11290	11290
11291	15355
11292	14328
11293	11293
11294	11294
11295	14343
11296	11296
11297	15361
11298	15346
11299	11299
11300	14336
11301	11301
11302	11302
11303	14351
11304	15352
11305	11305
11306	17378
11307	11307
11308	14344
11309	11309
11310	14358
11311	11311
11312	17408
11313	14349
11314	15378
11315	11315
11316	11316
11317	11317
11318	14366
11319	15367
11320	15384
11321	14357
11322	11322
11323	11323
11324	11324
11325	15373
11326	14374
11327	17399
11328	11328
11329	14365
11330	11330
11331	15379
11332	11332
11333	14381
11334	14370
11335	17407
11336	11336
11337	15401
11338	11338
11339	11339
11340	15388
11341	14389
11342	14378
11343	15407
11344	11344
11345	11345
11346	15394
11347	11347
11348	17420
11349	14397
11350	14386
11351	11351
11352	15400
11353	11353
11354	15418
11355	14391
11356	14404
11357	11357
11358	17454
11359	11359
11360	15424
11361	15409
11362	11362
11363	14399
11364	14412
11365	11365
11366	15430
11367	15415
11368	11368
11369	17441
11370	11370
11371	14407
11372	14420
11373	15421
11374	11374
11375	19471
11376	14412
11377	15441
11378	11378
11379	14427
11380	11380
11381	17477
11382	15430
11383	15447
11384	14420
11385	11385
11386	11386
11387	14435
11388	15436
11389	15453
11390	17462
11391	11391
11392	14428
11393	11393
11394	15442
11395	14443
11396	17492
11397	14433
11398	17470
11399	11399
11400	15464
11401	11401
11402	14450
11403	15451
11404	17500
11405	14441
11406	15470
11407	11407
11408	11408
11409	15457
11410	14458
11411	17483
11412	15476
11413	14449
11414	11414
11415	15463
11416	11416
11417	18529
11418	17502
11419	17491
11420	11420
11421	18505
11422	11422
11423	15487
11424	15472
11425	14473
11426	14462
11427	17523
11428	11428
11429	15493
11430	15478
11431	11431
11432	17504
11433	14481
11434	14470
11435	15499
11436	15484
11437	11437
11438	19534
11439	14475
11440	17512
11441	14489
11442	17538
11443	11443
11444	19540
11445	15493
11446	15510
11447	14483
11448	14496
11449	11449
11450	17546
11451	15499
11452	15516
11453	17525
11454	11454
11455	14491
11456	14504
11457	15505
11458	15522
11459	19555
11460	14496
11461	17533
11462	11462
11463	18547
11464	14512
11465	17561
11466	15514
11467	19595
11468	14504
11469	15533
11470	11470
11471	14519
11472	15520
11473	17569
11474	17546
11475	15539
11476	14512
11477	11477
11478	15526
11479	14527
11480	19576
11481	18581
11482	17554
11483	11483
11484	18568
11485	11485
11486	18598
11487	18583
11488	17584
11489	14525
11490	19618
11491	11491
11492	15556
11493	15541
11494	14542
11495	17567
11496	17592
11497	14533
11498	15562
11499	15547
11500	11500
11501	18907
11502	17586
11503	17575
11504	15568
11505	18589
11506	11506
11507	18913
11508	15556
11509	18621
11510	17594
11511	17607
11512	11512
11513	18919
11514	15562
11515	15579
11516	17588
11517	14565
11518	14554
11519	17615
11520	15568
11521	15585
11522	17870
11523	14559
11524	17596
11525	14573
11526	17874
11527	15591
11528	17876
11529	15577
11530	17878
11531	14567
11532	17880
11533	14581
11534	17630
11535	15583
11536	17884
11537	17609
11538	15602
11539	14575
11540	14588
11541	15589
11542	17638
11543	19639
11544	17892
11545	17617
11546	11546
11547	18631
11548	14596
11549	19645
11550	17898
11551	20015
11552	14588
11553	19681
11554	11554
11555	18667
11556	18652
11557	17653
11558	15790
11559	19687
11560	14596
11561	15625
11562	15610
11563	14611
11564	15796
11565	20029
11566	15798
11567	15631
11568	15800
11569	11569
11570	15802
11571	17793
11572	15804
11573	18673
11574	15806
11575	11575
11576	15808
11577	14751
11578	15810
11579	17801
11580	15812
11581	14617
11582	15814
11583	14757
11584	15648
11585	14759
11586	15818
11587	14761
11588	15820
11589	14763
11590	15654
11591	14765
11592	15640
11593	14767
11594	15826
11595	14769
11596	15660
11597	14771
11598	15646
11599	14773
11600	15832
11601	14775
11602	17686
11603	14777
11604	15652
11605	14779
11606	17954
11607	14781
11608	17680
11609	14657
11610	17958
11611	17707
11612	17960
11613	14787
11614	17962
11615	14651
11616	17964
11617	14665
11618	17966
11619	17829
11620	17968
11621	14795
11622	17970
11623	14659
11624	17972
11625	18721
11626	17722
11627	15859
11628	17976
11629	15861
11630	15694
11631	15863
11632	14680
11633	15865
11634	17730
11635	15867
11636	15700
11637	15869
11638	11638
11639	15871
11640	14688
11641	15873
11642	15706
11643	15875
11644	11644
11645	15877
11646	11646
11647	15879
11648	14696
11649	15881
11650	11650
11651	15883
11652	11652
11653	15717
11654	11654
11655	15887
11656	11656
11657	15889
11658	11658
11659	15723
11660	11660
11661	14835
11662	11662
11663	15895
11664	11664
11665	18765
11666	11666
11667	14841
11668	11668
11669	14843
11670	11670
11671	17893
11672	11672
11673	14847
11674	14710
11675	14849
11676	11676
11677	14851
11678	11678
11679	14853
11680	15728
11681	14855
11682	14718
11683	14857
11684	11684
11685	14859
11686	15734
11687	14861
11688	17760
11689	14863
11690	14726
11691	14865
11692	15740
11693	14867
11694	18974
11695	17791
11696	15928
11697	14871
11698	15930
11699	14873
11700	15932
11701	14749
11702	15934
11703	17799
11704	15936
11705	14879
11706	15938
11707	11707
11708	15940
11709	14757
11710	15942
11711	15775
11712	15944
11713	11713
11714	15946
11715	11715
11716	18828
11717	14765
11718	15950
11719	11719
11720	15952
11721	11721
11722	15786
11723	11723
11724	14772
11725	11725
11726	15958
11727	11727
11728	15792
11729	11729
11730	11730
11731	11731
11732	14780
11733	11733
11734	15798
11735	11735
11736	11736
11737	14773
11738	11738
11739	11739
11740	14788
11741	11741
11742	11742
11743	15791
11744	11744
11745	14781
11746	11746
11747	11747
11748	11748
11749	15797
11750	11750
11751	17823
11752	11752
11753	14789
11754	11754
11755	15803
11756	11756
11757	18995
11758	14794
11759	14933
11760	11760
11761	14935
11762	11762
11763	17985
11764	15812
11765	14939
11766	14802
11767	14941
11768	11768
11769	14943
11770	14818
11771	14945
11772	17844
11773	14947
11774	14810
11775	14949
11776	11776
11777	14951
11778	14826
11779	17989
11780	15844
11781	14955
11782	11782
11783	14957
11784	11784
11785	18897
11786	14834
11787	17883
11788	11788
11789	14963
11790	11790
11791	15855
11792	11792
11793	14841
11794	11794
11795	17891
11796	11796
11797	15861
11798	11798
11799	11799
11800	14836
11801	14849
11802	11802
11803	15867
11804	11804
11805	11805
11806	15854
11807	11807
11808	14844
11809	14857
11810	11810
11811	11811
11812	15860
11813	11813
11814	15878
11815	11815
11816	14852
11817	11817
11818	15866
11819	11819
11820	15884
11821	14857
11822	11822
11823	11823
11824	14872
11825	11825
11826	15890
11827	15875
11828	11828
11829	14865
11830	11830
11831	11831
11832	14880
11833	15881
11834	11834
11835	17907
11836	11836
11837	14873
11838	11838
11839	14887
11840	11840
11841	17937
11842	14878
11843	15907
11844	11844
11845	11845
11846	11846
11847	14895
11848	15896
11849	15913
11850	14886
11851	11851
11852	11852
11853	11853
11854	15902
11855	14903
11856	17928
11857	11857
11858	14894
11859	11859
11860	15908
11861	11861
11862	14910
11863	14899
11864	17936
11865	11865
11866	15930
11867	11867
11868	11868
11869	15917
11870	14918
11871	14907
11872	15936
11873	11873
11874	11874
11875	15923
11876	11876
11877	17949
11878	14926
11879	14915
11880	11880
11881	15929
11882	11882
11883	15947
11884	14920
11885	14933
11886	11886
11887	17983
11888	11888
11889	15953
11890	15938
11891	11891
11892	14928
11893	14941
11894	11894
11895	15959
11896	15944
11897	11897
11898	17970
11899	11899
11900	14936
11901	14949
11902	15950
11903	11903
11904	20000
11905	14941
11906	15970
11907	11907
11908	14956
11909	11909
11910	18006
11911	15959
11912	15976
11913	14949
11914	11914
11915	11915
11916	14964
11917	15965
11918	15982
11919	17991
11920	11920
11921	14957
11922	11922
11923	15971
11924	14972
11925	18021
11926	14962
11927	17999
11928	11928
11929	15993
11930	11930
11931	14979
11932	15980
11933	18029
11934	14970
11935	15999
11936	11936
11937	11937
11938	15986
11939	14987
11940	18012
11941	16005
11942	14978
11943	11943
11944	15992
11945	11945
11946	19058
11947	18031
11948	18020
11949	11949
11950	19034
11951	11951
11952	16016
11953	16001
11954	15002
11955	14991
11956	18052
11957	11957
11958	16022
11959	16007
11960	11960
11961	18033
11962	15010
11963	14999
11964	16028
11965	16013
11966	11966
11967	20063
11968	15004
11969	18041
11970	15018
11971	18067
11972	11972
11973	20069
11974	16022
11975	16039
11976	15012
11977	15025
11978	11978
11979	18075
11980	16028
11981	16045
11982	18054
11983	11983
11984	15020
11985	15033
11986	16034
11987	16051
11988	20084
11989	15025
11990	18062
11991	11991
11992	19076
11993	15041
11994	18090
11995	16043
11996	20124
11997	15033
11998	16062
11999	11999
12000	15048
12001	16049
12002	18098
12003	18075
12004	16068
12005	15041
12006	12006
12007	16055
12008	15056
12009	19415
12010	19110
12011	18083
12012	12012
12013	19097
12014	12014
12015	19127
12016	19112
12017	18113
12018	15054
12019	19425
12020	12020
12021	16085
12022	16070
12023	15071
12024	18096
12025	18121
12026	15062
12027	16091
12028	16076
12029	12029
12030	18378
12031	18115
12032	18104
12033	16097
12034	18382
12035	12035
12036	18384
12037	16085
12038	18386
12039	18123
12040	18136
12041	12041
12042	18390
12043	16091
12044	16108
12045	18117
12046	15094
12047	15083
12048	18144
12049	16097
12050	16114
12051	20147
12052	15088
12053	18125
12054	15102
12055	19139
12056	16120
12057	20153
12058	16106
12059	20187
12060	15096
12061	19173
12062	15110
12063	18159
12064	16112
12065	20193
12066	16298
12067	16131
12068	15104
12069	15117
12070	16118
12071	18167
12072	16304
12073	19173
12074	16306
12075	12075
12076	16308
12077	15125
12078	16310
12079	19317
12080	16312
12081	15117
12082	16314
12083	12083
12084	16316
12085	18307
12086	16318
12087	15261
12088	16320
12089	15125
12090	16154
12091	15265
12092	15140
12093	15267
12094	16326
12095	15269
12096	16160
12097	15271
12098	12098
12099	15273
12100	16332
12101	15275
12102	16334
12103	15277
12104	12104
12105	15279
12106	16154
12107	15281
12108	16340
12109	15283
12110	15146
12111	15285
12112	16160
12113	15287
12114	18462
12115	15289
12116	18188
12117	15291
12118	18466
12119	16183
12120	18468
12121	15295
12122	18470
12123	15297
12124	18472
12125	16189
12126	18474
12127	16175
12128	18476
12129	15303
12130	18478
12131	18215
12132	18228
12133	16181
12134	18482
12135	16367
12136	16200
12137	16369
12138	15186
12139	16371
12140	18236
12141	16373
12142	16206
12143	16375
12144	12144
12145	16377
12146	15194
12147	16379
12148	16212
12149	16381
12150	12150
12151	16383
12152	12152
12153	16385
12154	15202
12155	16387
12156	12156
12157	16389
12158	12158
12159	16223
12160	12160
12161	15209
12162	12162
12163	16395
12164	12164
12165	16397
12166	12166
12167	12167
12168	12168
12169	18391
12170	12170
12171	16403
12172	12172
12173	15209
12174	12174
12175	15349
12176	12176
12177	18399
12178	12178
12179	15353
12180	12180
12181	15355
12182	15218
12183	15357
12184	12184
12185	15359
12186	12186
12187	15361
12188	16236
12189	15363
12190	15226
12191	15365
12192	12192
12193	15367
12194	16242
12195	15369
12196	16244
12197	15371
12198	15234
12199	15373
12200	16248
12201	15375
12202	16434
12203	18413
12204	16436
12205	15379
12206	16438
12207	15255
12208	16440
12209	18305
12210	16442
12211	16275
12212	16444
12213	12213
12214	16446
12215	15263
12216	16448
12217	16281
12218	16450
12219	12219
12220	16452
12221	12221
12222	16454
12223	15271
12224	18320
12225	12225
12226	16458
12227	12227
12228	16292
12229	12229
12230	15278
12231	12231
12232	18328
12233	12233
12234	16298
12235	12235
12236	12236
12237	12237
12238	15286
12239	12239
12240	16304
12241	12241
12242	12242
12243	12243
12244	12244
12245	15281
12246	15294
12247	12247
12248	12248
12249	12249
12250	12250
12251	16299
12252	12252
12253	15289
12254	12254
12255	12255
12256	12256
12257	16305
12258	12258
12259	15433
12260	12260
12261	15297
12262	12262
12263	16311
12264	12264
12265	15439
12266	15302
12267	15441
12268	12268
12269	18491
12270	12270
12271	15445
12272	16320
12273	15447
12274	15310
12275	15449
12276	12276
12277	15451
12278	16326
12279	15453
12280	16344
12281	15455
12282	12282
12283	15457
12284	15332
12285	15459
12286	16350
12287	18497
12288	12288
12289	15463
12290	12290
12291	15465
12292	15340
12293	18389
12294	12294
12295	18505
12296	12296
12297	15471
12298	12298
12299	15347
12300	12300
12301	18397
12302	12302
12303	16367
12304	12304
12305	12305
12306	12306
12307	15355
12308	15344
12309	16373
12310	12310
12311	12311
12312	12312
12313	12313
12314	16362
12315	15363
12316	15352
12317	12317
12318	12318
12319	12319
12320	16368
12321	12321
12322	15370
12323	12323
12324	15360
12325	12325
12326	16374
12327	12327
12328	12328
12329	15365
12330	15378
12331	12331
12332	16396
12333	12333
12334	12334
12335	16383
12336	12336
12337	15373
12338	15386
12339	12339
12340	12340
12341	16389
12342	12342
12343	16407
12344	12344
12345	15381
12346	12346
12347	16395
12348	12348
12349	16413
12350	15386
12351	12351
12352	12352
12353	15401
12354	12354
12355	16419
12356	16404
12357	12357
12358	15394
12359	12359
12360	12360
12361	15409
12362	16410
12363	12363
12364	18436
12365	12365
12366	15402
12367	12367
12368	15416
12369	12369
12370	18466
12371	15407
12372	16436
12373	12373
12374	12374
12375	12375
12376	15424
12377	16425
12378	16442
12379	15415
12380	12380
12381	12381
12382	12382
12383	16431
12384	15432
12385	18457
12386	12386
12387	15423
12388	12388
12389	16437
12390	12390
12391	15439
12392	15428
12393	18465
12394	12394
12395	16459
12396	12396
12397	12397
12398	16446
12399	15447
12400	15436
12401	16465
12402	12402
12403	12403
12404	16452
12405	12405
12406	18478
12407	15455
12408	15444
12409	12409
12410	16458
12411	12411
12412	16476
12413	15449
12414	15462
12415	12415
12416	18512
12417	12417
12418	16482
12419	16467
12420	12420
12421	15457
12422	15470
12423	12423
12424	16488
12425	16473
12426	12426
12427	18499
12428	12428
12429	15465
12430	15478
12431	16479
12432	12432
12433	20529
12434	15470
12435	16499
12436	12436
12437	15485
12438	12438
12439	18535
12440	16488
12441	16505
12442	15478
12443	12443
12444	12444
12445	15493
12446	16494
12447	16511
12448	18520
12449	12449
12450	15486
12451	12451
12452	16500
12453	15501
12454	18550
12455	15491
12456	18528
12457	12457
12458	16522
12459	12459
12460	15508
12461	16509
12462	18558
12463	15499
12464	16528
12465	12465
12466	12466
12467	16515
12468	15516
12469	18541
12470	16534
12471	15507
12472	12472
12473	16521
12474	12474
12475	19587
12476	18560
12477	18549
12478	12478
12479	19563
12480	12480
12481	16545
12482	16530
12483	15531
12484	15520
12485	18581
12486	12486
12487	16551
12488	16536
12489	12489
12490	18562
12491	15539
12492	15528
12493	16557
12494	16542
12495	12495
12496	20592
12497	15533
12498	18570
12499	15547
12500	18596
12501	12501
12502	20598
12503	16551
12504	16568
12505	15541
12506	15554
12507	12507
12508	18604
12509	16557
12510	16574
12511	18583
12512	12512
12513	15549
12514	15562
12515	16563
12516	16580
12517	19923
12518	15554
12519	18591
12520	12520
12521	19605
12522	15570
12523	18619
12524	16572
12525	19931
12526	15562
12527	16591
12528	12528
12529	15577
12530	16578
12531	18627
12532	18604
12533	16597
12534	15570
12535	12535
12536	16584
12537	15585
12538	18886
12539	19639
12540	18612
12541	12541
12542	18890
12543	12543
12544	18892
12545	19641
12546	18642
12547	15583
12548	18896
12549	12549
12550	16614
12551	16599
12552	15600
12553	18625
12554	18650
12555	15591
12556	16620
12557	16605
12558	12558
12559	20655
12560	18644
12561	18633
12562	16626
12563	19647
12564	12564
12565	20661
12566	16614
12567	19679
12568	18652
12569	18665
12570	12570
12571	20699
12572	16620
12573	16637
12574	16806
12575	15623
12576	15612
12577	18673
12578	16626
12579	16643
12580	16812
12581	15617
12582	16814
12583	15631
12584	16816
12585	16649
12586	16818
12587	15761
12588	16820
12589	15625
12590	16822
12591	15639
12592	16824
12593	15767
12594	16826
12595	15769
12596	16660
12597	15633
12598	15646
12599	15773
12600	16832
12601	15775
12602	16834
12603	15777
12604	12604
12605	15779
12606	15654
12607	15781
12608	16840
12609	15783
12610	15646
12611	15785
12612	12612
12613	15787
12614	19710
12615	15789
12616	16848
12617	15791
12618	15654
12619	15793
12620	16668
12621	15669
12622	18970
12623	15797
12624	18696
12625	15799
12626	18974
12627	12627
12628	18976
12629	15803
12630	18978
12631	15805
12632	18980
12633	12633
12634	18982
12635	16683
12636	18984
12637	15811
12638	18734
12639	15675
12640	18988
12641	16689
12642	16706
12643	16875
12644	15692
12645	16877
12646	18742
12647	16879
12648	16712
12649	16881
12650	12650
12651	16883
12652	15700
12653	16885
12654	16718
12655	16887
12656	12656
12657	16889
12658	12658
12659	16891
12660	15708
12661	16893
12662	12662
12663	16895
12664	12664
12665	16897
12666	12666
12667	15715
12668	12668
12669	18765
12670	12670
12671	16903
12672	12672
12673	15709
12674	12674
12675	15723
12676	12676
12677	19915
12678	12678
12679	15853
12680	12680
12681	15717
12682	12682
12683	18905
12684	12684
12685	15859
12686	12686
12687	15861
12688	12688
12689	15863
12690	15726
12691	15865
12692	12692
12693	15867
12694	12694
12695	15869
12696	12696
12697	15871
12698	15734
12699	15873
12700	12700
12701	15875
12702	15738
12703	15877
12704	16752
12705	15879
12706	15742
12707	15881
12708	16756
12709	15883
12710	16942
12711	16775
12712	16944
12713	15761
12714	16946
12715	15889
12716	16948
12717	16781
12718	16950
12719	12719
12720	16952
12721	15769
12722	16954
12723	16787
12724	16956
12725	12725
12726	16958
12727	12727
12728	16960
12729	15777
12730	16962
12731	12731
12732	20000
12733	12733
12734	16798
12735	12735
12736	15784
12737	12737
12738	18834
12739	12739
12740	16804
12741	12741
12742	12742
12743	12743
12744	15792
12745	12745
12746	16810
12747	12747
12748	12748
12749	12749
12750	12750
12751	12751
12752	15800
12753	15789
12754	12754
12755	12755
12756	12756
12757	12757
12758	12758
12759	15807
12760	12760
12761	15797
12762	12762
12763	12763
12764	12764
12765	15801
12766	12766
12767	18839
12768	12768
12769	15805
12770	12770
12771	15945
12772	12772
12773	15947
12774	15810
12775	18847
12776	12776
12777	15951
12778	12778
12779	15953
12780	16828
12781	15955
12782	15818
12783	15957
12784	12784
12785	15959
12786	16834
12787	15961
12788	12788
12789	15963
12790	15826
12791	15965
12792	16840
12793	15967
12794	12794
12795	19005
12796	12796
12797	15971
12798	15846
12799	15973
12800	12800
12801	20023
12802	12802
12803	16867
12804	12804
12805	15853
12806	12806
12807	18903
12808	12808
12809	16873
12810	12810
12811	12811
12812	12812
12813	15861
12814	12814
12815	16879
12816	15852
12817	12817
12818	12818
12819	12819
12820	12820
12821	15869
12822	16870
12823	12823
12824	15860
12825	12825
12826	12826
12827	12827
12828	15876
12829	12829
12830	18902
12831	12831
12832	15868
12833	12833
12834	12834
12835	12835
12836	15884
12837	15873
12838	16902
12839	12839
12840	12840
12841	12841
12842	12842
12843	16891
12844	15892
12845	15881
12846	12846
12847	12847
12848	12848
12849	16897
12850	12850
12851	15899
12852	12852
12853	15889
12854	12854
12855	16903
12856	12856
12857	12857
12858	15894
12859	15907
12860	12860
12861	16925
12862	12862
12863	12863
12864	16912
12865	12865
12866	15902
12867	15915
12868	12868
12869	12869
12870	16918
12871	12871
12872	16936
12873	12873
12874	15910
12875	12875
12876	16924
12877	12877
12878	16942
12879	15915
12880	12880
12881	12881
12882	15930
12883	12883
12884	16948
12885	16933
12886	12886
12887	15923
12888	12888
12889	12889
12890	15938
12891	16939
12892	12892
12893	18965
12894	12894
12895	15931
12896	12896
12897	15945
12898	12898
12899	18995
12900	15936
12901	16965
12902	12902
12903	12903
12904	12904
12905	15953
12906	16954
12907	16971
12908	15944
12909	12909
12910	12910
12911	12911
12912	16960
12913	15961
12914	18986
12915	12915
12916	15952
12917	12917
12918	16966
12919	12919
12920	15968
12921	15957
12922	18994
12923	12923
12924	16988
12925	12925
12926	12926
12927	16975
12928	15976
12929	15965
12930	16994
12931	12931
12932	12932
12933	16981
12934	12934
12935	19007
12936	15984
12937	15973
12938	12938
12939	16987
12940	12940
12941	17005
12942	15978
12943	15991
12944	12944
12945	19041
12946	12946
12947	17011
12948	16996
12949	12949
12950	15986
12951	15999
12952	12952
12953	17017
12954	17002
12955	12955
12956	19028
12957	12957
12958	15994
12959	16007
12960	17008
12961	12961
12962	21058
12963	15999
12964	17028
12965	12965
12966	16014
12967	12967
12968	19064
12969	17017
12970	17034
12971	16007
12972	12972
12973	12973
12974	16022
12975	17023
12976	17040
12977	19049
12978	12978
12979	16015
12980	12980
12981	17029
12982	16030
12983	19079
12984	16020
12985	19057
12986	12986
12987	17051
12988	12988
12989	16037
12990	17038
12991	19087
12992	16028
12993	17057
12994	12994
12995	12995
12996	17044
12997	16045
12998	19070
12999	17063
13000	16036
13001	13001
13002	17050
13003	13003
13004	20116
13005	19089
13006	19078
13007	13007
13008	20092
13009	13009
13010	17074
13011	17059
13012	16060
13013	16049
13014	19110
13015	13015
13016	17080
13017	17065
13018	13018
13019	19091
13020	16068
13021	16057
13022	17086
13023	17071
13024	13024
13025	20431
13026	16062
13027	19099
13028	16076
13029	19125
13030	13030
13031	20437
13032	17080
13033	17097
13034	16070
13035	16083
13036	13036
13037	19133
13038	17086
13039	17103
13040	19112
13041	13041
13042	16078
13043	16091
13044	17092
13045	17109
13046	19394
13047	16083
13048	19120
13049	13049
13050	19398
13051	16099
13052	19148
13053	17101
13054	19402
13055	16091
13056	17120
13057	13057
13058	16106
13059	17107
13060	19156
13061	19133
13062	17126
13063	16099
13064	13064
13065	17113
13066	16114
13068	19416
13069	19141
13070	13070
13071	20155
13072	13072
13073	20185
13074	19422
13075	19171
13076	16112
13078	13078
13079	17143
13080	17128
13081	16129
13082	17314
13083	19179
13084	16120
13085	17149
13086	17134
13087	13087
13088	17320
13089	19173
13090	17322
13091	17155
13092	17324
13093	13093
13094	17326
13095	16269
13096	17328
13097	19181
13098	17330
13099	13099
13100	17332
13101	16275
13102	17166
13103	16277
13104	16152
13105	16141
13106	17338
13107	16281
13108	17172
13109	16283
13110	16146
13111	16285
13112	16160
13113	16287
13114	17178
13115	16289
13116	17164
13117	16291
13118	16154
13119	16293
13120	16168
13121	16295
13122	17170
13123	16297
13124	17356
13125	16299
13126	16162
13127	16175
13128	17176
13129	16303
13130	19478
13131	16305
13132	19204
13133	13133
13134	19482
13135	16183
13136	19484
13137	16311
13138	19486
13139	16175
13140	19488
13141	13141
13142	19490
13143	19353
13144	19240
13145	16319
13146	19494
13147	16183
13148	17212
13149	17197
13150	16198
13151	17383
13152	19248
13153	17385
13154	17218
13155	17387
13156	13156
13157	17389
13158	16206
13159	17391
13160	17224
13161	17393
13162	13162
13163	17395
13164	13164
13165	17397
13166	16214
13167	17399
13168	13168
13169	17401
13170	13170
13171	17235
13172	13172
13173	17405
13174	13174
13175	17407
13176	13176
13177	17241
13178	13178
13179	16353
13180	13180
13181	17413
13182	13182
13183	17247
13184	13184
13185	16359
13186	13186
13187	16361
13188	13188
13189	19273
13190	13190
13191	16365
13192	13192
13193	16367
13194	13194
13195	16369
13196	13196
13197	16371
13198	16234
13199	16373
13200	13200
13201	16375
13202	13202
13203	16377
13204	16252
13205	16379
13206	16242
13207	16381
13208	13208
13209	16383
13210	16246
13211	16385
13212	19284
13213	16387
13214	16250
13215	16389
13216	17264
13217	16391
13218	17450
13219	16267
13220	17452
13221	16395
13222	17454
13223	16397
13224	17456
13225	13225
13226	17458
13227	16275
13228	17460
13229	16403
13230	17462
13231	13231
13232	17464
13233	13233
13234	17466
13235	16283
13236	17468
13237	13237
13238	17470
13239	13239
13240	17304
13241	13241
13242	16290
13243	13243
13244	17476
13245	13245
13246	17310
13247	13247
13248	13248
13249	13249
13250	16298
13251	13251
13252	17316
13253	13253
13254	13254
13255	13255
13256	13256
13257	13257
13258	16306
13259	13259
13260	13260
13261	16297
13262	13262
13263	13263
13264	13264
13265	13265
13266	13266
13267	17315
13268	13268
13269	16305
13270	13270
13271	13271
13272	13272
13273	17321
13274	13274
13275	19347
13276	13276
13277	16313
13278	13278
13279	16453
13280	13280
13281	19503
13282	16318
13283	16457
13284	13284
13285	16459
13286	13286
13287	16461
13288	16336
13289	16463
13290	16326
13291	16465
13292	13292
13293	16467
13294	13294
13295	16469
13296	16344
13297	16471
13298	16334
13299	16473
13300	13300
13301	16475
13302	13302
13303	19513
13304	16352
13305	16479
13306	13306
13307	16481
13308	13308
13309	17373
13310	13310
13311	16359
13312	13312
13313	16487
13314	13314
13315	17379
13316	13316
13317	13317
13318	13318
13319	16367
13320	13320
13321	17385
13322	13322
13323	13323
13324	16360
13325	13325
13326	13326
13327	16375
13328	13328
13329	13329
13330	17378
13331	13331
13332	16368
13333	13333
13334	13334
13335	13335
13336	17384
13337	13337
13338	17402
13339	13339
13340	13340
13341	13341
13342	16390
13343	13343
13344	17408
13345	16381
13346	13346
13347	13347
13348	13348
13349	13349
13350	16398
13351	17399
13352	13352
13353	16389
13354	13354
13355	13355
13356	13356
13357	16405
13358	13358
13359	19431
13360	13360
13361	16397
13362	13362
13363	13363
13364	13364
13365	16413
13366	16402
13367	17431
13368	13368
13369	13369
13370	13370
13371	13371
13372	17420
13373	16421
13374	16410
13375	13375
13376	13376
13377	13377
13378	17426
13379	13379
13380	16428
13381	13381
13382	16418
13383	13383
13384	17432
13385	13385
13386	13386
13387	16423
13388	16436
13389	13389
13390	17454
13391	13391
13392	13392
13393	17441
13394	13394
13395	16431
13396	16444
13397	13397
13398	13398
13399	17447
13400	13400
13401	17465
13402	13402
13403	16439
13404	13404
13405	17453
13406	13406
13407	17471
13408	16444
13409	13409
13410	13410
13411	16459
13412	13412
13413	17477
13414	17462
13415	13415
13416	16452
13417	13417
13418	13418
13419	16467
13420	17468
13421	13421
13422	19494
13423	13423
13424	16460
13425	13425
13426	16474
13427	13427
13428	19524
13429	16465
13430	17494
13431	13431
13432	13432
13433	13433
13434	16482
13435	17483
13436	17500
13437	16473
13438	13438
13439	13439
13440	13440
13441	17489
13442	16490
13443	19515
13444	13444
13445	16481
13446	13446
13447	17495
13448	13448
13449	16497
13450	16486
13451	19523
13452	13452
13453	17517
13454	13454
13455	13455
13456	17504
13457	16505
13458	16494
13459	17523
13460	13460
13461	13461
13462	17510
13463	13463
13464	19536
13465	16513
13466	16502
13467	13467
13468	17516
13469	13469
13470	17534
13471	16507
13472	16520
13473	13473
13474	19570
13475	13475
13476	17540
13477	17525
13478	13478
13479	16515
13480	16528
13481	13481
13482	17546
13483	17531
13484	13484
13485	19557
13486	13486
13487	16523
13488	16536
13489	17537
13490	13490
13492	16528
13493	17557
13494	13494
13495	16543
13496	13496
13497	19593
13498	17546
13499	17563
13500	16536
13501	13501
13502	13502
13503	16551
13504	17552
13505	17569
13506	19578
13507	13507
13508	16544
13509	13509
13510	17558
13511	16559
13512	19608
13513	16549
13514	19586
13515	13515
13516	17580
13517	13517
13518	16566
13519	17567
13520	19616
13521	16557
13522	17586
13523	13523
13524	13524
13525	17573
13526	16574
13527	19599
13528	17592
13529	16565
13530	13530
13531	17579
13532	13532
13534	19618
13535	19607
13536	13536
13538	13538
13539	17603
13540	17588
13541	16589
13542	16578
13543	19639
13544	13544
13545	17609
13546	17594
13547	13547
13548	19620
13549	16597
13550	16586
13551	17615
13552	17600
13553	13553
13554	19902
13555	16591
13556	19628
13557	16605
13558	19654
13559	13559
13560	19908
13561	17609
13562	17626
13563	16599
13564	16612
13565	13565
13566	19662
13567	17615
13568	17632
13569	19641
13570	13570
13571	16607
13572	16620
13573	17621
13574	17638
13576	16612
13577	19649
13578	13578
13580	16628
13581	19677
13582	17630
13584	16620
13585	17649
13586	13586
13587	16635
13588	17636
13589	19685
13590	17822
13591	17655
13592	16628
13593	13593
13594	17642
13595	16643
13596	17828
13598	17830
13599	13599
13600	17832
13601	13601
13602	17834
13603	19825
13604	17836
13605	16641
13606	17838
13607	13607
13608	17672
13609	16783
13610	16658
13611	16785
13612	17844
13613	16649
13614	17678
13615	16789
13616	13616
13617	16791
13618	17850
13619	16793
13620	17684
13621	16795
13622	13622
13623	16797
13624	17672
13625	16799
13626	17858
13627	16801
13628	13628
13629	16803
13630	17678
13631	16805
13632	17864
13633	16681
13634	16670
13635	16809
13636	17684
13637	16811
13638	19986
13639	16675
13640	19712
13641	16689
13642	19990
13643	17707
13644	19992
13645	16819
13646	19994
13647	16683
13648	19996
13649	16697
13650	19746
13651	17699
13652	20000
13653	16827
13654	17718
13655	16691
13656	16704
13657	17705
13658	19754
13659	17891
13660	17724
13661	17893
13662	13662
13663	17895
13664	16712
13665	17897
13666	17730
13667	17899
13668	13668
13669	17901
13670	13670
13671	17903
13672	16720
13673	17905
13674	13674
13675	17907
13676	13676
13677	17741
13678	13678
13679	16727
13680	13680
13681	17913
13682	13682
13683	17747
13684	13684
13685	13685
13686	13686
13687	17919
13688	13688
13689	17921
13690	13690
13691	13691
13692	13692
13693	16867
13694	13694
13695	17927
13696	13696
13697	16733
13698	13698
13699	16873
13700	13700
13701	16875
13702	13702
13703	16877
13704	13704
13705	16879
13706	16742
13707	16881
13708	13708
13709	16883
13710	13710
13711	16885
13712	17760
13713	16887
13714	16750
13715	16889
13716	13716
13717	16891
13718	17766
13719	16893
13720	17768
13721	16895
13722	16758
13723	16897
13724	17772
13725	16773
13726	17958
13727	19823
13728	17960
13729	16903
13730	17962
13731	13731
13732	17964
13733	16781
13734	17966
13735	17799
13736	17968
13737	13737
13738	17970
13739	13739
13740	17972
13741	16789
13742	17974
13743	13743
13744	17976
13745	13745
13746	17810
13747	13747
13748	16796
13749	13749
13750	17982
13751	13751
13752	17816
13753	13753
13754	13754
13755	13755
13756	16804
13757	13757
13758	17822
13759	13759
13760	13760
13761	13761
13762	13762
13763	13763
13764	16812
13765	13765
13766	13766
13767	13767
13768	13768
13769	16805
13770	13770
13771	13771
13772	13772
13773	13773
13774	13774
13775	17823
13776	13776
13777	16813
13778	13778
13779	13779
13780	13780
13781	17829
13782	13782
13783	16957
13784	13784
13785	16821
13786	13786
13787	17835
13788	13788
13789	16963
13790	16826
13791	16965
13792	13792
13793	16967
13794	13794
13795	16969
13796	17844
13797	16971
13798	16834
13799	16973
13800	13800
13801	16975
13802	16850
13803	16977
13804	17868
13805	16979
13806	13806
13807	16981
13808	13808
13809	16983
13810	16858
13811	19907
13812	13812
13813	16987
13814	13814
13815	16989
13816	13816
13817	16865
13818	13818
13819	19915
13820	13820
13821	16995
13822	13822
13823	13823
13824	13824
13825	16873
13826	13826
13827	17891
13828	13828
13829	13829
13830	13830
13831	13831
13832	16868
13833	16881
13834	13834
13835	13835
13836	13836
13837	13837
13838	17886
13839	13839
13840	16876
13841	13841
13842	13842
13843	13843
13844	17892
13845	13845
13846	13846
13847	13847
13848	16884
13849	13849
13850	17898
13851	13851
13852	13852
13853	16889
13854	13854
13855	13855
13856	16904
13857	13857
13858	13858
13859	17907
13860	13860
13861	16897
13862	13862
13863	13863
13864	13864
13865	17913
13866	13866
13867	17931
13868	13868
13869	13869
13870	13870
13871	16919
13872	13872
13873	17937
13874	16910
13875	13875
13876	13876
13877	13877
13878	13878
13879	16927
13880	17928
13881	13881
13882	16918
13883	13883
13884	13884
13885	13885
13886	16934
13887	13887
13888	19960
13889	13889
13890	16926
13891	13891
13892	13892
13893	13893
13894	16942
13895	16931
13896	17960
13897	13897
13898	13898
13899	13899
13900	13900
13901	17949
13902	16950
13903	16939
13904	13904
13905	13905
13906	13906
13907	17955
13908	13908
13909	16957
13910	13910
13911	16947
13912	13912
13913	17961
13914	13914
13915	13915
13916	16952
13917	16965
13918	13918
13919	17983
13920	13920
13921	13921
13922	17970
13923	13923
13924	16960
13925	16973
13926	13926
13927	13927
13928	17976
13929	13929
13930	17994
13931	13931
13932	16968
13933	13933
13934	17982
13935	13935
13936	18000
13937	16973
13938	13938
13939	13939
13940	16988
13941	13941
13942	18006
13943	17991
13944	13944
13945	16981
13946	13946
13947	13947
13948	16996
13949	17997
13950	13950
13951	20023
13952	13952
13953	16989
13954	13954
13955	17003
13956	13956
13957	20053
13958	16994
13959	18023
13960	13960
13961	13961
13962	13962
13963	17011
13964	18012
13965	18029
13966	17002
13967	13967
13968	13968
13969	13969
13970	18018
13971	17019
13972	20044
13973	13973
13974	17010
13975	13975
13976	18024
13977	13977
13978	17026
13979	17015
13980	20052
13981	13981
13982	18046
13983	13983
13984	13984
13985	18033
13986	17034
13987	17023
13988	18052
13989	13989
13990	13990
13991	18039
13992	13992
13993	20065
13994	17042
13995	17031
13996	13996
13997	18045
13998	13998
13999	18063
14000	17036
14001	17049
14002	14002
14004	14004
14005	18069
14006	18054
14007	14007
14008	17044
14009	17057
14010	14010
14011	18075
14012	18060
14013	14013
14015	14015
14016	17052
14017	17065
14018	18066
14019	14019
14021	17057
14022	18086
14023	14023
14024	17072
14025	14025
14027	18075
14028	18092
14029	17065
14030	14030
14031	14031
14032	17080
14033	18081
14034	18098
14036	14036
14037	17073
14038	14038
14039	18087
14040	17088
14042	17078
14044	14044
14045	18109
14046	14046
14047	17095
14048	18096
14050	17086
14051	18115
14052	14052
14053	14053
14054	18102
14055	17103
14057	18121
14058	17094
14059	14059
14060	18108
14061	14061
14065	14065
14067	14067
14068	18132
14069	18117
14070	17118
14071	17107
14073	14073
14074	18138
14075	18123
14076	14076
14078	17126
14079	17115
14080	18144
14081	18129
14082	14082
14084	17120
14086	17134
14088	14088
14090	18138
14091	18155
14092	17128
14093	17141
14094	14094
14096	18144
14097	18161
14098	18330
14099	14099
14100	17136
14101	17149
14102	18150
14103	18167
14104	18336
14105	17141
14106	18338
14107	14107
14108	18340
14109	17157
14110	18342
14111	17285
14112	18344
14113	17149
14114	18178
14115	14115
14116	17164
14117	17291
14118	18350
14119	17293
14120	18184
14121	17157
14122	14122
14123	17297
14124	17172
14125	17299
14126	18358
14127	17301
14128	14128
14129	17303
14130	14130
14131	17305
14132	18364
14133	17307
14134	17170
14135	17309
14136	14136
14137	17311
14138	18186
14139	17187
14140	18372
14141	17315
14142	17178
14143	17317
14144	18192
14145	14145
14147	17321
14149	17323
14151	14151
14153	17327
14155	17329
14157	14157
14159	18207
14160	18224
14161	17335
14162	17210
14163	17199
14165	18213
14166	18230
14167	18399
14168	14168
14169	18401
14170	17218
14171	18403
14172	18236
14173	18405
14174	14174
14175	18407
14176	14176
14177	18409
14178	17226
14179	18411
14180	14180
14181	18413
14182	14182
14183	18247
14184	14184
14185	17233
14186	14186
14187	18419
14188	14188
14189	18421
14190	14190
14191	14191
14192	14192
14193	17241
14194	14194
14195	18427
14196	14196
14197	17233
14198	14198
14199	14199
14200	14200
14202	14202
14203	17377
14204	14204
14205	17241
14206	14206
14207	17381
14208	14208
14209	17383
14210	14210
14211	17385
14212	14212
14213	17387
14214	14214
14215	17389
14216	14216
14217	17391
14218	14218
14219	17393
14220	14220
14221	17395
14222	17258
14223	17397
14224	14224
14225	17399
14226	17262
14227	17401
14228	18276
14229	17403
14230	17266
14231	17279
14232	18280
14233	17407
14234	18466
14235	18299
14236	18468
14237	14237
14238	18470
14239	17287
14240	18472
14241	18305
14242	18474
14243	14243
14244	18476
14245	14245
14246	18478
14247	17295
14248	18480
14249	14249
14250	18482
14251	14251
14252	18316
14253	14253
14254	17302
14255	14255
14257	14257
14258	18322
14259	14259
14260	14260
14261	14261
14262	17310
14263	14263
14264	18328
14265	14265
14266	14266
14267	14267
14268	14268
14269	14269
14270	17318
14271	14271
14272	14272
14273	14273
14274	14274
14275	14275
14276	14276
14277	17313
14278	14278
14279	14279
14280	14280
14281	14281
14282	14282
14283	14283
14284	14284
14285	17321
14286	14286
14287	14287
14288	14288
14289	17325
14290	14290
14291	17465
14292	14292
14293	17329
14294	14294
14295	17469
14296	14296
14297	17471
14298	17334
14299	17473
14300	14300
14301	17475
14302	14302
14303	17477
14304	18352
14305	17479
14306	14306
14307	17481
14308	14308
14309	17483
14310	18358
14311	17485
14312	14312
14313	17487
14314	14314
14315	17489
14316	17364
14317	17491
14318	14318
14320	14320
14321	17495
14322	14322
14323	17371
14324	14324
14326	14326
14327	18391
14328	14328
14329	14329
14330	14330
14331	17379
14332	14332
14333	18397
14334	14334
14335	14335
14336	14336
14337	14337
14338	14338
14339	17387
14340	17376
14341	14341
14342	14342
14343	14343
14344	14344
14345	14345
14346	17394
14347	14347
14348	17384
14349	14349
14350	14350
14351	14351
14352	14352
14353	14353
14354	17402
14355	14355
14356	17392
14357	14357
14358	14358
14359	14359
14360	14360
14361	17397
14362	17410
14363	14363
14364	14364
14365	14365
14366	14366
14367	18415
14368	14368
14369	17405
14370	14370
14371	14371
14372	14372
14373	18421
14374	14374
14375	14375
14376	14376
14377	17413
14378	14378
14379	18427
14380	14380
14381	14381
14382	17418
14383	14383
14384	14384
14385	17433
14386	14386
14387	14387
14388	18436
14389	14389
14390	17426
14391	14391
14392	14392
14393	14393
14394	18442
14395	14395
14396	18460
14397	14397
14398	14398
14399	14399
14400	17448
14401	14401
14402	18466
14403	17439
14404	14404
14405	14405
14406	14406
14407	14407
14408	17456
14409	18457
14410	14410
14411	17447
14412	14412
14413	14413
14414	14414
14415	17463
14416	14416
14418	14418
14419	17455
14420	14420
14421	14421
14422	14422
14423	17471
14424	17460
14425	18489
14426	14426
14427	14427
14428	14428
14429	14429
14430	18478
14431	17479
14432	17468
14433	14433
14434	14434
14435	14435
14436	18484
14437	14437
14438	17486
14439	14439
14440	17476
14441	14441
14442	18490
14443	14443
14444	14444
14445	17481
14446	17494
14447	14447
14448	18512
14449	14449
14450	14450
14451	18499
14452	14452
14453	17489
14454	17502
14455	14455
14456	14456
14457	18505
14458	14458
14459	18523
14460	14460
14461	17497
14462	14462
14463	18511
14464	14464
14465	18529
14466	17502
14467	14467
14468	14468
14469	17517
14470	14470
14471	18535
14472	18520
14473	14473
14474	17510
14475	14475
14476	14476
14477	17525
14478	18526
14479	14479
14481	14481
14482	17518
14483	14483
14484	17532
14485	14485
14487	17523
14488	18552
14489	14489
14490	14490
14491	14491
14492	17540
14493	18541
14494	18558
14495	17531
14496	14496
14497	14497
14498	14498
14499	18547
14500	17548
14502	14502
14503	17539
14504	14504
14505	18553
14506	14506
14507	17555
14508	17544
14510	14510
14511	18575
14512	14512
14513	14513
14514	18562
14515	17563
14516	17552
14517	18581
14518	14518
14519	14519
14520	18568
14521	14521
14523	17571
14524	17560
14525	14525
14526	18574
14527	14527
14528	18592
14529	17565
14530	17578
14531	14531
14533	14533
14534	18598
14535	18583
14536	14536
14537	17573
14538	17586
14539	14539
14540	18604
14541	18589
14542	14542
14544	14544
14545	17581
14546	17594
14547	18595
14548	14548
14550	17586
14551	18615
14552	14552
14553	17601
14554	14554
14556	18604
14557	18621
14558	17594
14559	14559
14560	14560
14561	17609
14562	18610
14563	18627
14565	14565
14566	17602
14567	14567
14568	18616
14569	17617
14571	17607
14573	14573
14574	18638
14575	14575
14576	17624
14577	18625
14579	17615
14580	18644
14581	14581
14582	14582
14583	18631
14584	17632
14586	18650
14587	17623
14588	14588
14589	18637
14590	14590
14594	14594
14596	14596
14597	18661
14598	18646
14599	17647
14600	17636
14602	14602
14603	18667
14604	18652
14605	14605
14606	18838
14607	17655
14608	17644
14609	18673
14610	18658
14611	14611
14612	18844
14613	17649
14614	18846
14615	17663
14616	18848
14617	14617
14618	18850
14619	17793
14620	18684
14621	17657
14622	17670
14623	14623
14624	18856
14625	17799
14626	18690
14627	17801
14628	14628
14629	17665
14630	17678
14631	17805
14632	18696
14633	17807
14634	17670
14635	17809
14636	14636
14637	17811
14638	17686
14639	17813
14640	18688
14641	17815
14642	17678
14643	17817
14644	14644
14645	17693
14646	18694
14647	17821
14648	18880
14649	17823
14650	17686
14651	14651
14652	18700
14653	17701
14655	17829
14657	14657
14659	14659
14661	17835
14663	17699
14665	14665
14666	18730
14667	18715
14668	17716
14669	17843
14671	17707
14672	18736
14673	18721
14674	14674
14675	18907
14676	17724
14677	18909
14678	18742
14679	18911
14680	14680
14681	18913
14682	14682
14683	18915
14684	17732
14685	18917
14686	14686
14687	18919
14688	14688
14689	18753
14690	14690
14691	17739
14692	14692
14693	18925
14694	14694
14695	18759
14696	14696
14697	17733
14698	14698
14699	17747
14700	14700
14701	18765
14702	14702
14703	17877
14704	14704
14705	17741
14706	14706
14707	17755
14708	14708
14709	17883
14710	14710
14711	17885
14712	14712
14713	17749
14714	14714
14715	17889
14716	14716
14717	17891
14718	14718
14719	17893
14720	14720
14721	17895
14722	17758
14723	17897
14724	14724
14725	17899
14726	14726
14727	17901
14728	14728
14729	17903
14730	17766
14731	17905
14732	14732
14733	17907
14734	17770
14735	17909
14736	18784
14737	17785
14738	17774
14739	17913
14740	18788
14741	17915
14742	18974
14743	14743
14744	18976
14745	17793
14746	18978
14747	17921
14748	18980
14749	14749
14750	18982
14751	14751
14752	18984
14753	17801
14754	18986
14755	14755
14756	18988
14757	14757
14758	18822
14759	14759
14760	17808
14761	14761
14762	18994
14763	14763
14764	18828
14765	14765
14766	14766
14767	14767
14768	17816
14769	14769
14770	18834
14771	14771
14772	14772
14773	14773
14774	14774
14775	14775
14776	17824
14777	14777
14778	14778
14779	14779
14780	14780
14781	14781
14782	14782
14783	14783
14784	14784
14785	17821
14786	14786
14787	14787
14788	14788
14789	14789
14790	14790
14791	17839
14792	14792
14793	17829
14794	14794
14795	14795
14796	14796
14797	17833
14798	14798
14800	14800
14801	17837
14802	14802
14803	17977
14804	14804
14805	17979
14806	17842
14807	17981
14808	14808
14809	17983
14810	14810
14811	17985
14812	14812
14813	17987
14814	17850
14815	17989
14816	14816
14817	17991
14818	14818
14819	17993
14820	14820
14821	17995
14822	17858
14823	17997
14824	14824
14825	17999
14826	14826
14827	18891
14828	14828
14829	17877
14830	14830
14831	18005
14832	14832
14833	18897
14834	14834
14835	14835
14836	14836
14837	17885
14838	14838
14839	18903
14840	14840
14841	14841
14842	14842
14843	14843
14844	14844
14845	17893
14846	14846
14847	14847
14848	17884
14849	14849
14850	14850
14851	14851
14852	14852
14853	14853
14854	18902
14855	14855
14856	17892
14857	14857
14858	14858
14859	14859
14860	17908
14861	14861
14862	18926
14863	14863
14864	14864
14865	14865
14866	14866
14867	14867
14868	17916
14869	17905
14870	14870
14871	14871
14872	14872
14873	14873
14874	14874
14875	17923
14876	14876
14877	17913
14878	14878
14879	14879
14880	14880
14881	14881
14882	14882
14883	17931
14884	14884
14885	17921
14886	14886
14887	14887
14888	14888
14889	14889
14890	17926
14891	17939
14892	14892
14893	14893
14894	14894
14895	14895
14896	18944
14897	14897
14898	17934
14899	14899
14900	14900
14901	14901
14902	18950
14903	14903
14904	14904
14905	14905
14906	17942
14907	14907
14908	18956
14909	14909
14910	14910
14911	17947
14912	14912
14913	14913
14914	17962
14915	14915
14916	14916
14917	18965
14918	14918
14919	17955
14920	14920
14921	14921
14922	14922
14923	18971
14924	14924
14925	18989
14926	14926
14927	14927
14928	14928
14929	17977
14930	14930
14931	18995
14932	17968
14933	14933
14934	14934
14935	14935
14936	14936
14937	17985
14938	18986
14939	14939
14940	17976
14941	14941
14942	14942
14943	14943
14944	17992
14945	14945
14947	14947
14948	17984
14949	14949
14950	14950
14951	14951
14952	18000
14953	17989
14954	19018
14955	14955
14956	14956
14957	14957
14958	14958
14959	19007
14960	18008
14961	17997
14962	14962
14963	14963
14964	14964
14965	19013
14966	14966
14967	18015
14968	14968
14969	18005
14970	14970
14971	19019
14972	14972
14973	14973
14974	18010
14975	18023
14976	14976
14977	19041
14978	14978
14979	14979
14980	19028
14981	14981
14982	18018
14983	18031
14984	14984
14985	14985
14986	19034
14987	14987
14988	19052
14989	14989
14990	18026
14991	14991
14992	19040
14993	14993
14994	19058
14995	18031
14996	14996
14997	14997
14998	18046
14999	14999
15000	19064
15001	19049
15002	15002
15003	18039
15004	15004
15005	15005
15006	18054
15007	19055
15008	15008
15010	15010
15011	18047
15012	15012
15013	18061
15014	15014
15016	18052
15018	15018
15019	15019
15020	15020
15021	18069
15024	18060
15025	15025
15026	15026
15027	15027
15029	18077
15031	15031
15032	18068
15033	15033
15035	15035
15036	18084
15037	18073
15039	15039
15041	15041
15042	15042
15044	18092
15045	18081
15047	15047
15048	15048
15050	15050
15052	18100
15053	18089
15054	15054
15056	15056
15058	18094
15059	18107
15060	15060
15062	15062
15065	15065
15066	18102
15067	18115
15068	15068
15071	15071
15073	15073
15074	18110
15075	18123
15077	15077
15079	18115
15081	15081
15082	18130
15083	15083
15087	18123
15088	15088
15089	15089
15090	18138
15094	15094
15095	18131
15096	15096
15098	18146
15100	18136
15102	15102
15104	15104
15105	18153
15108	18144
15110	15110
15111	15111
15113	18161
15116	18152
15117	15117
15119	15119
15123	15123
15125	15125
15127	18301
15128	18176
15129	18165
15131	15131
15133	18307
15134	15134
15135	18309
15136	18184
15137	18173
15139	18313
15140	15140
15141	18315
15142	18178
15143	18317
15144	18192
15145	18319
15146	15146
15147	18321
15149	18323
15150	18186
15151	18199
15152	15152
15153	18327
15155	18329
15157	15157
15158	18194
15159	18207
15161	18335
15163	18199
15165	15165
15167	18215
15169	18343
15171	18207
15173	15173
15174	18222
15177	18351
15179	18215
15180	15180
15182	18230
15186	15186
15188	15188
15190	18238
15192	15192
15194	15194
15196	15196
15197	18245
15198	15198
15200	15200
15202	15202
15203	15203
15204	15204
15206	15206
15208	15208
15209	15209
15210	15210
15211	18385
15212	15212
15214	15214
15215	15215
15216	15216
15217	18391
15218	15218
15219	18393
15220	15220
15221	18257
15222	15222
15223	18397
15224	15224
15225	18399
15226	15226
15227	18401
15228	15228
15229	18403
15230	18266
15231	18405
15232	15232
15233	18407
15234	15234
15235	18409
15236	18284
15237	18411
15238	18274
15239	18413
15240	15240
15241	18415
15242	18278
15243	18291
15245	18419
15246	18282
15247	18421
15249	15249
15251	18299
15253	18427
15255	15255
15257	15257
15259	18307
15261	15261
15263	15263
15265	15265
15266	18314
15267	15267
15269	15269
15271	15271
15272	15272
15273	15273
15274	18322
15275	15275
15277	15277
15278	15278
15279	15279
15280	15280
15281	15281
15282	18330
15283	15283
15284	15284
15285	15285
15286	15286
15287	15287
15288	15288
15289	15289
15290	15290
15291	15291
15292	15292
15293	18329
15294	15294
15295	15295
15296	15296
15297	15297
15298	15298
15300	15300
15301	18337
15302	15302
15303	15303
15304	15304
15306	15306
15307	18481
15308	15308
15309	18345
15310	15310
15311	18485
15312	15312
15313	18487
15314	18350
15315	18489
15316	15316
15317	18491
15318	15318
15319	18493
15320	18368
15321	18495
15322	18358
15323	18497
15324	15324
15325	18499
15326	15326
15327	18501
15328	18376
15329	18503
15330	15330
15331	18505
15332	15332
15333	18507
15334	15334
15335	18383
15336	15336
15337	18511
15338	15338
15339	18513
15340	15340
15341	15341
15342	15342
15343	18391
15344	15344
15345	18519
15346	15346
15347	15347
15348	15348
15349	15349
15350	15350
15351	18399
15352	15352
15353	15353
15354	15354
15355	15355
15356	18392
15357	15357
15358	15358
15359	15359
15360	15360
15361	15361
15363	15363
15364	15364
15365	15365
15366	15366
15367	15367
15369	15369
15370	15370
15371	15371
15372	15372
15373	15373
15374	18422
15375	15375
15376	15376
15377	18413
15378	15378
15379	15379
15380	15380
15381	15381
15382	15382
15384	15384
15385	18421
15386	15386
15387	15387
15388	15388
15389	18437
15390	15390
15392	15392
15393	15393
15394	15394
15395	15395
15396	15396
15397	18445
15398	18434
15399	15399
15400	15400
15401	15401
15402	15402
15403	15403
15404	18452
15405	15405
15406	18442
15407	15407
15408	15408
15409	15409
15410	15410
15411	15411
15412	18460
15413	15413
15414	18450
15415	15415
15416	15416
15417	15417
15418	15418
15419	18455
15420	18468
15421	15421
15422	15422
15423	15423
15424	15424
15426	15426
15427	18463
15428	15428
15429	15429
15430	15430
15432	15432
15433	15433
15434	15434
15435	18471
15436	15436
15438	15438
15439	15439
15440	18476
15441	15441
15442	15442
15443	18491
15444	15444
15445	15445
15447	15447
15448	18484
15449	15449
15450	15450
15451	15451
15453	15453
15455	15455
15456	15456
15457	15457
15458	18506
15459	15459
15461	18497
15462	15462
15463	15463
15464	15464
15465	15465
15466	18514
15468	15468
15469	18505
15470	15470
15471	15471
15472	15472
15473	18521
15474	15474
15476	15476
15477	18513
15478	15478
15479	15479
15480	15480
15481	18529
15482	18518
15484	15484
15485	15485
15486	15486
15487	15487
15489	18537
15490	18526
15491	15491
15492	15492
15493	15493
15495	15495
15496	18544
15497	15497
15498	18534
15499	15499
15501	15501
15502	15502
15503	18539
15504	18552
15505	15505
15507	15507
15508	15508
15510	15510
15511	18547
15513	15513
15514	15514
15516	15516
15518	15518
15520	15520
15522	15522
15525	15525
15526	15526
15528	15528
15531	15531
15533	15533
15534	15534
15537	15537
15539	15539
15541	15541
15543	15543
15547	15547
15548	15548
15549	15549
15554	15554
15555	15555
15556	15556
15560	15560
15562	15562
15564	15564
15568	15568
15570	15570
15571	15571
15576	15576
15577	15577
15579	15579
15583	15583
15585	15585
15589	15589
15591	15591
15594	15594
15597	15597
15600	15600
15602	15602
15606	15606
15610	15610
15612	15612
15617	15617
15618	15618
15623	15623
15625	15625
15631	15631
15633	15633
15639	15639
15640	15640
15646	15646
15648	15648
15652	15652
15654	15654
15660	15660
15663	15663
15669	15669
15675	15675
15681	15681
15686	15686
15692	15692
15694	15694
15698	15698
15700	15700
15702	15702
15704	15704
15706	15706
15708	15708
15709	15709
15710	15710
15712	15712
15714	15714
15715	15715
15716	15716
15717	15717
15718	15718
15720	15720
15722	15722
15723	15723
15724	15724
15726	15726
15728	15728
15730	15730
15732	15732
15734	15734
15736	15736
15738	15738
15740	15740
15742	15742
15744	15744
15748	15748
15755	15755
15761	15761
15763	15763
15767	15767
15769	15769
15771	15771
15773	15773
15775	15775
15777	15777
15778	15778
15779	15779
15781	15781
15783	15783
15784	15784
15785	15785
15786	15786
15787	15787
15789	15789
15790	15790
15791	15791
15792	15792
15793	15793
15794	15794
15795	15795
15796	15796
15797	15797
15798	15798
15799	15799
15800	15800
15801	15801
15802	15802
15803	15803
15804	15804
15805	15805
15806	15806
15807	15807
15808	15808
15810	15810
15811	15811
15812	15812
15814	15814
15816	15816
15818	15818
15820	15820
15824	15824
15826	15826
15830	15830
15832	15832
15836	15836
15838	15838
15840	15840
15842	15842
15844	15844
15846	15846
15847	15847
15848	15848
15850	15850
15852	15852
15853	15853
15854	15854
15855	15855
15856	15856
15858	15858
15859	15859
15860	15860
15861	15861
15862	15862
15863	15863
15865	15865
15866	15866
15867	15867
15868	15868
15869	15869
15870	15870
15871	15871
15873	15873
15874	15874
15875	15875
15876	15876
15877	15877
15878	15878
15879	15879
15881	15881
15882	15882
15883	15883
15884	15884
15886	15886
15887	15887
15888	15888
15889	15889
15890	15890
15892	15892
15893	15893
15894	15894
15895	15895
15896	15896
15898	15898
15899	15899
15900	15900
15901	15901
15902	15902
15904	15904
15905	15905
15907	15907
15908	15908
15909	15909
15910	15910
15911	15911
15913	15913
15915	15915
15916	15916
15917	15917
15919	15919
15921	15921
15922	15922
15923	15923
15924	15924
15925	15925
15928	15928
15929	15929
15930	15930
15931	15931
15932	15932
15934	15934
15936	15936
15937	15937
15938	15938
15939	15939
15940	15940
15942	15942
15944	15944
15945	15945
15946	15946
15947	15947
15950	15950
15951	15951
15952	15952
15953	15953
15955	15955
15957	15957
15958	15958
15959	15959
15961	15961
15962	15962
15963	15963
15965	15965
15967	15967
15968	15968
15970	15970
15971	15971
15973	15973
15974	15974
15976	15976
15978	15978
15979	15979
15980	15980
15982	15982
15984	15984
15985	15985
15986	15986
15988	15988
15991	15991
15992	15992
15993	15993
15994	15994
15997	15997
15999	15999
16000	16000
16001	16001
16003	16003
16005	16005
16007	16007
16008	16008
16009	16009
16013	16013
16014	16014
16015	16015
16016	16016
16020	16020
16021	16021
16022	16022
16024	16024
16026	16026
16028	16028
16030	16030
16031	16031
16034	16034
16036	16036
16037	16037
16039	16039
16042	16042
16043	16043
16045	16045
16047	16047
16049	16049
16051	16051
16054	16054
16055	16055
16057	16057
16060	16060
16062	16062
16063	16063
16066	16066
16068	16068
16070	16070
16072	16072
16076	16076
16077	16077
16078	16078
16083	16083
16084	16084
16085	16085
16089	16089
16091	16091
16093	16093
16097	16097
16099	16099
16100	16100
16105	16105
16106	16106
16108	16108
16112	16112
16114	16114
16118	16118
16120	16120
16123	16123
16126	16126
16129	16129
16131	16131
16135	16135
16139	16139
16141	16141
16146	16146
16147	16147
16152	16152
16154	16154
16160	16160
16162	16162
16168	16168
16169	16169
16175	16175
16177	16177
16181	16181
16183	16183
16189	16189
16192	16192
16198	16198
16200	16200
16204	16204
16206	16206
16208	16208
16210	16210
16212	16212
16214	16214
16215	16215
16216	16216
16218	16218
16220	16220
16222	16222
16223	16223
16224	16224
16226	16226
16228	16228
16230	16230
16231	16231
16232	16232
16234	16234
16236	16236
16238	16238
16240	16240
16242	16242
16244	16244
16246	16246
16248	16248
16250	16250
16252	16252
16256	16256
16261	16261
16267	16267
16269	16269
16273	16273
16275	16275
16277	16277
16279	16279
16281	16281
16283	16283
16284	16284
16285	16285
16287	16287
16289	16289
16290	16290
16291	16291
16292	16292
16293	16293
16295	16295
16296	16296
16297	16297
16298	16298
16299	16299
16300	16300
16301	16301
16302	16302
16303	16303
16304	16304
16305	16305
16306	16306
16307	16307
16308	16308
16310	16310
16311	16311
16312	16312
16313	16313
16314	16314
16315	16315
16316	16316
16318	16318
16319	16319
16320	16320
16322	16322
16324	16324
16326	16326
16328	16328
16330	16330
16332	16332
16334	16334
16336	16336
16338	16338
16340	16340
16342	16342
16344	16344
16346	16346
16348	16348
16350	16350
16352	16352
16353	16353
16354	16354
16356	16356
16358	16358
16359	16359
16360	16360
16361	16361
16362	16362
16364	16364
16365	16365
16366	16366
16367	16367
16368	16368
16369	16369
16370	16370
16371	16371
16373	16373
16374	16374
16375	16375
16376	16376
16377	16377
16379	16379
16381	16381
16382	16382
16383	16383
16384	16384
16385	16385
16387	16387
16388	16388
16389	16389
16390	16390
16391	16391
16392	16392
16394	16394
16395	16395
16396	16396
16397	16397
16398	16398
16399	16399
16400	16400
16402	16402
16403	16403
16404	16404
16405	16405
16406	16406
16407	16407
16408	16408
16410	16410
16411	16411
16412	16412
16413	16413
16415	16415
16416	16416
16417	16417
16418	16418
16419	16419
16421	16421
16422	16422
16423	16423
16424	16424
16425	16425
16427	16427
16428	16428
16429	16429
16430	16430
16431	16431
16433	16433
16434	16434
16436	16436
16437	16437
16438	16438
16439	16439
16440	16440
16442	16442
16444	16444
16445	16445
16446	16446
16448	16448
16450	16450
16451	16451
16452	16452
16453	16453
16454	16454
16457	16457
16458	16458
16459	16459
16460	16460
16461	16461
16463	16463
16465	16465
16466	16466
16467	16467
16468	16468
16469	16469
16471	16471
16473	16473
16474	16474
16475	16475
16476	16476
16479	16479
16480	16480
16481	16481
16482	16482
16484	16484
16486	16486
16487	16487
16488	16488
16490	16490
16491	16491
16492	16492
16494	16494
16496	16496
16497	16497
16499	16499
16500	16500
16502	16502
16503	16503
16505	16505
16507	16507
16508	16508
16509	16509
16511	16511
16513	16513
16514	16514
16515	16515
16517	16517
16520	16520
16521	16521
16522	16522
16523	16523
16526	16526
16528	16528
16529	16529
16530	16530
16532	16532
16534	16534
16536	16536
16537	16537
16538	16538
16542	16542
16543	16543
16544	16544
16545	16545
16549	16549
16550	16550
16551	16551
16553	16553
16555	16555
16557	16557
16559	16559
16560	16560
16563	16563
16565	16565
16566	16566
16568	16568
16571	16571
16572	16572
16574	16574
16576	16576
16578	16578
16580	16580
16583	16583
16584	16584
16586	16586
16589	16589
16591	16591
16592	16592
16595	16595
16597	16597
16599	16599
16601	16601
16605	16605
16606	16606
16607	16607
16612	16612
16613	16613
16614	16614
16618	16618
16620	16620
16622	16622
16626	16626
16628	16628
16629	16629
16634	16634
16635	16635
16637	16637
16641	16641
16643	16643
16647	16647
16649	16649
16652	16652
16655	16655
16658	16658
16660	16660
16664	16664
16668	16668
16670	16670
16675	16675
16676	16676
16681	16681
16683	16683
16689	16689
16691	16691
16697	16697
16698	16698
16704	16704
16706	16706
16710	16710
16712	16712
16714	16714
16716	16716
16718	16718
16720	16720
16721	16721
16722	16722
16724	16724
16726	16726
16727	16727
16728	16728
16730	16730
16732	16732
16733	16733
16734	16734
16736	16736
16738	16738
16739	16739
16740	16740
16742	16742
16744	16744
16746	16746
16748	16748
16750	16750
16752	16752
16756	16756
16758	16758
16760	16760
16764	16764
16767	16767
16773	16773
16775	16775
16779	16779
16781	16781
16783	16783
16785	16785
16787	16787
16789	16789
16790	16790
16791	16791
16793	16793
16795	16795
16796	16796
16797	16797
16798	16798
16799	16799
16801	16801
16802	16802
16803	16803
16804	16804
16805	16805
16806	16806
16807	16807
16808	16808
16809	16809
16810	16810
16811	16811
16812	16812
16813	16813
16814	16814
16815	16815
16816	16816
16818	16818
16819	16819
16820	16820
16821	16821
16822	16822
16824	16824
16826	16826
16827	16827
16828	16828
16830	16830
16832	16832
16834	16834
16836	16836
16840	16840
16842	16842
16844	16844
16848	16848
16850	16850
16852	16852
16854	16854
16856	16856
16858	16858
16859	16859
16860	16860
16862	16862
16864	16864
16865	16865
16866	16866
16867	16867
16868	16868
16870	16870
16871	16871
16872	16872
16873	16873
16874	16874
16875	16875
16876	16876
16877	16877
16878	16878
16879	16879
16881	16881
16882	16882
16883	16883
16884	16884
16885	16885
16887	16887
16888	16888
16889	16889
16890	16890
16891	16891
16893	16893
16894	16894
16895	16895
16896	16896
16897	16897
16898	16898
16899	16899
16900	16900
16902	16902
16903	16903
16904	16904
16905	16905
16906	16906
16908	16908
16910	16910
16911	16911
16912	16912
16913	16913
16914	16914
16916	16916
16917	16917
16918	16918
16919	16919
16920	16920
16921	16921
16923	16923
16924	16924
16925	16925
16926	16926
16927	16927
16928	16928
16929	16929
16931	16931
16932	16932
16933	16933
16934	16934
16935	16935
16936	16936
16937	16937
16939	16939
16940	16940
16941	16941
16942	16942
16944	16944
16945	16945
16946	16946
16947	16947
16948	16948
16950	16950
16951	16951
16952	16952
16953	16953
16954	16954
16956	16956
16957	16957
16958	16958
16959	16959
16960	16960
16962	16962
16963	16963
16965	16965
16966	16966
16967	16967
16968	16968
16969	16969
16971	16971
16973	16973
16974	16974
16975	16975
16977	16977
16979	16979
16980	16980
16981	16981
16982	16982
16983	16983
16986	16986
16987	16987
16988	16988
16989	16989
16990	16990
16992	16992
16994	16994
16995	16995
16996	16996
16997	16997
16998	16998
17000	17000
17002	17002
17003	17003
17004	17004
17005	17005
17008	17008
17009	17009
17010	17010
17011	17011
17013	17013
17015	17015
17016	17016
17017	17017
17019	17019
17020	17020
17021	17021
17023	17023
17025	17025
17026	17026
17028	17028
17029	17029
17031	17031
17032	17032
