661493642
661493665
661493642
661493665
661493642
661493665
661493642
661493665
661493642
661493665
661493642
661493665
661493642
661493665
661493642
661493665
661493642
661493665
661493642
661493665
661493642
661493665
661493642
661493665
661493642
661493665
661493642
661493665
661493642
661493665
661493642
661493665
661493642
661493665
661493642
661493665
661493642
661493666
661493642
661493666
661493642
661493666
661493642
661493666
661493642
661493667
661493642
661493667
661493642
661493666
661493642
661493666
661493642
661493666
661493642
661493665
661493642
661493665
661493642
661493665
661493642
661493665
661493642
661493665
661493643
661493665
661493643
661493665
661493643
661493665
661493643
661493665
661493642
661493665
661493642
661493666
661493642
661493666
661493643
661493666
661493643
661493666
661493643
661493666
661493643
661493666
661493643
661493666
661493643
661493666
661493643
661493666
661493643
661493666
661493643
661493666
661493643
661493666
661493643
661493666
661493643
661493666
661493643
661493666
661493643
661493666
661493643
661493666
661493643
661493666
661493643
661493666
661493643
661493666
661493643
661493666
661493643
661493666
661493643
661493666
661493643
661493667
661493643
661493667
661493643
661493667
661493643
661493667
661493643
661493667
661493643
661493668
661493643
661493668
661493643
661493668
661493643
661493667
661493643
661493667
661493643
661493667
661493643
661493666
661493643
661493666
661493643
661493666
661493643
661493666
661493643
661493666
661493643
661493666
661493643
661493666
661493643
661493666
661493643
661493667
661493643
661493667
661493643
661493667
661493643
661493667
661493643
661493667
661493643
661493667
661493643
661493667
661493643
661493667
661493643
661493667
661493643
661493667
661493643
661493667
661493643
661493667
661493643
661493668
661493644
661493668
661493644
661493667
661493643
661493667
661493643
661493667
661493643
661493667
661493643
661493667
661493643
661493667
661493644
661493667
661493644
661493667
661493644
661493667
661493644
661493667
661493644
661493668
661493644
661493668
661493644
661493668
661493644
661493669
661493644
661493669
661493644
661493669
661493644
661493669
661493644
661493669
661493644
661493668
661493644
661493668
661493644
661493668
661493644
661493668
661493644
661493667
661493644
661493667
661493644
661493667
661493644
661493667
661493644
661493667
661493644
661493668
661493644
661493668
661493644
661493668
661493644
661493668
661493644
661493668
661493644
661493668
661493644
661493668
661493644
661493668
661493644
661493668
661493644
661493669
661493644
661493669
661493644
661493668
661493644
661493668
661493644
661493668
661493644
661493668
661493644
661493669
661493644
661493669
661493644
661493669
661493644
661493669
661493644
661493669
661493644
661493668
661493644
661493668
661493644
661493668
661493644
661493669
661493644
661493669
661493644
661493669
661493644
661493669
661493644
661493669
661493644
661493670
661493644
661493670
661493644
661493670
661493644
661493670
661493644
661493670
661493644
661493670
661493644
661493670
661493644
661493669
661493645
661493669
661493645
661493669
661493645
661493669
661493645
661493669
661493645
661493669
661493645
661493669
661493645
661493669
661493645
661493669
661493645
661493669
661493645
661493670
661493645
661493670
661493645
661493670
661493645
661493670
661493645
661493670
661493645
661493670
661493645
661493670
661493645
661493670
661493645
661493670
661493645
661493670
661493645
661493670
661493645
661493670
661493645
661493670
661493645
661493670
661493645
661493670
661493645
661493670
661493645
661493670
661493645
661493670
661493645
661493670
661493645
661493670
661493645
661493670
661493645
661493670
661493645
661493670
661493645
661493670
661493645
661493671
661493645
661493671
661493645
661493671
661493645
661493671
661493645
661493671
661493645
661493671
661493645
661493671
661493645
661493671
661493645
661493671
661493645
661493671
661493645
661493670
661493645
661493670
661493645
661493670
661493645
661493670
661493645
661493670
661493645
661493670
661493646
661493671
661493646
661493671
661493645
661493671
661493645
661493671
661493645
661493671
661493645
661493671
661493645
661493671
661493646
661493671
661493646
661493671
661493646
661493671
661493646
661493671
661493646
661493671
661493646
661493671
661493646
661493671
661493646
661493671
661493646
661493671
661493646
661493671
661493646
661493671
661493646
661493671
661493646
661493671
661493646
661493671
661493646
661493671
661493646
661493671
661493646
661493671
661493646
661493671
661493646
661493671
661493646
661493671
661493646
661493672
661493646
661493672
661493646
661493673
661493646
661493673
661493646
661493673
661493646
661493673
661493646
661493673
661493646
661493672
661493646
661493672
661493646
661493672
661493646
661493672
661493646
661493672
661493646
661493672
661493646
661493671
661493646
661493671
661493646
661493672
661493646
661493672
661493646
661493672
661493646
661493673
661493646
661493673
661493646
661493673
661493646
661493672
661493646
661493672
661493646
661493672
661493646
661493672
661493646
661493672
661493646
661493672
661493647
661493672
661493647
661493672
661493647
661493672
661493647
661493672
661493647
661493672
661493647
661493673
661493647
661493673
661493647
661493673
661493647
661493673
661493647
661493673
661493647
661493672
661493647
661493673
661493647
661493673
661493647
661493673
661493647
661493673
661493647
661493673
661493647
661493673
661493647
661493673
661493647
661493674
661493647
661493674
661493647
661493674
661493647
661493674
661493647
661493674
661493647
661493674
661493647
661493673
661493647
661493673
661493647
661493673
661493647
661493673
661493647
661493673
661493647
661493673
661493647
661493673
661493647
661493673
661493647
661493673
661493647
661493673
661493647
661493674
661493647
661493674
661493647
661493674
661493647
661493674
661493647
661493674
661493647
661493674
661493647
661493673
661493647
661493673
661493647
661493673
661493647
661493674
661493647
661493674
661493647
661493674
661493647
661493674
661493647
661493673
661493647
661493674
661493647
661493674
661493647
661493674
661493647
661493674
661493647
661493674
661493647
661493674
661493647
661493674
661493647
661493674
661493647
661493674
661493647
661493674
661493647
661493675
661493648
661493675
661493648
661493675
661493648
661493675
661493648
661493675
661493648
661493675
661493647
661493675
661493647
661493675
661493648
661493675
661493648
661493675
661493648
661493675
661493648
661493674
661493648
661493674
661493648
661493674
661493648
661493674
661493648
661493675
661493648
661493675
661493648
661493675
661493648
661493675
661493648
661493675
661493648
661493675
661493648
661493675
661493648
661493676
661493648
661493675
661493648
661493675
661493648
661493675
661493648
661493675
661493648
661493674
661493648
661493674
661493648
661493675
661493648
661493675
661493648
661493675
661493648
661493675
661493648
661493675
661493648
661493675
661493648
661493675
661493648
661493675
661493648
661493676
661493648
661493676
661493648
661493676
661493648
661493675
661493648
661493675
661493648
661493675
661493648
661493676
661493648
661493676
661493648
661493676
661493648
661493677
661493648
661493677
661493648
661493676
661493648
661493676
661493648
661493676
661493648
661493676
661493648
661493676
661493648
661493676
661493648
661493676
661493649
661493676
661493649
661493675
661493649
661493675
661493649
661493676
661493649
661493676
661493649
661493677
661493649
661493677
661493649
661493677
661493649
661493677
661493649
661493676
661493649
661493676
661493649
661493676
661493649
661493676
661493649
661493676
661493649
661493676
661493649
661493676
661493649
661493676
661493649
661493676
661493649
661493676
661493649
661493676
661493649
661493676
661493649
661493677
661493649
661493677
661493649
661493677
661493649
661493676
661493649
661493676
661493649
661493677
661493649
661493677
661493649
661493677
661493649
661493677
661493649
661493677
661493649
661493677
661493649
661493677
661493649
661493677
661493649
661493677
661493649
661493678
661493649
661493678
661493649
661493678
661493649
661493677
661493649
661493677
661493649
661493677
661493649
661493677
661493649
661493677
661493649
661493677
661493649
661493677
661493649
661493677
661493649
661493677
661493649
661493677
661493649
661493677
661493649
661493678
661493649
661493678
661493649
661493678
661493649
661493678
661493649
661493678
661493649
661493677
661493650
661493677
661493650
661493677
661493650
661493677
661493650
661493677
661493650
661493677
661493650
661493677
661493650
661493677
661493650
661493677
661493650
661493677
661493650
661493677
661493650
661493678
661493650
661493678
661493650
661493678
661493650
661493678
661493650
661493678
661493650
661493677
661493650
661493678
661493650
661493678
661493650
661493678
661493650
661493678
661493650
661493678
661493650
661493678
661493650
661493678
661493650
661493678
661493650
661493678
661493650
661493679
661493650
661493679
661493650
661493678
661493650
661493678
661493650
661493678
661493650
661493678
661493650
661493678
661493650
661493678
661493650
661493678
661493650
661493679
661493650
661493679
661493650
661493679
661493650
661493679
661493650
661493679
661493650
661493679
661493650
661493679
661493650
661493679
661493650
661493679
661493650
661493678
661493650
661493678
661493650
661493678
661493650
661493678
661493650
661493678
661493651
661493678
661493651
661493678
661493651
661493678
661493651
661493678
661493651
661493678
661493651
661493678
661493651
661493679
661493650
661493679
661493650
661493679
661493651
661493679
661493651
661493679
661493651
661493679
661493651
661493679
661493651
661493679
661493651
661493679
661493651
661493680
661493651
661493680
661493651
661493680
661493651
661493679
661493651
661493679
661493651
661493679
661493651
661493679
661493651
661493679
661493651
661493679
661493651
661493679
661493651
661493679
661493651
661493679
661493651
661493679
661493651
661493679
661493651
661493679
661493651
661493680
661493651
661493680
661493651
661493680
661493651
661493680
661493651
661493680
661493651
661493680
661493651
661493680
661493651
661493680
661493651
661493680
661493651
661493679
661493651
661493679
661493651
661493679
661493651
661493679
661493651
661493679
661493651
661493679
661493651
661493679
661493651
661493679
661493651
661493680
661493651
661493680
661493651
661493680
661493651
661493680
661493651
661493680
661493651
661493680
661493651
661493680
661493651
661493680
661493651
661493680
661493651
661493680
661493652
661493680
661493652
661493680
661493651
661493680
661493651
661493681
661493651
661493681
661493651
661493680
661493651
661493680
661493652
661493680
661493651
661493680
661493651
661493680
661493651
661493680
661493652
661493680
661493652
661493680
661493652
661493680
661493652
661493680
661493652
661493680
661493652
661493680
661493652
661493681
661493652
661493681
661493652
661493681
661493652
661493681
661493652
661493681
661493652
661493681
661493652
661493680
661493652
661493680
661493652
661493680
661493652
661493680
661493652
661493680
661493652
661493680
661493652
661493680
661493652
661493680
661493652
661493680
661493652
661493680
661493652
661493680
661493652
661493681
661493652
661493681
661493652
661493681
661493652
661493681
661493652
661493681
661493652
661493681
661493652
661493681
661493652
661493681
661493652
661493681
661493652
661493681
661493652
661493681
661493652
661493681
661493652
661493681
661493652
661493681
661493652
661493681
661493652
661493681
661493652
661493681
661493652
661493681
661493652
661493681
661493652
661493681
661493652
661493681
661493652
661493681
661493652
661493681
661493652
661493681
661493652
661493682
661493652
661493682
661493652
661493682
661493652
661493682
661493652
661493682
661493652
661493682
661493652
661493682
661493652
661493682
661493653
661493681
661493653
661493681
661493653
661493681
661493653
661493681
661493653
661493681
661493653
661493681
661493653
661493681
661493653
661493681
661493653
661493681
661493653
661493681
661493653
661493681
661493653
661493681
661493653
661493682
661493653
661493682
661493653
661493682
661493653
661493682
661493653
661493682
661493653
661493682
661493653
661493682
661493653
661493682
661493653
661493682
661493653
661493682
661493653
661493682
661493653
661493682
661493653
661493682
661493653
661493682
661493653
661493682
661493653
661493682
661493653
661493682
661493653
661493682
661493653
661493682
661493653
661493682
661493653
661493682
661493653
661493682
661493653
661493682
661493653
661493682
661493653
661493683
661493653
661493683
661493653
661493683
661493653
661493683
661493653
661493683
661493653
661493683
661493653
661493683
661493653
661493682
661493653
661493682
661493653
661493682
661493653
661493681
661493654
661493681
661493654
661493681
661493653
661493681
661493653
661493682
661493653
661493682
661493653
661493682
661493654
661493682
661493653
661493682
661493653
661493682
661493653
661493682
661493653
661493683
661493653
661493683
661493654
661493683
661493654
661493683
661493654
661493683
661493654
661493683
661493654
661493683
661493654
661493683
661493654
661493683
661493654
661493683
661493654
661493683
661493654
661493683
661493654
661493683
661493654
661493682
661493654
661493682
661493654
661493682
661493654
661493682
661493654
661493683
661493654
661493683
661493654
661493683
661493654
661493683
661493654
661493683
661493654
661493683
661493654
661493684
661493654
661493684
661493654
661493684
661493654
661493684
661493654
661493684
661493654
661493683
661493654
661493683
661493654
661493683
661493654
661493683
661493654
661493682
661493654
661493682
661493654
661493682
661493654
661493682
661493654
661493682
661493654
661493683
661493654
661493683
661493654
661493683
661493654
661493683
661493654
661493683
661493654
661493683
661493654
661493683
661493654
661493683
661493654
661493683
661493654
661493684
661493654
661493684
661493654
661493684
661493654
661493684
661493655
661493684
661493654
661493684
661493654
661493684
661493654
661493684
661493654
661493684
661493654
661493684
661493654
661493683
661493654
661493683
661493654
661493683
661493654
661493683
661493654
661493683
661493654
661493684
661493655
661493684
661493655
661493684
661493655
661493684
661493655
661493684
661493655
661493685
661493655
661493685
661493655
661493685
661493655
661493685
661493655
661493685
661493655
661493684
661493655
661493684
661493655
661493684
661493655
661493683
661493655
661493683
661493655
661493683
661493655
661493683
661493655
661493683
661493655
661493684
661493655
661493684
661493655
661493684
661493655
661493684
661493655
661493684
661493655
661493684
661493655
661493684
661493655
661493685
661493655
661493684
661493655
661493684
661493655
661493684
661493655
661493684
661493655
661493684
661493655
661493685
661493655
661493685
661493655
661493685
661493655
661493685
661493655
661493684
661493655
661493684
661493655
661493684
661493655
661493684
661493655
661493684
661493655
661493684
661493655
661493684
661493655
661493684
661493655
661493684
661493655
661493685
661493655
661493685
661493655
661493685
661493655
661493686
661493655
661493686
661493655
661493686
661493655
661493686
661493655
661493686
661493655
661493685
661493655
661493685
661493655
661493685
661493655
661493685
661493656
661493684
661493656
661493684
661493656
661493684
661493656
661493684
661493656
661493684
661493656
661493685
661493656
661493685
661493656
661493685
661493656
661493685
661493656
661493685
661493656
661493685
661493656
661493685
661493656
661493685
661493656
661493685
661493656
661493685
661493656
661493685
661493656
661493685
661493656
661493685
661493656
661493685
661493656
661493685
661493656
661493686
661493656
661493686
661493656
661493686
661493656
661493686
661493656
661493685
661493656
661493685
661493656
661493685
661493656
661493685
661493656
661493685
661493656
661493685
661493656
661493686
661493656
661493686
661493656
661493686
661493656
661493686
661493656
661493686
661493656
661493687
661493656
661493687
661493656
661493687
661493656
661493687
661493656
661493686
661493656
661493686
661493656
661493686
661493656
661493686
661493656
661493686
661493656
661493685
661493656
661493685
661493656
661493685
661493656
661493685
661493656
661493686
661493656
661493686
661493656
661493686
661493656
661493686
661493656
661493686
661493656
661493686
661493656
661493686
661493656
661493686
661493656
661493686
661493657
661493686
661493657
661493686
661493657
661493686
661493657
661493686
661493657
661493686
661493657
661493686
661493657
661493686
661493657
661493687
661493657
661493687
661493657
661493687
661493657
661493687
661493657
661493686
661493657
661493686
661493657
661493686
661493657
661493686
661493657
661493686
661493657
661493687
661493657
661493687
661493657
661493687
661493657
661493687
661493657
661493687
661493657
661493687
661493657
661493688
661493657
661493688
661493657
661493688
661493657
661493688
661493657
661493687
661493657
661493687
661493657
661493687
661493657
661493686
661493657
661493686
661493657
661493687
661493657
661493687
661493657
661493687
661493657
661493687
661493657
661493687
661493657
661493687
661493657
661493687
661493657
661493687
661493657
661493688
661493657
661493688
661493657
661493687
661493657
661493687
661493657
661493687
661493657
661493687
661493657
661493687
661493657
661493687
661493657
661493688
661493657
661493688
661493657
661493688
661493657
661493688
661493657
661493687
661493657
661493688
661493657
661493688
661493657
661493688
661493657
661493688
661493657
661493688
661493657
661493687
661493657
661493687
661493657
661493688
661493658
661493688
661493658
661493688
661493658
661493689
661493658
661493689
661493658
661493689
661493658
661493689
661493658
661493689
661493658
661493688
661493658
661493688
661493658
661493688
661493658
661493688
661493658
661493688
661493658
661493688
661493658
661493687
661493658
661493687
661493658
661493688
661493658
661493688
661493658
661493688
661493658
661493688
661493658
661493689
661493658
661493689
661493658
661493688
661493658
661493688
661493658
661493688
661493658
661493688
661493658
661493689
661493658
661493688
661493658
661493688
661493658
661493688
661493658
661493688
661493658
661493688
661493658
661493688
661493658
661493689
661493658
661493689
661493658
661493689
661493658
661493689
661493658
661493689
661493658
661493688
661493658
661493689
661493658
661493689
661493658
661493689
661493658
661493689
661493658
661493689
661493658
661493689
661493658
661493689
661493658
661493689
661493658
661493690
661493658
661493690
661493658
661493690
661493658
661493690
661493658
661493690
661493658
661493689
661493658
661493689
661493658
661493689
661493658
661493689
661493659
661493689
661493659
661493689
661493659
661493689
661493659
661493689
661493659
661493689
661493659
661493689
661493659
661493690
661493659
661493690
661493659
661493690
661493659
661493690
661493659
661493690
661493659
661493689
661493659
661493689
661493659
661493689
661493659
661493689
661493659
661493689
661493659
661493689
661493659
661493689
661493659
661493689
661493659
661493689
661493659
661493689
661493659
661493690
661493659
661493690
661493659
661493690
661493659
661493690
661493659
661493690
661493659
661493690
661493659
661493690
661493659
661493690
661493659
661493690
661493659
661493690
661493659
661493690
661493659
661493690
661493659
661493690
661493659
661493690
661493659
661493690
661493659
661493691
661493659
661493691
661493659
661493691
661493659
661493691
661493659
661493690
661493659
661493690
661493659
661493690
661493659
661493690
661493659
661493690
661493659
661493690
661493659
661493690
661493659
661493690
661493659
661493690
661493659
661493691
661493659
661493691
661493659
661493691
661493659
661493691
661493659
661493691
661493659
661493691
661493660
661493690
661493660
661493690
661493660
661493690
661493660
661493690
661493660
661493690
661493660
661493690
661493660
661493691
661493660
661493691
661493660
661493690
661493660
661493690
661493660
661493691
661493660
661493691
661493660
661493691
661493660
661493691
661493660
661493691
661493660
661493691
661493660
661493691
661493660
661493691
661493660
661493691
661493660
661493691
661493660
661493692
661493660
661493692
661493660
661493692
661493660
661493692
661493660
661493691
661493660
661493691
661493660
661493691
661493660
661493691
661493660
661493691
661493660
661493691
661493660
661493691
661493660
661493691
661493660
661493691
661493660
661493691
661493660
661493691
661493660
661493692
661493660
661493692
661493660
661493692
661493660
661493692
661493660
661493692
661493660
661493692
661493660
661493692
661493660
661493692
661493660
661493691
661493660
661493691
661493660
661493691
661493661
661493691
661493661
661493691
661493661
661493691
661493661
661493691
661493661
661493692
661493660
661493692
661493660
661493692
661493660
661493692
661493661
661493692
661493661
661493692
661493660
661493692
661493660
661493692
661493661
661493692
661493661
661493692
661493661
661493692
661493661
661493692
661493661
661493692
661493661
661493692
661493661
661493692
661493661
661493693
661493661
661493693
661493661
661493693
661493661
661493692
661493661
661493692
661493661
661493692
661493661
661493692
661493661
661493692
661493661
661493692
661493661
661493692
661493661
661493692
661493661
661493692
661493661
661493692
661493661
661493692
661493661
661493693
661493661
661493693
661493661
661493693
661493661
661493693
661493661
661493693
661493661
661493692
661493661
661493692
661493661
661493692
661493661
661493692
661493661
661493692
661493661
661493692
661493661
661493692
661493661
661493692
661493661
661493692
661493661
661493692
661493661
661493692
661493661
661493693
661493661
661493693
661493661
661493693
661493661
661493693
661493661
661493693
661493661
661493693
661493661
661493693
661493661
661493693
661493661
661493693
661493661
661493693
661493661
661493693
661493662
661493693
661493662
661493693
661493661
661493693
661493661
661493693
661493661
661493693
661493661
661493693
661493661
661493693
661493661
661493693
661493662
661493693
661493662
661493693
661493662
661493693
661493662
661493693
661493662
661493693
661493662
661493693
661493662
661493693
661493662
661493693
661493662
661493694
661493662
661493694
661493662
661493694
661493662
661493694
661493662
661493694
661493662
661493694
661493662
661493693
661493662
661493693
661493662
661493693
661493662
661493693
661493662
661493693
661493662
661493693
661493662
661493693
661493662
661493693
661493662
661493693
661493662
661493693
661493662
661493693
661493662
661493693
661493662
661493694
661493662
661493694
661493662
661493694
661493662
661493694
661493662
661493693
661493662
661493693
661493662
661493694
661493662
661493694
661493662
661493694
661493662
661493694
661493662
661493694
661493662
661493694
661493662
661493694
661493662
661493694
661493662
661493694
661493662
661493694
661493662
661493694
661493662
661493694
661493662
661493694
661493662
661493693
661493662
661493693
661493662
661493694
661493662
661493694
661493662
661493694
661493662
661493695
661493662
661493695
661493662
661493695
661493662
661493695
661493662
661493694
661493662
661493694
661493662
661493694
661493663
661493694
661493663
661493694
661493663
661493694
661493663
661493693
661493663
661493693
661493663
661493693
661493663
661493693
661493663
661493694
661493663
661493694
661493663
661493694
661493663
661493694
661493663
661493694
661493663
661493694
661493663
661493694
661493663
661493695
661493663
661493695
661493663
661493694
661493663
661493694
661493663
661493694
661493663
661493694
661493663
661493695
661493663
661493695
661493663
661493695
661493663
661493695
661493663
661493695
661493663
661493695
661493663
661493694
661493663
661493694
661493663
661493694
661493663
661493694
661493663
661493695
661493663
661493695
661493663
661493695
661493663
661493695
661493663
661493695
661493663
661493695
661493663
661493695
661493663
661493696
661493663
661493696
661493663
661493695
661493663
661493695
661493663
661493695
661493663
661493695
661493663
661493695
661493663
661493694
661493663
661493694
661493663
661493694
661493664
661493694
661493664
661493694
661493664
661493694
661493664
661493694
661493664
661493694
661493663
661493695
661493663
661493695
661493663
661493695
661493664
661493695
661493664
661493695
661493664
661493695
661493664
661493695
661493664
661493695
661493664
661493695
661493664
661493695
661493664
661493695
661493664
661493695
661493664
661493695
661493664
661493695
661493664
661493695
661493664
661493695
661493664
661493695
661493664
661493695
661493664
661493695
661493664
661493695
661493664
661493695
661493664
661493695
661493664
661493695
661493664
661493695
661493664
661493696
661493664
661493696
661493664
661493696
661493664
661493696
661493664
661493696
661493664
661493696
661493664
661493696
661493664
661493696
661493664
661493696
661493664
661493696
661493664
661493695
661493664
661493695
661493664
661493695
661493664
661493695
661493664
661493695
661493664
661493695
661493664
661493695
661493664
661493695
661493664
661493695
661493664
661493695
661493664
661493696
661493664
661493696
661493664
661493696
661493664
661493696
661493664
661493696
661493664
661493696
661493664
661493696
661493664
661493696
661493664
661493696
661493664
661493696
661493664
661493696
661493664
661493696
661493665
661493696
661493665
661493696
661493664
661493696
661493664
661493696
661493664
661493696
661493664
661493696
661493664
661493696
661493664
661493696
661493665
661493696
661493665
661493696
661493665
661493696
661493665
661493696
661493665
661493696
661493665
661493697
661493665
661493697
661493665
661493697
661493665
661493697
661493665
661493697
661493665
661493697
661493665
661493697
661493665
661493696
661493665
661493696
661493665
661493696
661493665
661493696
661493665
661493695
661493665
661493695
661493665
661493695
661493665
661493696
661493665
661493696
661493665
661493696
661493665
661493696
661493665
661493696
661493665
661493696
661493665
661493696
661493665
661493697
661493665
661493697
661493665
661493697
661493665
661493697
661493665
661493696
661493665
661493696
661493665
661493697
661493665
661493697
661493665
661493697
661493665
661493697
661493665
661493697
661493665
661493697
661493665
661493696
661493665
661493696
661493665
661493696
661493665
661493696
661493665
661493696
661493665
661493697
661493665
661493697
661493665
661493697
661493665
661493697
661493665
661493697
661493665
661493697
661493665
661493698
661493665
661493698
661493665
661493698
661493665
661493697
661493665
661493697
661493665
661493697
661493665
661493697
661493665
661493697
661493665
661493696
661493666
661493696
661493666
661493696
661493666
661493696
661493666
661493696
661493666
661493696
661493666
661493696
661493666
661493697
661493666
661493697
661493666
661493697
661493666
661493697
661493666
661493697
661493666
661493697
661493666
661493697
661493666
661493697
661493666
661493697
661493666
661493697
661493666
661493697
661493666
661493697
661493666
661493697
661493666
661493697
661493666
661493697
661493666
661493697
661493666
661493697
661493666
661493697
661493666
661493697
661493666
661493697
661493666
661493697
661493666
661493697
661493666
661493697
661493666
661493697
661493666
661493698
661493666
661493698
661493666
661493698
661493666
661493698
661493666
661493698
661493666
661493698
661493666
661493698
661493666
661493698
661493666
661493698
661493666
661493698
661493666
661493698
661493666
661493697
661493666
661493697
661493666
661493697
661493666
661493697
661493666
661493697
661493666
661493697
661493666
661493697
661493666
661493697
661493666
661493697
661493666
661493697
661493666
661493698
661493666
661493698
661493666
661493698
661493666
661493698
661493666
661493698
661493666
661493698
661493666
661493698
661493667
661493698
661493667
661493698
661493667
661493698
661493667
661493698
661493667
661493698
661493667
661493698
661493667
661493698
661493667
661493698
661493666
661493698
661493666
661493698
661493667
661493698
661493667
661493698
661493667
661493698
661493667
661493698
661493667
661493698
661493667
661493698
661493667
661493698
661493667
661493699
661493667
661493699
661493667
661493699
661493667
661493699
661493667
661493699
661493667
661493699
661493667
661493699
661493667
661493699
661493667
661493698
661493667
661493698
661493667
661493698
661493667
661493698
661493667
661493698
661493667
661493698
661493667
661493698
661493667
661493698
661493667
661493698
661493667
661493698
661493667
661493698
661493667
661493698
661493667
661493699
661493667
661493699
661493667
661493699
661493667
661493699
661493667
661493699
661493667
661493699
661493667
661493699
661493667
661493699
661493667
661493699
661493667
661493699
661493667
661493699
661493667
661493699
661493667
661493699
661493667
661493699
661493667
661493699
661493667
661493698
661493667
661493698
661493667
661493698
661493667
661493699
661493667
661493699
661493667
661493699
661493667
661493699
661493667
661493699
661493667
661493699
661493667
661493700
661493667
661493700
661493667
661493700
661493667
661493700
661493667
661493700
661493667
661493699
661493667
661493699
661493668
661493699
661493668
661493699
661493668
661493699
661493668
661493699
661493668
661493699
661493668
661493699
661493668
661493699
661493668
661493699
661493668
661493699
661493668
661493699
661493668
661493699
661493668
661493699
661493668
661493699
661493668
661493699
661493668
661493699
661493668
661493699
661493668
661493699
661493668
661493699
661493668
661493699
661493668
661493699
661493668
661493699
661493668
661493699
661493668
661493699
661493668
661493699
661493668
661493699
661493668
661493700
661493668
661493700
661493668
661493699
661493668
661493699
661493668
661493699
661493668
661493699
661493668
661493699
661493668
661493700
661493668
661493700
661493668
661493700
661493668
661493700
661493668
661493700
661493668
661493700
661493668
661493700
661493668
661493701
661493668
661493701
661493668
661493700
661493668
661493700
661493668
661493700
661493668
661493700
661493668
661493699
661493668
661493699
661493668
661493699
661493668
661493700
661493668
661493700
661493668
661493700
661493668
661493700
661493668
661493700
661493668
661493700
661493668
661493700
661493668
661493700
661493668
661493700
661493668
661493700
661493669
661493700
661493669
661493700
661493669
661493700
661493669
661493700
661493669
661493700
661493669
661493700
661493669
661493700
661493669
661493700
661493669
661493700
661493669
661493700
661493669
661493700
661493669
661493700
661493669
661493700
661493669
661493700
661493669
661493700
661493669
661493700
661493669
661493700
661493669
661493700
661493669
661493701
661493669
661493701
661493669
661493701
661493669
661493701
661493669
661493701
661493669
661493701
661493669
661493701
661493669
661493701
661493669
661493701
661493669
661493701
661493669
661493701
661493669
661493701
661493669
661493700
661493669
661493700
661493669
661493700
661493669
661493700
661493669
661493700
661493669
661493701
661493669
661493701
661493669
661493701
661493669
661493701
661493669
661493701
661493669
661493701
661493669
661493701
661493669
661493701
661493669
661493701
661493669
661493701
661493669
661493701
661493669
661493701
661493670
661493701
661493669
661493701
661493669
661493701
661493669
661493701
661493669
661493701
661493669
661493701
661493669
661493701
661493669
661493701
661493669
661493701
661493669
661493701
661493669
661493701
661493669
661493701
661493670
661493701
661493670
661493701
661493670
661493701
661493670
661493701
661493670
661493702
661493670
661493702
661493670
661493702
661493670
661493702
661493670
661493702
661493670
661493702
661493670
661493702
661493670
661493702
661493670
661493701
661493670
661493701
661493670
661493701
661493670
661493701
661493670
661493701
661493670
661493701
661493670
661493701
661493670
661493701
661493670
661493702
661493670
661493702
661493670
661493702
661493670
661493702
661493670
661493702
661493670
661493702
661493670
661493702
661493670
661493702
661493670
661493702
661493670
661493702
661493670
661493702
661493670
661493702
661493670
661493702
661493670
661493702
661493670
661493702
661493670
661493702
661493670
661493702
661493670
661493702
661493670
661493702
661493670
661493702
661493670
661493702
661493670
661493702
661493670
661493702
661493670
661493702
661493670
661493702
661493670
661493703
661493670
661493703
661493670
661493703
661493670
661493703
661493670
661493703
661493670
661493703
661493670
661493703
661493670
661493703
661493670
661493703
661493670
661493702
661493670
661493702
661493671
661493702
661493671
661493702
661493671
661493702
661493671
661493702
661493671
661493702
661493671
661493702
661493671
661493703
661493671
661493703
661493671
661493703
661493671
661493703
661493671
661493703
661493671
661493703
661493671
661493703
661493671
661493703
661493671
661493702
661493671
661493702
661493671
661493702
661493671
661493702
661493671
661493703
661493671
661493703
661493671
661493703
661493671
661493703
661493671
661493703
661493671
661493703
661493671
661493703
661493671
661493703
661493671
661493703
661493671
661493703
661493671
661493703
661493671
661493703
661493671
661493703
661493671
661493703
661493671
661493703
661493671
661493703
661493671
661493704
661493671
661493704
661493671
661493704
661493671
661493703
661493671
661493703
661493671
661493703
661493671
661493703
661493671
661493703
661493671
661493703
661493671
661493703
661493671
661493703
661493671
661493703
661493671
661493703
661493671
661493703
661493671
661493703
661493671
661493704
661493671
661493704
661493671
661493704
661493671
661493704
661493671
661493703
661493671
661493704
661493671
661493704
661493671
661493703
661493672
661493703
661493672
661493703
661493672
661493703
661493672
661493703
661493672
661493703
661493672
661493703
661493672
661493703
661493672
661493704
661493672
661493704
661493672
661493704
661493672
661493704
661493672
661493704
661493672
661493704
661493672
661493704
661493672
661493704
661493672
661493704
661493672
661493704
661493672
661493704
661493672
661493704
661493672
661493704
661493672
661493704
661493672
661493704
661493672
661493704
661493672
661493704
661493672
661493704
661493672
661493704
661493672
661493704
661493672
661493704
661493672
661493704
661493672
661493704
661493672
661493704
661493672
661493704
661493672
661493704
661493672
661493704
661493672
661493704
661493672
661493704
661493672
661493705
661493672
661493705
661493672
661493705
661493672
661493704
661493672
661493704
661493672
661493704
661493672
661493704
661493672
661493704
661493672
661493704
661493672
661493704
661493673
661493704
661493673
661493704
661493673
661493704
661493673
661493704
661493672
661493704
661493672
661493704
661493672
661493704
661493672
661493705
661493672
661493704
661493672
661493704
661493672
661493704
661493673
661493704
661493673
661493704
661493673
661493705
661493673
661493705
661493673
661493705
661493673
661493705
661493673
661493705
661493673
661493705
661493673
661493705
661493673
661493705
661493673
661493705
661493673
661493705
661493673
661493705
661493673
661493704
661493673
661493704
661493673
661493704
661493673
661493704
661493673
661493705
661493673
661493705
661493673
661493705
661493673
661493705
661493673
661493705
661493673
661493705
661493673
661493705
661493673
661493705
661493673
661493705
661493673
661493705
661493673
661493705
661493673
661493704
661493673
661493704
661493673
661493704
661493673
661493704
661493673
661493705
661493673
661493705
661493673
661493705
661493673
661493705
661493673
661493705
661493673
661493705
661493673
661493705
661493673
661493705
661493673
661493705
661493673
661493705
661493673
661493705
661493673
661493705
661493673
661493705
661493673
661493705
661493673
661493705
661493673
661493705
661493673
661493706
661493673
661493706
661493673
661493705
661493673
661493705
661493673
661493705
661493673
661493705
661493673
661493705
661493673
661493705
661493673
661493705
661493673
661493705
661493674
661493705
661493674
661493705
661493674
661493705
661493674
661493705
661493674
661493706
661493674
661493706
661493674
661493706
661493674
661493706
661493674
661493706
661493674
661493706
661493674
661493706
661493674
661493706
661493674
661493706
661493674
661493705
661493674
661493705
661493674
661493705
661493674
661493705
661493674
661493705
661493674
661493705
661493674
661493705
661493674
661493705
661493674
661493705
661493674
661493705
661493674
661493706
661493674
661493706
661493674
661493706
661493674
661493706
661493674
661493706
661493674
661493706
661493674
661493706
661493674
661493706
661493674
661493706
661493674
661493706
661493674
661493706
661493674
661493706
661493674
661493706
661493674
661493706
661493674
661493706
661493674
661493706
661493674
661493706
661493674
661493706
661493674
661493706
661493674
661493706
661493674
661493706
661493674
661493706
661493674
661493706
661493674
661493706
661493674
661493706
661493674
661493706
661493674
661493707
661493674
661493707
661493674
661493707
661493674
661493706
661493674
661493706
661493674
661493706
661493674
661493706
661493674
661493706
661493675
661493706
661493675
661493706
661493675
661493705
661493675
661493705
661493675
661493705
661493675
661493706
661493675
661493706
661493675
661493706
661493675
661493706
661493675
661493706
661493675
661493706
661493675
661493706
661493675
661493706
661493675
661493706
661493675
661493706
661493675
661493706
661493675
661493706
661493675
661493706
661493675
661493706
661493675
661493706
661493675
661493706
661493675
661493706
661493675
661493707
661493675
661493707
661493675
661493706
661493675
661493706
661493675
661493706
661493675
661493706
661493675
661493706
661493675
661493706
661493675
661493706
661493675
661493707
661493675
661493707
661493675
661493707
661493675
661493707
661493675
661493707
661493675
661493707
661493675
661493707
661493675
661493707
661493675
661493707
661493675
661493707
661493675
661493706
661493675
661493706
661493675
661493706
661493675
661493706
661493675
661493706
661493675
661493706
661493675
661493706
661493675
661493706
661493675
661493706
661493675
661493706
661493675
661493707
661493675
661493707
661493675
661493707
661493675
661493707
661493675
661493707
661493675
661493707
661493675
661493707
661493675
661493707
661493675
661493707
661493676
661493707
661493676
661493707
661493676
661493707
661493676
661493707
661493676
661493707
661493676
661493707
661493676
661493707
661493675
661493707
661493675
661493707
661493675
661493707
661493676
661493707
661493676
661493707
661493676
661493707
661493676
661493707
661493676
661493707
661493676
661493707
661493676
661493707
661493676
661493707
661493676
661493708
661493676
661493708
661493676
661493707
661493676
661493707
661493676
661493707
661493676
661493707
661493676
661493707
661493676
661493707
661493676
661493707
661493676
661493706
661493676
661493706
661493676
661493707
661493676
661493707
661493676
661493707
661493676
661493707
661493676
661493707
661493676
661493707
661493676
661493707
661493676
661493707
661493676
661493707
661493676
661493707
661493676
661493707
661493676
661493707
661493676
661493707
661493676
661493707
661493676
661493707
661493676
661493707
661493676
661493707
661493676
661493708
661493676
661493708
661493676
661493707
661493676
661493707
661493676
661493707
661493676
661493707
661493676
661493707
661493676
661493707
661493676
661493707
661493676
661493707
661493676
661493707
661493676
661493708
661493676
661493708
661493676
661493708
661493676
661493708
661493676
661493708
661493676
661493708
661493676
661493708
661493676
661493708
661493676
661493708
661493676
661493708
661493676
661493707
661493677
661493707
661493677
661493707
661493677
661493707
661493677
661493707
661493677
661493707
661493677
661493707
661493677
661493707
661493677
661493707
661493677
661493708
661493677
661493708
661493677
661493708
661493677
661493708
661493677
661493708
661493677
661493708
661493677
661493708
661493677
661493708
661493677
661493708
661493677
661493708
661493677
661493708
661493677
661493708
661493677
661493708
661493677
661493708
661493677
661493708
661493677
661493708
661493677
661493708
661493677
661493708
661493677
661493708
661493677
661493708
661493677
661493708
661493677
661493708
661493677
661493708
661493677
661493708
661493677
661493708
661493677
661493708
661493677
661493708
661493677
661493709
661493677
661493709
661493677
661493709
661493677
661493709
661493677
661493709
661493677
661493708
661493677
661493708
661493677
661493708
661493677
661493708
661493677
661493708
661493677
661493708
661493677
661493708
661493677
661493708
661493677
661493708
661493677
661493708
661493677
661493708
661493677
661493708
661493677
661493708
661493677
661493708
661493677
661493708
661493677
661493708
661493677
661493708
661493677
661493708
661493677
661493708
661493677
661493708
661493678
661493708
661493678
661493708
661493678
661493708
661493678
661493708
661493678
661493708
661493678
661493708
661493678
661493708
661493678
661493708
661493677
661493708
661493677
661493708
661493678
661493708
661493678
661493708
661493678
661493708
661493678
661493708
661493678
661493709
661493678
661493709
661493678
661493709
661493678
661493709
661493678
661493709
661493678
661493709
661493678
661493709
661493678
661493709
661493678
661493709
661493678
661493709
661493678
661493709
661493678
661493709
661493678
661493708
661493678
661493708
661493678
661493708
661493678
661493708
661493678
661493708
661493678
661493708
661493678
661493709
661493678
661493709
661493678
661493709
661493678
661493709
661493678
661493709
661493678
661493709
661493678
661493709
661493678
661493709
661493678
661493709
661493678
661493709
661493678
661493709
661493678
661493709
661493678
661493709
661493678
661493709
661493678
661493709
661493678
661493709
661493678
661493709
661493678
661493709
661493678
661493709
661493678
661493709
661493678
661493709
661493678
661493709
661493678
661493709
661493678
661493709
661493678
661493709
661493678
661493709
661493678
661493709
661493678
661493709
661493678
661493710
661493678
661493710
661493678
661493710
661493678
661493710
661493678
661493710
661493678
661493710
661493678
661493709
661493678
661493709
661493679
661493709
661493679
661493709
661493679
661493709
661493679
661493709
661493679
661493709
661493679
661493709
661493679
661493709
661493679
661493709
661493679
661493709
661493679
661493709
661493679
661493710
661493679
661493710
661493679
661493710
661493679
661493710
661493679
661493710
661493679
661493710
661493679
661493710
661493679
661493710
661493679
661493710
661493679
661493710
661493679
661493709
661493679
661493709
661493679
661493709
661493679
661493710
661493679
661493710
661493679
661493710
661493679
661493710
661493679
661493709
661493679
661493709
661493679
661493709
661493679
661493710
661493679
661493710
661493679
661493710
661493679
661493710
661493679
661493710
661493679
661493710
661493679
661493710
661493679
661493710
661493679
661493710
661493679
661493710
661493679
661493710
661493679
661493710
661493679
661493710
661493679
661493710
661493679
661493709
661493679
661493709
661493679
661493710
661493679
661493710
661493679
661493710
661493679
661493710
661493679
661493710
661493679
661493710
661493679
661493710
661493679
661493710
661493679
661493710
661493679
661493710
661493679
661493710
661493679
661493710
661493679
661493710
661493680
661493710
661493680
661493710
661493680
661493710
661493680
661493710
661493680
661493710
661493680
661493710
661493680
661493710
661493680
661493710
661493680
661493710
661493680
661493710
661493680
661493710
661493680
661493710
661493680
661493710
661493680
661493710
661493680
661493710
661493680
661493710
661493680
661493710
661493680
661493711
661493680
661493711
661493680
661493711
661493680
661493711
661493680
661493711
661493680
661493711
661493680
661493711
661493680
661493711
661493680
661493711
661493680
661493711
661493680
661493710
661493680
661493710
661493680
661493710
661493680
661493710
661493680
661493710
661493680
661493710
661493680
661493711
661493680
661493711
661493680
661493711
661493680
661493711
661493680
661493711
661493680
661493711
661493680
661493711
661493680
661493711
661493680
661493711
661493680
661493711
661493680
661493711
661493680
661493711
661493680
661493711
661493680
661493711
661493680
661493711
661493680
661493711
661493680
661493711
661493680
661493711
661493680
661493711
661493680
661493711
661493680
661493711
661493680
661493711
661493680
661493711
661493680
661493711
661493680
661493711
661493680
661493711
661493680
661493711
661493680
661493711
661493680
661493711
661493680
661493711
661493680
661493712
661493680
661493712
661493680
661493712
661493680
661493712
661493680
661493711
661493681
661493711
661493681
661493711
661493681
661493711
661493681
661493711
661493681
661493711
661493681
661493711
661493681
661493711
661493681
661493711
661493681
661493711
661493681
661493711
661493681
661493712
661493681
661493712
661493681
661493712
661493681
661493712
661493681
661493711
661493681
661493711
661493681
661493711
661493681
661493711
661493681
661493711
661493681
661493711
661493681
661493711
661493681
661493711
661493681
661493711
661493681
661493711
661493681
661493711
661493681
661493712
661493681
661493712
661493681
661493712
661493681
661493711
661493681
661493711
661493681
661493711
661493681
661493711
661493681
661493712
661493681
661493712
661493681
661493712
661493681
661493712
661493681
661493712
661493681
661493712
661493681
661493712
661493681
661493712
661493681
661493712
661493681
661493712
661493681
661493712
661493681
661493712
661493681
661493712
661493681
661493712
661493681
661493711
661493681
661493712
661493681
661493712
661493681
661493712
661493681
661493712
661493681
661493712
661493681
661493712
661493681
661493712
661493681
661493712
661493681
661493712
661493681
661493712
661493681
661493712
661493682
661493712
661493682
661493712
661493682
661493712
661493682
661493712
661493682
661493712
661493682
661493712
661493682
661493712
661493682
661493712
661493682
661493712
661493682
661493712
661493682
661493712
661493682
661493712
661493682
661493712
661493682
661493712
661493682
661493712
661493682
661493712
661493682
661493712
661493682
661493712
661493682
661493712
661493682
661493712
661493682
661493713
661493682
661493713
661493682
661493713
661493682
661493713
661493682
661493713
661493682
661493713
661493682
661493713
661493682
661493713
661493682
661493713
661493682
661493712
661493682
661493712
661493682
661493712
661493682
661493712
661493682
661493712
661493682
661493712
661493682
661493713
661493682
661493713
661493682
661493713
661493682
661493713
661493682
661493713
661493682
661493713
661493682
661493713
661493682
661493713
661493682
661493713
661493682
661493713
661493682
661493712
661493682
661493712
661493683
661493712
661493683
661493712
661493683
661493712
661493683
661493713
661493682
661493713
661493682
661493713
661493682
661493713
661493682
661493713
661493682
661493713
661493682
661493713
661493682
661493713
661493682
661493713
661493682
661493713
661493683
661493713
661493683
661493713
661493683
661493713
661493683
661493713
661493683
661493713
661493683
661493713
661493683
661493713
661493683
661493713
661493683
661493713
661493683
661493713
661493683
661493713
661493683
661493713
661493683
661493713
661493683
661493713
661493683
661493713
661493683
661493713
661493683
661493713
661493683
661493713
661493683
661493713
661493683
661493713
661493683
661493714
661493683
661493714
661493683
661493714
661493683
661493713
661493683
661493713
661493683
661493713
661493683
661493713
661493683
661493713
661493683
661493713
661493683
661493713
661493683
661493713
661493683
661493713
661493683
661493713
661493683
661493713
661493683
661493713
661493683
661493713
661493683
661493713
661493683
661493714
661493683
661493713
661493683
661493713
661493683
661493713
661493683
661493713
661493683
661493713
661493683
661493714
661493683
661493714
661493683
661493714
661493683
661493714
661493683
661493714
661493683
661493714
661493683
661493714
661493683
661493714
661493683
661493714
661493683
661493714
661493683
661493714
661493683
661493713
661493683
661493713
661493683
661493713
661493683
661493713
661493683
661493714
661493684
661493714
661493684
661493714
661493684
661493714
661493684
661493714
661493684
661493714
661493684
661493714
661493684
661493714
661493684
661493714
661493684
661493714
661493684
661493714
661493684
661493714
661493684
661493713
661493684
661493713
661493684
661493713
661493684
661493713
661493684
661493713
661493684
661493714
661493684
661493714
661493684
661493714
661493684
661493714
661493684
661493714
661493684
661493714
661493684
661493714
661493684
661493714
661493684
661493714
661493684
661493714
661493684
661493714
661493684
661493714
661493684
661493714
661493684
661493714
661493684
661493714
661493684
661493714
661493684
661493714
661493684
661493714
661493684
661493714
661493684
661493714
661493684
661493714
661493684
661493714
661493684
661493714
661493684
661493714
661493684
661493714
661493684
661493714
661493684
661493714
661493684
661493714
661493684
661493714
661493684
661493714
661493684
661493715
661493684
661493715
661493684
661493714
661493684
661493714
661493684
661493714
661493684
661493714
661493684
661493714
661493684
661493714
661493685
661493714
661493685
661493714
661493685
661493714
661493685
661493714
661493685
661493714
661493685
661493714
661493685
661493714
661493685
661493714
661493685
661493714
661493685
661493714
661493685
661493714
661493685
661493714
661493685
661493715
661493685
661493715
661493685
661493715
661493685
661493714
661493685
661493714
661493685
661493714
661493685
661493714
661493685
661493715
661493685
661493715
661493685
661493715
661493685
661493715
661493685
661493715
661493685
661493715
661493685
661493714
661493685
661493714
661493685
661493714
661493685
661493714
661493685
661493714
661493685
661493714
661493685
661493714
661493685
661493715
661493685
661493715
661493685
661493715
661493685
661493715
661493685
661493715
661493685
661493715
661493685
661493715
661493685
661493715
661493685
661493715
661493685
661493715
661493685
661493715
661493685
661493714
661493685
661493714
661493685
661493714
661493685
661493714
661493685
661493714
661493685
661493714
661493685
661493714
661493685
661493715
661493685
661493715
661493685
661493715
661493685
661493715
661493685
661493715
661493685
661493715
661493685
661493715
661493685
661493715
661493685
661493715
661493685
661493715
661493685
661493715
661493686
661493715
661493686
661493715
661493686
661493715
661493685
661493715
661493685
661493715
661493685
661493715
661493685
661493715
661493685
661493715
661493685
661493715
661493685
661493715
661493685
661493715
661493685
661493715
661493685
661493715
661493686
661493716
661493687
661493716
661493687
661493717
661493688
661493718
661493688
661493718
661493689
661493719
661493690
661493720
661493690
661493720
661493691
661493721
661493691
661493721
661493692
661493722
661493693
661493722
661493693
661493723
661493694
661493723
661493695
661493724
661493695
661493724
661493696
661493725
661493697
661493726
661493697
661493726
661493698
661493727
661493698
661493728
661493699
661493729
661493699
661493729
661493700
661493730
661493701
661493731
661493701
661493731
661493702
661493732
661493703
661493732
661493703
661493733
661493704
661493734
661493705
661493734
661493705
661493735
661493706
661493735
661493707
661493736
661493707
661493737
661493708
661493737
661493708
661493738
661493709
661493738
661493710
661493739
661493710
661493740
661493711
661493740
661493712
661493741
661493712
661493742
661493713
661493742
661493713
661493743
661493714
661493744
661493715
661493745
661493715
661493745
661493716
661493746
661493717
661493746
661493717
661493747
661493718
661493748
661493718
661493748
661493719
661493749
661493720
661493749
661493721
661493749
661493721
661493750
661493722
661493751
661493722
661493751
661493723
661493752
661493724
661493753
661493724
661493753
661493725
661493754
661493726
661493755
661493726
661493755
661493727
661493756
661493727
661493757
661493728
661493758
661493729
661493758
661493729
661493759
661493730
661493759
661493731
661493760
661493731
661493761
661493732
661493761
661493733
661493762
661493733
661493763
661493734
661493763
661493735
661493764
661493735
661493764
661493736
661493765
661493736
661493766
661493737
661493766
661493738
661493767
661493738
661493767
661493739
661493768
661493740
661493769
661493740
661493770
661493741
661493770
661493742
661493771
661493742
661493772
661493743
661493773
661493743
661493773
661493744
661493774
661493745
661493774
661493745
661493775
661493746
661493775
661493747
661493776
661493747
661493776
661493748
661493777
661493749
661493777
661493750
661493778
661493750
661493779
661493751
661493779
661493751
661493780
661493752
661493781
661493753
661493782
661493753
661493782
661493754
661493783
661493755
661493784
661493755
661493784
661493756
661493785
661493756
661493786
661493757
661493786
661493758
661493787
661493759
661493788
661493759
661493788
661493760
661493789
661493761
661493790
661493761
661493790
661493762
661493791
661493762
661493791
661493763
661493792
661493764
661493793
661493764
661493793
661493765
661493794
661493766
661493795
661493766
661493795
661493767
661493796
661493768
661493797
661493768
661493797
661493769
661493798
661493770
661493799
661493770
661493800
661493771
661493800
661493772
661493801
661493772
661493802
661493773
661493802
661493774
661493803
661493774
661493803
661493775
661493804
661493776
661493804
661493776
661493805
661493777
661493805
661493778
661493806
661493778
661493807
661493779
661493807
661493780
661493808
661493780
661493809
661493781
661493810
661493782
661493810
661493782
661493811
661493783
661493812
661493784
661493813
661493784
661493813
661493785
661493814
661493786
661493814
661493786
661493815
661493787
661493816
661493788
661493817
661493788
661493817
661493789
661493818
661493790
661493818
661493790
661493819
661493791
661493820
661493792
661493820
661493792
661493821
661493793
661493822
661493794
661493822
661493794
661493823
661493795
661493824
661493796
661493824
661493796
661493825
661493797
661493826
661493798
661493827
661493798
661493827
661493799
661493828
661493800
661493829
661493800
661493830
661493801
661493830
661493802
661493831
661493802
661493831
661493803
661493832
661493804
661493832
661493805
661493833
661493805
661493833
661493806
661493834
661493807
661493835
661493807
661493835
661493808
661493836
661493809
661493837
661493809
661493838
661493810
661493838
661493811
661493839
661493811
661493840
661493812
661493841
661493812
661493841
661493813
661493842
661493814
661493843
661493815
661493843
661493815
661493844
661493816
661493845
661493817
661493845
661493817
661493846
661493818
661493847
661493819
661493847
661493820
661493848
661493820
661493849
661493821
661493849
661493821
661493850
661493822
661493851
661493823
661493851
661493823
661493852
661493824
661493853
661493825
661493853
661493826
661493854
661493826
661493855
661493827
661493856
661493828
661493857
661493828
661493857
661493829
661493858
661493830
661493859
661493830
661493859
661493831
661493860
661493832
661493861
661493832
661493861
661493833
661493862
661493834
661493862
661493835
661493863
661493835
661493863
661493836
661493864
661493837
661493865
661493837
661493866
661493838
661493866
661493839
661493867
661493839
661493868
661493840
661493869
661493841
661493869
661493841
661493870
661493842
661493871
661493843
661493871
661493844
661493872
661493844
661493873
661493845
661493874
661493846
661493874
661493847
661493875
661493847
661493875
661493848
661493876
661493849
661493877
661493849
661493878
661493850
661493878
661493851
661493879
661493851
661493880
661493852
661493880
661493853
661493881
661493853
661493882
661493854
661493882
661493855
661493883
661493855
661493884
661493856
661493885
661493857
661493886
661493858
661493886
661493858
661493887
661493859
661493888
661493860
661493889
661493860
661493889
661493861
661493890
661493862
661493890
661493863
661493891
661493863
661493892
661493864
661493892
661493865
661493893
661493865
661493893
661493866
661493894
661493867
661493895
661493868
661493896
661493868
661493896
661493869
661493897
661493870
661493898
661493870
661493899
661493871
661493900
661493872
661493900
661493872
661493901
661493873
661493902
661493874
661493902
661493875
661493903
661493875
661493904
661493876
661493904
661493877
661493905
661493878
661493906
661493878
661493907
661493879
661493907
661493880
661493908
661493880
661493909
661493881
661493909
661493882
661493910
661493882
661493911
661493883
661493911
661493884
661493912
661493885
661493913
661493885
661493914
661493886
661493914
661493887
661493915
661493888
661493916
661493888
661493917
661493889
661493918
661493890
661493918
661493890
661493919
661493891
661493920
661493892
661493920
661493893
661493921
661493893
661493922
661493894
661493922
661493895
661493923
661493896
661493923
661493896
661493924
661493897
661493925
661493898
661493926
661493898
661493926
661493899
661493927
661493900
661493928
661493901
661493929
661493901
661493930
661493902
661493930
661493903
661493931
661493903
661493932
661493904
661493932
661493905
661493933
661493906
661493934
661493907
661493934
661493907
661493935
661493908
661493936
661493909
661493937
661493909
661493937
661493910
661493938
661493911
661493939
661493912
661493940
661493912
661493940
661493913
661493941
661493914
661493942
661493914
661493942
661493915
661493943
661493916
661493944
661493917
661493945
661493917
661493945
661493918
661493946
661493919
661493947
661493920
661493948
661493920
661493949
661493921
661493950
661493922
661493950
661493922
661493951
661493923
661493952
661493924
661493952
661493925
661493953
661493925
661493954
661493926
661493954
661493927
661493955
661493928
661493955
661493929
661493956
661493929
661493957
661493930
661493958
661493931
661493959
661493931
661493960
661493932
661493960
661493933
661493961
661493934
661493962
661493934
661493962
661493935
661493963
661493936
661493964
661493937
661493965
661493937
661493965
661493938
661493966
661493939
661493967
661493940
661493967
661493940
661493968
661493941
661493969
661493942
661493970
661493943
661493971
661493943
661493971
661493944
661493972
661493945
661493973
661493946
661493973
661493946
661493974
661493947
661493975
661493948
661493976
661493949
661493977
661493949
661493977
661493950
661493978
661493951
661493979
661493952
661493980
661493952
661493980
661493953
661493981
661493954
661493982
661493954
661493983
661493955
661493984
661493956
661493984
661493957
661493985
661493958
661493985
661493958
661493986
661493959
661493987
661493960
661493988
661493961
661493988
661493961
661493989
661493962
661493990
661493963
661493991
661493964
661493992
661493964
661493992
661493965
661493993
661493966
661493994
661493967
661493995
661493967
661493995
661493968
661493996
661493969
661493997
661493970
661493997
661493971
661493998
661493971
661493999
661493972
661494000
661493973
661494000
661493974
661494001
661493974
661494002
661493975
661494003
661493976
661494004
661493977
661494004
661493977
661494005
661493978
661494006
661493979
661494007
661493980
661494007
661493980
661494008
661493981
661494009
661493982
661494010
661493983
661494011
661493984
661494012
661493984
661494012
661493985
661494013
661493986
661494014
661493987
661494014
661493987
661494015
661493988
661494016
661493989
661494017
661493990
661494017
661493990
661494018
661493991
661494019
661493992
661494019
661493993
661494020
661493994
661494021
661493994
661494022
661493995
661494023
661493996
661494024
661493997
661494024
661493997
661494025
661493998
661494026
661493999
661494027
661494000
661494027
661494000
661494028
661494001
661494029
661494002
661494030
661494003
661494030
661494004
661494031
661494005
661494032
661494005
661494033
661494006
661494033
661494007
661494034
661494008
661494035
661494008
661494036
661494009
661494037
661494010
661494037
661494011
661494038
661494011
661494039
661494012
661494040
661494013
661494041
661494014
661494041
661494015
661494042
661494015
661494043
661494016
661494044
661494017
661494045
661494018
661494046
661494018
661494046
661494019
661494047
661494020
661494048
661494021
661494048
661494022
661494049
661494022
661494050
661494023
661494051
661494024
661494051
661494025
661494052
661494026
661494053
661494026
661494054
661494027
661494054
661494028
661494055
661494029
661494056
661494029
661494057
661494030
661494058
661494031
661494059
661494032
661494060
661494033
661494060
661494033
661494061
661494034
661494062
661494035
661494062
661494036
661494063
661494037
661494064
661494038
661494065
661494038
661494065
661494039
661494066
661494040
661494067
661494041
661494068
661494041
661494069
661494042
661494070
661494043
661494070
661494044
661494071
661494045
661494072
661494045
661494073
661494046
661494074
661494047
661494074
661494048
661494075
661494049
661494076
661494049
661494077
661494050
661494078
661494051
661494078
661494052
661494079
661494053
661494080
661494053
661494081
661494054
661494082
661494055
661494083
661494056
661494083
661494057
661494084
661494057
661494085
661494058
661494085
661494059
661494086
661494060
661494087
661494061
661494088
661494061
661494089
661494062
661494090
661494063
661494090
661494064
661494091
661494065
661494092
661494065
661494093
661494066
661494094
661494067
661494095
661494068
661494095
661494069
661494096
661494070
661494096
661494070
661494097
661494071
661494098
661494072
661494099
661494073
661494100
661494074
661494101
661494075
661494101
661494075
661494102
661494076
661494103
661494077
661494104
661494078
661494105
661494078
661494106
661494079
661494107
661494080
661494107
661494081
661494108
661494082
661494109
661494083
661494110
661494083
661494111
661494084
661494111
661494085
661494112
661494086
661494113
661494087
661494114
661494088
661494115
661494088
661494115
661494089
661494116
661494090
661494117
661494091
661494118
661494092
661494119
661494092
661494119
661494093
661494120
661494094
661494121
661494095
661494122
661494096
661494123
661494097
661494124
661494097
661494125
661494098
661494125
661494099
661494126
661494100
661494127
661494101
661494128
661494101
661494129
661494102
661494129
661494103
661494130
661494104
661494131
661494105
661494131
661494106
661494132
661494107
661494133
661494108
661494134
661494108
661494135
661494109
661494136
661494110
661494137
661494111
661494137
661494112
661494138
661494112
661494139
661494113
661494140
661494114
661494141
661494115
661494142
661494116
661494143
661494116
661494143
661494117
661494144
661494118
661494145
661494119
661494146
661494120
661494147
661494121
661494148
661494122
661494148
661494122
661494149
661494123
661494150
661494124
661494151
661494125
661494152
661494126
661494152
661494126
661494153
661494127
661494154
661494128
661494155
661494129
661494156
661494130
661494156
661494131
661494157
661494132
661494158
661494132
661494159
661494133
661494160
661494134
661494161
661494135
661494162
661494136
661494163
661494137
661494164
661494137
661494164
661494138
661494165
661494139
661494166
661494140
661494166
661494141
661494167
661494142
661494168
661494143
661494169
661494144
661494170
661494144
661494170
661494145
661494171
661494146
661494172
661494147
661494173
661494148
661494174
661494148
661494175
661494149
661494176
661494150
661494177
661494151
661494178
661494152
661494178
661494153
661494179
661494154
661494180
661494154
661494181
661494155
661494182
661494156
661494183
661494157
661494183
661494158
661494184
661494159
661494185
661494160
661494186
661494160
661494187
661494161
661494188
661494162
661494189
661494163
661494189
661494164
661494190
661494165
661494191
661494165
661494192
661494166
661494193
661494167
661494194
661494168
661494195
661494169
661494195
661494170
661494196
661494171
661494197
661494171
661494198
661494172
661494199
661494173
661494200
661494174
661494201
661494175
661494201
661494176
661494202
661494177
661494203
661494178
661494204
661494179
661494204
661494179
661494205
661494180
661494206
661494181
661494207
661494182
661494208
661494183
661494209
661494184
661494210
661494185
661494211
661494185
661494212
661494186
661494213
661494187
661494214
661494188
661494214
661494189
661494215
661494190
661494216
661494191
661494217
661494192
661494218
661494192
661494219
661494193
661494220
661494194
661494220
661494195
661494221
661494196
661494222
661494197
661494223
661494198
661494224
661494198
661494225
661494199
661494225
661494200
661494226
661494201
661494227
661494202
661494228
661494203
661494229
661494204
661494230
661494205
661494231
661494205
661494232
661494206
661494233
661494207
661494234
661494208
661494234
661494209
661494235
661494210
661494236
661494211
661494237
661494212
661494238
661494212
661494239
661494213
661494239
661494214
661494240
661494215
661494241
661494216
661494242
661494217
661494242
661494218
661494243
661494219
661494244
661494220
661494245
661494221
661494246
661494221
661494247
661494222
661494248
661494223
661494249
661494224
661494250
661494225
661494251
661494226
661494252
661494227
661494253
661494228
661494254
661494229
661494254
661494229
661494255
661494230
661494256
661494231
661494257
661494232
661494258
661494233
661494259
661494234
661494260
661494235
661494261
661494236
661494261
661494236
661494262
661494237
661494263
661494238
661494264
661494239
661494265
661494240
661494266
661494241
661494267
661494242
661494268
661494243
661494269
661494244
661494270
661494244
661494271
661494245
661494272
661494246
661494273
661494247
661494273
661494248
661494274
661494249
661494275
661494250
661494276
661494251
661494277
661494252
661494277
661494253
661494278
661494254
661494279
661494255
661494280
661494256
661494281
661494256
661494282
661494257
661494282
661494258
661494283
661494259
661494284
661494260
661494285
661494261
661494286
661494262
661494287
661494263
661494288
661494263
661494289
661494264
661494290
661494265
661494291
661494266
661494292
661494267
661494293
661494268
661494294
661494269
661494295
661494270
661494295
661494271
661494296
661494272
661494297
661494273
661494298
661494273
661494299
661494274
661494300
661494275
661494301
661494276
661494302
661494277
661494303
661494278
661494303
661494279
661494304
661494280
661494305
661494281
661494306
661494282
661494307
661494283
661494308
661494284
661494309
661494284
661494310
661494285
661494311
661494286
661494312
661494287
661494313
661494288
661494314
661494289
661494315
661494290
661494315
661494291
661494316
661494292
661494317
661494293
661494318
661494294
661494319
661494295
661494320
661494296
661494321
661494297
661494322
661494297
661494322
661494298
661494323
661494299
661494324
661494300
661494325
661494301
661494327
661494302
661494327
661494303
661494328
661494304
661494329
661494305
661494330
661494306
661494331
661494307
661494332
661494308
661494333
661494309
661494334
661494310
661494335
661494311
661494336
661494311
661494337
661494312
661494337
661494313
661494338
661494314
661494339
661494315
661494340
661494316
661494341
661494317
661494342
661494318
661494343
661494319
661494344
661494320
661494345
661494320
661494346
661494321
661494347
661494322
661494348
661494323
661494349
661494324
661494350
661494325
661494351
661494326
661494352
661494327
661494353
661494328
661494354
661494329
661494354
661494330
661494355
661494331
661494356
661494332
661494357
661494333
661494358
661494334
661494359
661494335
661494359
661494336
661494360
661494337
661494361
661494338
661494362
661494338
661494363
661494339
661494364
661494340
661494365
661494341
661494366
661494342
661494367
661494343
661494368
661494344
661494369
661494345
661494370
661494346
661494371
661494347
661494372
661494348
661494373
661494349
661494374
661494350
661494375
661494351
661494376
661494352
661494377
661494353
661494378
661494354
661494379
661494355
661494380
661494355
661494380
661494356
661494381
661494357
661494382
661494358
661494384
661494360
661494385
661494361
661494386
661494363
661494388
661494364
661494389
661494365
661494391
661494367
661494392
661494368
661494394
661494369
661494395
661494371
661494396
661494372
661494398
661494373
661494399
661494375
661494400
661494376
661494401
661494378
661494403
661494379
661494404
661494380
661494405
661494382
661494407
661494383
661494408
661494385
661494409
661494386
661494411
661494387
661494412
661494389
661494414
661494390
661494415
661494391
661494417
661494393
661494418
661494394
661494419
661494395
661494421
661494397
661494422
661494398
661494423
661494400
661494425
661494401
661494426
661494402
661494427
661494404
661494429
661494405
661494430
661494407
661494432
661494408
661494433
661494409
661494434
661494411
661494436
661494412
661494437
661494413
661494438
661494415
661494440
661494416
661494441
661494417
661494442
661494419
661494444
661494420
661494445
661494422
661494447
661494423
661494448
661494424
661494450
661494426
661494451
661494427
661494453
661494429
661494454
661494430
661494455
661494431
661494457
661494433
661494458
661494434
661494459
661494436
661494461
661494437
661494462
661494438
661494463
661494440
661494465
661494441
661494466
661494443
661494467
661494444
661494469
661494446
661494470
661494447
661494472
661494448
661494473
661494450
661494475
661494451
661494476
661494452
661494478
661494454
661494479
661494455
661494480
661494457
661494482
661494458
661494483
661494460
661494484
661494461
661494486
661494462
661494487
661494464
661494489
661494465
661494490
661494467
661494491
661494468
661494493
661494469
661494494
661494471
661494496
661494472
661494497
661494474
661494498
661494475
661494500
661494476
661494501
661494478
661494503
661494479
661494504
661494481
661494506
661494482
661494507
661494484
661494509
661494485
661494510
661494486
661494512
661494488
661494513
661494489
661494514
661494491
661494516
661494492
661494517
661494494
661494519
661494495
661494520
661494496
661494521
661494498
661494523
661494499
661494524
661494501
661494525
661494502
661494527
661494504
661494528
661494505
661494530
661494507
661494531
661494508
661494533
661494509
661494534
661494511
661494536
661494512
661494537
661494514
661494538
661494515
661494540
661494517
661494541
661494518
661494543
661494520
661494544
661494521
661494546
661494523
661494547
661494524
661494548
661494525
661494550
661494527
661494551
661494528
661494553
661494530
661494554
661494531
661494556
661494533
661494557
661494534
661494559
661494535
661494560
661494537
661494561
661494538
661494563
661494540
661494564
661494541
661494566
661494543
661494567
661494544
661494569
661494546
661494570
661494547
661494572
661494549
661494573
661494550
661494575
661494551
661494576
661494553
661494578
661494554
661494579
661494556
661494581
661494557
661494582
661494559
661494583
661494560
661494585
661494562
661494586
661494563
661494588
661494565
661494589
661494566
661494590
661494568
661494592
661494569
661494593
661494571
661494595
661494572
661494597
661494573
661494598
661494575
661494600
661494576
661494601
661494578
661494602
661494579
661494604
661494581
661494605
661494582
661494607
661494584
661494608
661494585
661494610
661494587
661494611
661494588
661494613
661494590
661494614
661494591
661494616
661494593
661494617
661494594
661494619
661494596
661494620
661494597
661494622
661494599
661494623
661494600
661494624
661494602
661494626
661494603
661494627
661494605
661494629
661494606
661494631
661494608
661494632
661494609
661494634
661494611
661494635
661494612
661494637
661494614
661494638
661494615
661494640
661494616
661494641
661494618
661494643
661494619
661494644
661494621
661494645
661494623
661494647
661494624
661494648
661494626
661494650
661494627
661494651
661494629
661494653
661494630
661494654
661494632
661494656
661494633
661494657
661494635
661494659
661494636
661494660
661494638
661494662
661494639
661494664
661494640
661494665
661494642
661494667
661494644
661494668
661494645
661494669
661494647
661494671
661494648
661494672
661494650
661494674
661494651
661494675
661494653
661494677
661494654
661494678
661494656
661494680
661494657
661494681
661494659
661494683
661494660
661494684
661494662
661494686
661494663
661494688
661494665
661494689
661494666
661494690
661494668
661494692
661494669
661494693
661494671
661494695
661494672
661494697
661494674
661494698
661494676
661494700
661494677
661494701
661494679
661494703
661494680
661494704
661494682
661494706
661494683
661494708
661494685
661494709
661494686
661494711
661494688
661494712
661494689
661494713
661494691
661494715
661494692
661494716
661494694
661494718
661494696
661494719
661494697
661494721
661494699
661494723
661494700
661494724
661494702
661494726
661494703
661494727
661494705
661494729
661494706
661494730
661494708
661494732
661494709
661494733
661494711
661494735
661494713
661494736
661494714
661494738
661494716
661494739
661494717
661494741
661494719
661494742
661494720
661494744
661494722
661494746
661494723
661494747
661494725
661494749
661494726
661494750
661494728
661494752
661494729
661494753
661494731
661494755
661494733
661494757
661494734
661494758
661494736
661494760
661494737
661494761
661494739
661494763
661494741
661494764
661494742
661494766
661494744
661494768
661494745
661494769
661494747
661494771
661494748
661494772
661494750
661494774
661494751
661494775
661494753
661494777
661494755
661494778
661494756
661494780
661494758
661494781
661494759
661494783
661494761
661494785
661494763
661494786
661494764
661494788
661494766
661494789
661494767
661494791
661494769
661494793
661494770
661494794
661494772
661494796
661494773
661494797
661494775
661494799
661494777
661494800
661494778
661494802
661494780
661494803
661494782
661494805
661494783
661494807
661494785
661494808
661494786
661494810
661494788
661494811
661494789
661494813
661494791
661494815
661494793
661494816
661494794
661494818
661494796
661494819
661494797
661494821
661494799
661494823
661494800
661494824
661494802
661494826
661494804
661494827
661494805
661494829
661494807
661494831
661494809
661494832
661494810
661494834
661494812
661494835
661494813
661494837
661494815
661494839
661494816
661494840
661494818
661494842
661494820
661494843
661494821
661494845
661494823
661494846
661494825
661494848
661494826
661494850
661494828
661494851
661494829
661494853
661494831
661494854
661494833
661494856
661494834
661494858
661494836
661494859
661494837
661494861
661494839
661494863
661494841
661494864
661494842
661494866
661494844
661494867
661494846
661494869
661494847
661494870
661494849
661494872
661494851
661494874
661494852
661494875
661494854
661494877
661494855
661494879
661494857
661494880
661494859
661494882
661494860
661494883
661494862
661494885
661494863
661494887
661494865
661494889
661494867
661494890
661494868
661494892
661494870
661494893
661494872
661494895
661494873
661494897
661494875
661494898
661494877
661494900
661494878
661494902
661494880
661494903
661494881
661494905
661494883
661494906
661494885
661494908
661494886
661494910
661494888
661494911
661494889
661494913
661494891
661494915
661494893
661494916
661494895
661494918
661494896
661494919
661494898
661494921
661494899
661494923
661494901
661494924
661494903
661494926
661494904
661494928
661494906
661494930
661494908
661494931
661494909
661494933
661494911
661494934
661494913
661494936
661494914
661494938
661494916
661494939
661494918
661494941
661494920
661494942
661494921
661494944
661494923
661494946
661494925
661494947
661494926
661494949
661494928
661494951
661494929
661494952
661494931
661494954
661494933
661494956
661494934
661494957
661494936
661494959
661494938
661494961
661494939
661494963
661494941
661494964
661494943
661494966
661494944
661494967
661494946
661494969
661494948
661494971
661494949
661494972
661494951
661494974
661494953
661494976
661494954
661494978
661494956
661494979
661494958
661494981
661494959
661494982
661494961
661494984
661494963
661494986
661494964
661494988
661494966
661494989
661494968
661494991
661494970
661494992
661494971
661494994
661494973
661494996
661494975
661494998
661494976
661494999
661494978
661495001
661494980
661495003
661494981
661495005
661494983
661495006
661494985
661495008
661494986
661495009
661494988
661495011
661494990
661495013
661494992
661495014
661494993
661495016
661494995
661495017
661494997
661495019
661494999
661495021
661495000
661495023
661495002
661495025
661495003
661495026
661495005
661495028
661495007
661495030
661495009
661495031
661495010
661495033
661495012
661495035
661495014
661495037
661495015
661495038
661495017
661495040
661495019
661495042
661495021
661495043
661495022
661495045
661495024
661495047
661495026
661495049
661495027
661495050
661495029
661495052
661495031
661495054
661495033
661495055
661495034
661495057
661495036
661495059
661495038
661495060
661495039
661495062
661495041
661495064
661495043
661495066
661495045
661495067
661495046
661495069
661495048
661495071
661495050
661495073
661495052
661495075
661495053
661495076
661495055
661495078
661495057
661495080
661495059
661495081
661495060
661495083
661495062
661495084
661495064
661495086
661495066
661495088
661495067
661495090
661495069
661495091
661495071
661495093
661495073
661495095
661495074
661495097
661495076
661495098
661495078
661495100
661495079
661495102
661495081
661495104
661495083
661495106
661495085
661495107
661495086
661495109
661495088
661495111
661495090
661495112
661495092
661495114
661495094
661495116
661495095
661495118
661495097
661495119
661495099
661495121
661495101
661495123
661495102
661495125
661495104
661495126
661495106
661495128
661495107
661495130
661495109
661495132
661495111
661495133
661495113
661495135
661495115
661495137
661495116
661495139
661495118
661495141
661495120
661495142
661495122
661495144
661495123
661495146
661495125
661495148
661495127
661495150
661495129
661495151
661495130
661495153
661495132
661495155
661495134
661495156
661495136
661495158
661495138
661495160
661495140
661495161
661495141
661495163
661495143
661495165
661495145
661495167
661495147
661495169
661495148
661495170
661495150
661495172
661495152
661495174
661495154
661495176
661495155
661495178
661495157
661495180
661495159
661495181
661495161
661495183
661495163
661495185
661495164
661495187
661495166
661495188
661495168
661495190
661495170
661495192
661495172
661495194
661495173
661495196
661495175
661495197
661495177
661495199
661495179
661495201
661495181
661495203
661495182
661495204
661495184
661495206
661495186
661495208
661495188
661495210
661495189
661495212
661495191
661495213
661495193
661495215
661495195
661495217
661495197
661495219
661495199
661495221
661495200
661495223
661495202
661495225
661495204
661495226
661495206
661495228
661495208
661495230
661495210
661495232
661495211
661495233
661495213
661495235
661495215
661495237
661495217
661495239
661495219
661495240
661495221
661495242
661495223
661495244
661495224
661495246
661495226
661495248
661495228
661495250
661495230
661495251
661495231
661495253
661495233
661495255
661495235
661495257
661495237
661495259
661495239
661495261
661495240
661495263
661495242
661495264
661495244
661495266
661495246
661495268
661495248
661495270
661495250
661495272
661495252
661495273
661495254
661495275
661495255
661495277
661495257
661495279
661495259
661495281
661495261
661495283
661495263
661495284
661495264
661495286
661495266
661495288
661495268
661495290
661495270
661495292
661495272
661495294
661495274
661495296
661495276
661495297
661495277
661495299
661495279
661495301
661495281
661495303
661495283
661495305
661495285
661495307
661495287
661495309
661495289
661495310
661495290
661495312
661495292
661495314
661495294
661495316
661495296
661495317
661495298
661495319
661495300
661495321
661495302
661495323
661495304
661495325
661495306
661495327
661495307
661495329
661495309
661495331
661495311
661495333
661495313
661495335
661495315
661495336
661495317
661495338
661495318
661495340
661495320
661495342
661495322
661495344
661495324
661495346
661495326
661495348
661495328
661495349
661495330
661495351
661495332
661495353
661495334
661495355
661495336
661495357
661495337
661495359
661495339
661495361
661495341
661495363
661495343
661495364
661495345
661495366
661495347
661495368
661495349
661495370
661495350
661495372
661495352
661495374
661495354
661495376
661495356
661495378
661495358
661495380
661495360
661495382
661495362
661495384
661495364
661495386
661495366
661495387
661495367
661495389
661495369
661495391
661495371
661495393
661495373
661495395
661495375
661495396
661495377
661495398
661495379
661495400
661495381
661495402
661495383
661495404
661495385
661495406
661495387
661495408
661495389
661495410
661495391
661495412
661495392
661495414
661495394
661495416
661495396
661495418
661495398
661495420
661495400
661495422
661495402
661495423
661495404
661495425
661495406
661495427
661495408
661495429
661495410
661495431
661495412
661495433
661495414
661495435
661495416
661495437
661495418
661495439
661495419
661495441
661495421
661495442
661495423
661495444
661495425
661495446
661495427
661495449
661495430
661495451
661495432
661495454
661495435
661495457
661495438
661495459
661495440
661495462
661495443
661495464
661495445
661495467
661495448
661495470
661495450
661495472
661495453
661495475
661495455
661495477
661495458
661495480
661495461
661495482
661495463
661495485
661495466
661495487
661495468
661495490
661495471
661495492
661495474
661495495
661495476
661495497
661495479
661495500
661495481
661495502
661495484
661495505
661495486
661495508
661495489
661495510
661495492
661495513
661495494
661495516
661495497
661495518
661495499
661495521
661495502
661495523
661495504
661495526
661495507
661495529
661495510
661495531
661495512
661495534
661495515
661495536
661495518
661495539
661495520
661495541
661495523
661495544
661495525
661495547
661495528
661495549
661495530
661495552
661495533
661495554
661495536
661495557
661495538
661495560
661495541
661495562
661495543
661495565
661495546
661495568
661495549
661495570
661495551
661495573
661495554
661495575
661495557
661495578
661495559
661495581
661495562
661495583
661495564
661495586
661495567
661495589
661495570
661495591
661495572
661495594
661495575
661495596
661495578
661495599
661495580
661495601
661495583
661495604
661495586
661495607
661495588
661495609
661495591
661495612
661495594
661495615
661495596
661495617
661495599
661495620
661495601
661495623
661495604
661495625
661495607
661495628
661495609
661495631
661495612
661495633
661495615
661495636
661495617
661495639
661495620
661495641
661495623
661495644
661495625
661495646
661495628
661495649
661495631
661495652
661495633
661495654
661495636
661495657
661495639
661495660
661495641
661495662
661495644
661495665
661495647
661495668
661495649
661495670
661495652
661495673
661495655
661495676
661495657
661495678
661495660
661495681
661495663
661495684
661495665
661495687
661495668
661495689
661495671
661495692
661495673
661495695
661495676
661495697
661495679
661495700
661495681
661495703
661495684
661495705
661495687
661495708
661495690
661495712
661495694
661495715
661495697
661495719
661495701
661495722
661495705
661495726
661495708
661495729
661495712
661495733
661495715
661495737
661495719
661495740
661495723
661495744
661495726
661495748
661495730
661495751
661495733
661495755
661495737
661495759
661495741
661495762
661495744
661495766
661495748
661495770
661495752
661495773
661495755
661495777
661495759
661495780
661495763
661495784
661495766
661495788
661495770
661495791
661495774
661495795
661495777
661495799
661495781
661495802
661495785
661495806
661495788
661495809
661495792
661495813
661495795
661495817
661495799
661495821
661495803
661495824
661495807
661495828
661495810
661495832
661495814
661495835
661495818
661495839
661495821
661495843
661495825
661495847
661495829
661495850
661495832
661495854
661495836
661495858
661495840
661495861
661495843
661495865
661495847
661495868
661495851
661495872
661495855
661495876
661495858
661495879
661495862
661495883
661495866
661495887
661495869
661495890
661495873
661495894
661495877
661495898
661495880
661495902
661495884
661495906
661495888
661495909
661495892
661495913
661495895
661495917
661495899
661495920
661495903
661495924
661495907
661495928
661495910
661495931
661495914
661495935
661495918
661495939
661495922
661495943
661495925
661495946
661495929
661495950
661495933
661495954
661495937
661495958
661495940
661495961
661495944
661495965
661495948
661495969
661495951
661495973
661495955
661495976
661495959
661495980
661495963
661495984
661495966
661495988
661495970
661495991
661495974
661495995
661495978
661495999
661495982
661496003
661495985
661496007
661495989
661496010
661495993
661496014
661495997
661496018
661496000
661496022
661496004
661496025
661496008
661496029
661496012
661496033
661496016
661496037
661496020
661496040
661496023
661496044
661496027
661496048
661496031
661496052
661496035
661496056
661496039
661496059
661496042
661496063
661496046
661496067
661496050
661496071
661496054
661496075
661496057
661496079
661496061
661496082
661496065
661496086
661496069
661496090
661496073
661496094
661496077
661496098
661496081
661496101
661496085
661496105
661496088
661496109
661496092
661496113
661496096
661496117
661496100
661496121
661496104
661496124
661496107
661496128
661496111
661496132
661496115
661496136
661496119
661496140
661496123
661496144
661496127
661496147
661496130
661496151
661496134
661496155
661496138
661496159
661496142
661496163
661496146
661496167
661496150
661496171
661496154
661496175
661496158
661496179
661496161
661496182
661496165
661496186
661496169
661496190
661496173
661496194
661496177
661496198
661496181
661496202
661496185
661496205
661496189
661496209
661496193
661496213
661496197
661496217
661496200
661496221
661496204
661496225
661496208
661496229
661496212
661496233
661496216
661496237
661496220
661496241
661496224
661496245
661496228
661496249
661496232
661496252
661496236
661496256
661496240
661496260
661496244
661496264
661496248
661496268
661496251
661496272
661496255
661496276
661496259
661496280
661496263
661496284
661496267
661496288
661496271
661496292
661496275
661496296
661496279
661496300
661496283
661496303
661496287
661496307
661496291
661496311
661496295
661496315
661496299
661496319
661496303
661496323
661496307
661496327
661496311
661496331
661496314
661496335
661496318
661496339
661496322
661496343
661496326
661496347
661496330
661496351
661496334
661496355
661496338
661496359
661496342
661496363
661496346
661496367
661496350
661496371
661496354
661496375
661496358
661496379
661496362
661496383
661496366
661496387
661496370
661496391
661496374
661496395
661496378
661496399
661496382
661496403
661496386
661496407
661496390
661496411
661496394
661496415
661496398
661496419
661496402
661496423
661496406
661496427
661496410
661496431
661496415
661496435
661496419
661496439
661496423
661496443
661496427
661496447
661496431
661496451
661496435
661496455
661496439
661496459
661496443
661496463
661496447
661496467
661496451
661496471
661496455
661496475
661496459
661496479
661496463
661496483
661496467
661496487
661496471
661496491
661496475
661496495
661496479
661496499
661496483
661496504
661496487
661496508
661496491
661496512
661496495
661496516
661496499
661496520
661496503
661496524
661496508
661496528
661496512
661496532
661496516
661496536
661496520
661496540
661496524
661496544
661496528
661496548
661496532
661496552
661496536
661496556
661496540
661496561
661496544
661496565
661496549
661496569
661496553
661496573
661496557
661496577
661496561
661496581
661496565
661496585
661496569
661496589
661496573
661496593
661496577
661496597
661496581
661496601
661496586
661496606
661496590
661496610
661496594
661496614
661496598
661496618
661496602
661496622
661496606
661496626
661496610
661496630
661496614
661496635
661496619
661496639
661496623
661496643
661496627
661496647
661496631
661496651
661496635
661496655
661496639
661496659
661496644
661496664
661496648
661496668
661496652
661496672
661496656
661496676
661496660
661496680
661496664
661496684
661496669
661496689
661496673
661496693
661496677
661496697
661496681
661496701
661496685
661496705
661496689
661496710
661496694
661496714
661496698
661496718
661496702
661496722
661496706
661496726
661496710
661496730
661496715
661496735
661496719
661496739
661496723
661496743
661496727
661496747
661496731
661496751
661496736
661496756
661496740
661496760
661496744
661496764
661496748
661496768
661496752
661496772
661496757
661496777
661496761
661496781
661496765
661496785
661496770
661496789
661496774
661496793
661496778
661496798
661496782
661496802
661496786
661496806
661496791
661496810
661496795
661496815
661496799
661496819
661496803
661496823
661496808
661496828
661496812
661496832
661496816
661496836
661496820
661496840
661496825
661496845
661496829
661496849
661496833
661496853
661496838
661496857
661496842
661496862
661496846
661496866
661496850
661496870
661496855
661496875
661496859
661496879
661496863
661496883
661496868
661496887
661496872
661496892
661496876
661496896
661496880
661496900
661496885
661496905
661496889
661496909
661496893
661496913
661496898
661496918
661496902
661496922
661496906
661496926
661496911
661496931
661496915
661496935
661496919
661496939
661496924
661496943
661496928
661496948
661496932
661496952
661496937
661496956
661496941
661496961
661496945
661496965
661496950
661496969
661496954
661496974
661496959
661496978
661496963
661496982
661496967
661496987
661496972
661496991
661496976
661496996
661496980
661497000
661496985
661497004
661496989
661497009
661496993
661497013
661496998
661497017
661497002
661497022
661497007
661497026
661497011
661497031
661497015
661497035
661497020
661497039
661497024
661497044
661497029
661497048
661497033
661497053
661497037
661497057
661497042
661497061
661497046
661497066
661497051
661497070
661497055
661497075
661497059
661497079
661497064
661497083
661497068
661497088
661497073
661497092
661497077
661497097
661497083
661497103
661497088
661497108
661497093
661497113
661497099
661497119
661497104
661497124
661497109
661497129
661497114
661497134
661497120
661497140
661497125
661497145
661497130
661497150
661497136
661497155
661497141
661497160
661497146
661497166
661497151
661497171
661497157
661497176
661497162
661497182
661497167
661497187
661497173
661497192
661497178
661497198
661497183
661497203
661497188
661497208
661497194
661497214
661497199
661497219
661497204
661497224
661497210
661497230
661497215
661497235
661497221
661497240
661497226
661497246
661497231
661497251
661497237
661497256
661497242
661497262
661497247
661497267
661497253
661497272
661497258
661497278
661497263
661497283
661497269
661497288
661497274
661497294
661497279
661497299
661497285
661497304
661497290
661497310
661497296
661497315
661497301
661497321
661497306
661497326
661497312
661497331
661497317
661497338
661497324
661497344
661497330
661497350
661497336
661497356
661497342
661497363
661497349
661497369
661497355
661497375
661497361
661497381
661497367
661497388
661497374
661497394
661497380
661497400
661497386
661497406
661497393
661497412
661497399
661497419
661497405
661497425
661497411
661497431
661497418
661497438
661497424
661497444
661497430
661497450
661497437
661497457
661497443
661497463
661497449
661497469
661497455
661497476
661497462
661497482
661497468
661497488
661497475
661497494
661497481
661497501
661497487
661497507
661497494
661497513
661497500
661497520
661497506
661497526
661497513
661497532
661497519
661497539
661497525
661497545
661497532
661497551
661497538
661497558
661497544
661497564
661497551
661497571
661497557
661497577
661497563
661497583
661497570
661497590
661497576
661497596
661497583
661497603
661497589
661497609
661497595
661497615
661497602
661497622
661497608
661497628
661497615
661497635
661497621
661497641
661497627
661497647
661497634
661497654
661497640
661497660
661497647
661497667
661497653
661497673
661497660
661497679
661497666
661497686
661497673
661497692
661497679
661497699
661497686
661497705
661497692
661497712
661497698
661497718
661497705
661497725
661497711
661497731
661497718
661497738
661497724
661497744
661497731
661497750
661497737
661497757
661497744
661497763
661497750
661497770
661497757
661497776
661497763
661497783
661497770
661497789
661497776
661497796
661497783
661497802
661497789
661497809
661497796
661497815
661497802
661497822
661497809
661497828
661497815
661497835
661497822
661497841
661497828
661497848
661497835
661497855
661497841
661497861
661497848
661497868
661497855
661497875
661497862
661497883
661497870
661497890
661497877
661497897
661497885
661497905
661497892
661497912
661497899
661497920
661497907
661497927
661497914
661497935
661497922
661497942
661497929
661497949
661497937
661497957
661497944
661497964
661497952
661497971
661497959
661497979
661497967
661497986
661497974
661497994
661497982
661498001
661497989
661498009
661497996
661498016
661498004
661498024
661498011
661498031
661498019
661498039
661498026
661498046
661498034
661498054
661498041
661498061
661498049
661498069
661498056
661498076
661498064
661498084
661498072
661498092
661498079
661498099
661498087
661498107
661498094
661498114
661498102
661498122
661498109
661498129
661498117
661498137
661498124
661498144
661498132
661498152
661498139
661498159
661498147
661498167
661498155
661498174
661498162
661498182
661498170
661498190
661498177
661498197
661498185
661498205
661498193
661498213
661498200
661498220
661498208
661498228
661498215
661498235
661498223
661498243
661498231
661498251
661498238
661498258
661498246
661498266
661498254
661498273
661498261
661498281
661498269
661498288
661498277
661498296
661498284
661498304
661498292
661498311
661498299
661498319
661498307
661498327
661498315
661498334
661498322
661498342
661498330
661498350
661498338
661498358
661498345
661498365
661498353
661498373
661498361
661498381
661498369
661498388
661498376
661498396
661498384
661498404
661498392
661498411
661498399
661498419
661498407
661498427
661498415
661498435
661498423
661498442
661498430
661498450
661498438
661498458
661498446
661498465
661498453
661498473
661498461
661498481
661498470
661498490
661498479
661498499
661498488
661498509
661498497
661498518
661498507
661498527
661498516
661498537
661498525
661498546
661498535
661498555
661498544
661498564
661498553
661498574
661498562
661498583
661498572
661498592
661498581
661498602
661498590
661498611
661498600
661498620
661498609
661498630
661498619
661498640
661498629
661498650
661498639
661498660
661498649
661498670
661498659
661498680
661498669
661498690
661498679
661498700
661498689
661498710
661498699
661498720
661498710
661498730
661498720
661498740
661498730
661498750
661498740
661498760
661498750
661498771
661498760
661498781
661498770
661498791
661498780
661498801
661498790
661498811
661498800
661498821
661498811
661498831
661498821
661498841
661498831
661498851
661498841
661498861
661498851
661498872
661498861
661498882
661498871
661498892
661498881
661498902
661498891
661498912
661498901
661498922
661498912
661498932
661498922
661498943
661498932
661498953
661498942
661498963
661498952
661498973
661498963
661498983
661498973
661498994
661498983
661499004
661498993
661499014
661499003
661499024
661499014
661499035
661499024
661499045
661499034
661499055
661499044
661499065
661499055
661499075
661499065
661499086
661499076
661499097
661499087
661499108
661499098
661499119
661499110
661499130
661499120
661499141
661499131
661499152
661499142
661499163
661499153
661499174
661499164
661499186
661499176
661499197
661499187
661499208
661499198
661499219
661499209
661499230
661499220
661499241
661499231
661499252
661499242
661499263
661499253
661499274
661499265
661499285
661499276
661499296
661499287
661499307
661499298
661499319
661499309
661499330
661499320
661499341
661499331
661499352
661499342
661499363
661499353
661499374
661499365
661499385
661499376
661499397
661499387
661499408
661499398
661499419
661499409
661499430
661499421
661499442
661499432
661499453
661499443
661499464
661499454
661499475
661499465
661499486
661499477
661499498
661499488
661499509
661499499
661499520
661499510
661499531
661499522
661499543
661499533
661499554
661499544
661499565
661499556
661499576
661499567
661499588
661499578
661499599
661499590
661499610
661499601
661499622
661499612
661499633
661499623
661499644
661499635
661499656
661499646
661499667
661499657
661499678
661499669
661499690
661499680
661499701
661499691
661499712
661499703
661499724
661499714
661499735
661499726
661499746
661499737
661499758
661499749
661499769
661499760
661499781
661499771
661499792
661499783
661499803
661499794
661499815
661499805
661499826
661499817
661499838
661499828
661499849
661499840
661499861
661499851
661499872
661499863
661499883
661499874
661499895
661499886
661499906
661499897
661499918
661499909
661499929
661499920
661499941
661499932
661499953
661499943
661499964
661499955
661499976
661499966
661499987
661499978
661499999
661499989
661500010
661500001
661500023
661500014
661500036
661500028
661500049
661500041
661500062
661500054
661500075
661500067
661500089
661500080
661500102
661500094
661500115
661500107
661500128
661500120
661500142
661500133
661500155
661500147
661500168
661500160
661500181
661500173
661500195
661500186
661500208
661500200
661500221
661500213
661500235
661500226
661500248
661500240
661500261
661500253
661500274
661500267
661500288
661500280
661500301
661500293
661500314
661500307
661500328
661500320
661500341
661500333
661500355
661500347
661500368
661500360
661500381
661500373
661500395
661500387
661500408
661500400
661500422
661500414
661500435
661500427
661500449
661500440
661500462
661500454
661500475
661500467
661500489
661500481
661500502
661500494
661500516
661500508
661500529
661500521
661500543
661500535
661500556
661500548
661500570
661500562
661500583
661500575
661500597
661500589
661500610
661500602
661500624
661500616
661500637
661500629
661500651
661500643
661500664
661500657
661500678
661500670
661500691
661500684
661500705
661500697
661500719
661500711
661500732
661500724
661500746
661500738
661500760
661500752
661500773
661500765
661500787
661500779
661500800
661500793
661500814
661500806
661500828
661500820
661500841
661500834
661500855
661500847
661500869
661500861
661500882
661500875
661500896
661500889
661500910
661500902
661500923
661500916
661500937
661500929
661500951
661500943
661500965
661500957
661500978
661500971
661500992
661500984
661501006
661500998
661501020
661501012
661501033
661501026
661501047
661501040
661501061
661501053
661501075
661501067
661501089
661501081
661501102
661501095
661501116
661501109
661501130
661501122
661501144
661501136
661501158
661501150
661501172
661501164
661501185
661501178
661501199
661501192
661501213
661501206
661501227
661501220
661501241
661501234
661501255
661501247
661501269
661501261
661501283
661501275
661501297
661501289
661501311
661501303
661501324
661501317
661501338
661501331
661501352
661501345
661501366
661501359
661501380
661501373
661501394
661501387
661501408
661501401
661501422
661501415
661501436
661501429
661501450
661501443
661501464
661501457
661501478
661501471
661501492
661501485
661501506
661501499
661501520
661501513
661501535
661501527
661501549
661501541
661501563
661501555
661501577
661501570
661501591
661501584
661501605
661501598
661501619
661501612
661501633
661501626
661501647
661501640
661501661
661501654
661501676
661501669
661501690
661501683
661501704
661501697
661501718
661501711
661501732
661501725
661501747
661501739
661501761
661501754
661501775
661501768
661501789
661501782
661501803
661501796
661501818
661501811
661501832
661501825
661501846
661501839
661501860
661501853
661501875
661501868
661501889
661501882
661501903
661501896
661501918
661501910
661501932
661501925
661501946
661501939
661501960
661501953
661501975
661501968
661501989
661501982
661502003
661501996
661502018
661502011
661502032
661502025
661502046
661502040
661502061
661502054
661502075
661502069
661502089
661502083
661502104
661502097
661502118
661502112
661502133
661502126
661502147
661502140
661502162
661502155
661502176
661502169
661502190
661502184
661502205
661502198
661502219
661502213
661502234
661502227
661502248
661502242
661502263
661502256
661502277
661502271
661502292
661502285
661502306
661502300
661502321
661502314
661502335
661502329
661502350
661502343
661502365
661502358
661502379
661502372
661502394
661502387
661502408
661502402
661502423
661502416
661502437
661502431
661502452
661502445
661502467
661502460
661502481
661502475
661502496
661502489
661502510
661502504
661502525
661502519
661502540
661502533
661502554
661502548
661502569
661502563
661502584
661502577
661502598
661502592
661502613
661502607
661502628
661502622
661502642
661502636
661502657
661502651
661502672
661502666
661502687
661502681
661502701
661502695
661502716
661502710
661502731
661502725
661502746
661502739
661502760
661502754
661502775
661502769
661502790
661502784
661502805
661502799
661502820
661502814
661502835
661502828
661502849
661502843
661502864
661502858
661502879
661502873
661502894
661502888
661502909
661502903
661502924
661502918
661502939
661502932
661502953
661502947
661502968
661502962
661502983
661502977
661502998
661502992
661503013
661503007
661503028
661503022
661503043
661503037
661503058
661503052
661503073
661503067
661503088
661503082
661503103
661503097
661503118
661503112
661503133
661503127
661503148
661503142
661503163
661503157
661503178
661503172
661503193
661503187
661503208
661503202
661503223
661503217
661503238
661503232
661503253
661503247
661503268
661503262
661503283
661503278
661503298
661503293
661503313
661503308
661503328
661503323
661503344
661503338
661503359
661503353
661503374
661503368
661503389
661503383
661503404
661503399
661503419
661503414
661503435
661503429
661503450
661503444
661503465
661503459
661503480
661503475
661503496
661503490
661503511
661503505
661503526
661503520
661503541
661503536
661503557
661503551
661503572
661503566
661503587
661503582
661503602
661503597
661503618
661503612
661503633
661503627
661503648
661503643
661503664
661503658
661503679
661503673
661503694
661503689
661503710
661503704
661503725
661503720
661503740
661503735
661503756
661503750
661503771
661503766
661503787
661503781
661503802
661503797
661503818
661503812
661503833
661503827
661503848
661503843
661503864
661503858
661503879
661503874
661503895
661503889
661503910
661503905
661503926
661503920
661503941
661503936
661503956
661503951
661503972
661503967
661503987
661503982
661504003
661503998
661504019
661504013
661504034
661504029
661504050
661504044
661504065
661504060
661504081
661504076
661504096
661504091
661504112
661504107
661504128
661504122
661504143
661504138
661504159
661504154
661504175
661504169
661504190
661504185
661504206
661504201
661504221
661504216
661504237
661504232
661504253
661504248
661504268
661504263
661504284
661504279
661504300
661504295
661504316
661504311
661504331
661504326
661504347
661504342
661504363
661504358
661504379
661504374
661504394
661504390
661504412
661504407
661504429
661504425
661504446
661504442
661504464
661504460
661504481
661504477
661504499
661504494
661504516
661504512
661504533
661504529
661504551
661504547
661504568
661504564
661504586
661504582
661504603
661504599
661504620
661504617
661504638
661504634
661504655
661504652
661504673
661504669
661504690
661504687
661504708
661504704
661504725
661504722
661504743
661504739
661504761
661504757
661504778
661504774
661504796
661504792
661504813
661504809
661504831
661504827
661504848
661504845
661504866
661504862
661504884
661504880
661504901
661504897
661504919
661504915
661504937
661504933
661504954
661504951
661504972
661504968
661504990
661504986
661505007
661505003
661505025
661505021
661505043
661505039
661505060
661505057
661505078
661505074
661505096
661505092
661505114
661505110
661505131
661505128
661505149
661505145
661505167
661505163
661505185
661505181
661505203
661505199
661505220
661505217
661505238
661505235
661505256
661505252
661505274
661505270
661505292
661505288
661505310
661505306
661505327
661505324
661505345
661505342
661505363
661505360
661505381
661505378
661505399
661505396
661505417
661505414
661505435
661505432
661505453
661505450
661505472
661505469
661505491
661505489
661505511
661505508
661505530
661505527
661505550
661505547
661505569
661505566
661505589
661505586
661505608
661505605
661505628
661505625
661505647
661505644
661505667
661505664
661505686
661505684
661505706
661505703
661505725
661505723
661505745
661505742
661505764
661505762
661505784
661505781
661505803
661505801
661505823
661505821
661505843
661505840
661505862
661505860
661505882
661505879
661505902
661505899
661505921
661505919
661505941
661505939
661505961
661505958
661505980
661505978
661506000
661505998
661506020
661506017
661506040
661506037
661506059
661506057
661506079
661506077
661506099
661506097
661506119
661506116
661506139
661506136
661506158
661506156
661506178
661506176
661506198
661506196
661506218
661506216
661506237
661506235
661506257
661506255
661506277
661506275
661506297
661506295
661506317
661506315
661506337
661506335
661506357
661506355
661506377
661506375
661506397
661506395
661506417
661506415
661506437
661506435
661506457
661506455
661506477
661506475
661506497
661506495
661506517
661506515
661506537
661506535
661506557
661506555
661506577
661506575
661506597
661506595
661506617
661506615
661506638
661506636
661506658
661506656
661506678
661506676
661506698
661506696
661506718
661506716
661506738
661506736
661506758
661506756
661506779
661506777
661506799
661506797
661506820
661506818
661506840
661506839
661506861
661506859
661506882
661506880
661506902
661506901
661506923
661506921
661506944
661506942
661506965
661506963
661506986
661506984
661507006
661507005
661507027
661507025
661507048
661507046
661507069
661507067
661507089
661507088
661507110
661507109
661507131
661507130
661507152
661507151
661507173
661507172
661507194
661507192
661507215
661507213
661507235
661507234
661507256
661507255
661507277
661507276
661507298
661507297
661507319
661507318
661507340
661507339
661507361
661507360
661507382
661507381
661507403
661507402
661507424
661507423
661507445
661507444
661507466
661507465
661507487
661507486
661507509
661507507
661507530
661507528
661507551
661507549
661507572
661507571
661507593
661507592
661507614
661507613
661507635
661507634
661507656
661507655
661507678
661507676
661507699
661507698
661507720
661507720
661507743
661507742
661507766
661507765
661507789
661507788
661507812
661507811
661507834
661507834
661507857
661507857
661507880
661507880
661507903
661507903
661507926
661507926
661507949
661507949
661507972
661507972
661507995
661507995
661508018
661508018
661508041
661508041
661508064
661508064
661508087
661508087
661508110
661508110
661508133
661508133
661508156
661508156
661508179
661508179
661508202
661508202
661508225
661508225
661508248
661508248
661508272
661508271
661508295
661508295
661508318
661508318
661508341
661508341
661508364
661508364
661508387
661508387
661508411
661508411
661508434
661508434
661508457
661508457
661508480
661508480
661508503
661508504
661508527
661508527
661508550
661508550
661508573
661508573
661508597
661508597
661508620
661508620
661508644
661508644
661508668
661508668
661508692
661508693
661508716
661508717
661508740
661508741
661508764
661508765
661508788
661508789
661508813
661508813
661508837
661508837
661508861
661508861
661508885
661508886
661508909
661508910
661508933
661508934
661508957
661508959
661508983
661508984
661509008
661509009
661509033
661509034
661509058
661509060
661509083
661509085
661509109
661509110
661509134
661509136
661509159
661509161
661509185
661509186
661509210
661509212
661509236
661509237
661509261
661509262
661509286
661509288
661509312
661509313
661509337
661509339
661509363
661509365
661509389
661509391
661509415
661509417
661509441
661509443
661509467
661509469
661509493
661509495
661509519
661509521
661509545
661509547
661509571
661509573
661509597
661509599
661509624
661509625
661509650
661509652
661509676
661509678
661509702
661509704
661509728
661509730
661509754
661509757
661509781
661509783
661509808
661509810
661509835
661509837
661509862
661509864
661509889
661509891
661509916
661509918
661509943
661509945
661509970
661509972
661509997
661509999
661510024
661510026
661510051
661510053
661510078
661510080
661510105
661510107
661510132
661510135
661510159
661510162
661510186
661510189
661510213
661510216
661510240
661510243
661510268
661510270
661510295
661510297
661510322
661510325
661510349
661510352
661510377
661510379
661510404
661510406
661510431
661510434
661510458
661510461
661510486
661510488
661510513
661510516
661510540
661510543
661510568
661510570
661510595
661510598
661510622
661510625
661510650
661510653
661510677
661510680
661510705
661510707
661510732
661510735
661510760
661510762
661510787
661510790
661510815
661510817
661510842
661510845
661510870
661510872
661510897
661510900
661510925
661510927
661510952
661510955
661510980
661510983
661511007
661511010
661511035
661511038
661511063
661511065
661511090
661511093
661511118
661511121
661511146
661511148
661511173
661511176
661511201
661511204
661511229
661511232
661511257
661511260
661511284
661511287
661511312
661511315
661511340
661511343
661511368
661511371
661511395
661511399
661511423
661511426
661511451
661511454
661511479
661511482
661511507
661511510
661511535
661511538
661511563
661511566
661511591
661511594
661511619
661511622
661511647
661511650
661511675
661511678
661511703
661511706
661511731
661511734
661511759
661511762
661511787
661511790
661511815
661511818
661511843
661511846
661511871
661511874
661511899
661511903
661511927
661511931
661511956
661511959
661511984
661511987
661512012
661512015
661512040
661512043
661512068
661512072
661512098
661512102
661512128
661512132
661512158
661512162
661512188
661512192
661512218
661512222
661512248
661512252
661512278
661512282
661512308
661512312
661512338
661512342
661512368
661512372
661512398
661512402
661512428
661512432
661512458
661512462
661512488
661512492
661512518
661512522
661512548
661512552
661512578
661512582
661512608
661512612
661512638
661512643
661512668
661512673
661512698
661512703
661512729
661512733
661512759
661512763
661512789
661512793
661512819
661512824
661512850
661512854
661512880
661512884
661512910
661512915
661512940
661512945
661512971
661512975
661513001
661513006
661513032
661513036
661513062
661513067
661513092
661513097
661513123
661513128
661513153
661513158
661513184
661513188
661513214
661513219
661513245
661513249
661513275
661513280
661513306
661513310
661513336
661513341
661513367
661513371
661513397
661513402
661513428
661513433
661513459
661513463
661513489
661513494
661513520
661513525
661513551
661513555
661513581
661513586
661513612
661513617
661513643
661513648
661513674
661513678
661513704
661513709
661513735
661513740
661513766
661513771
661513797
661513802
661513828
661513834
661513860
661513866
661513892
661513897
661513923
661513929
661513955
661513961
661513987
661513993
661514019
661514024
661514051
661514056
661514083
661514088
661514114
661514120
661514146
661514152
661514178
661514184
661514210
661514216
661514242
661514248
661514274
661514280
661514306
661514312
661514338
661514344
661514370
661514376
661514402
661514408
661514434
661514440
661514466
661514472
661514498
661514504
661514530
661514536
661514563
661514568
661514595
661514600
661514627
661514633
661514659
661514665
661514691
661514697
661514723
661514729
661514756
661514762
661514788
661514794
661514820
661514826
661514853
661514858
661514885
661514891
661514917
661514923
661514950
661514956
661514982
661514988
661515014
661515020
661515047
661515053
661515079
661515085
661515112
661515118
661515144
661515150
661515177
661515183
661515209
661515215
661515242
661515248
661515274
661515280
661515307
661515313
661515339
661515345
661515372
661515378
661515404
661515411
661515437
661515443
661515470
661515476
661515502
661515509
661515535
661515541
661515568
661515574
661515601
661515607
661515633
661515640
661515666
661515672
661515699
661515705
661515732
661515738
661515764
661515771
661515797
661515804
661515830
661515837
661515863
661515870
661515896
661515903
661515929
661515936
661515962
661515968
661515995
661516001
661516028
661516034
661516061
661516067
661516094
661516100
661516127
661516133
661516160
661516167
661516193
661516200
661516226
661516233
661516259
661516266
661516293
661516299
661516326
661516332
661516359
661516365
661516392
661516399
661516425
661516432
661516459
661516465
661516492
661516498
661516525
661516532
661516558
661516565
661516592
661516598
661516625
661516632
661516658
661516665
661516692
661516699
661516725
661516732
661516758
661516765
661516792
661516799
661516825
661516832
661516859
661516866
661516892
661516899
661516926
661516933
661516959
661516966
661516993
661517000
661517026
661517033
661517060
661517067
661517094
661517101
661517127
661517134
661517161
661517168
661517194
661517202
661517228
661517236
661517262
661517269
661517296
661517303
661517329
661517337
661517363
661517370
661517397
661517404
661517431
661517438
661517465
661517472
661517498
661517506
661517532
661517539
661517566
661517573
661517600
661517607
661517634
661517641
661517668
661517675
661517702
661517709
661517736
661517743
661517770
661517777
661517804
661517811
661517838
661517845
661517872
661517879
661517906
661517913
661517940
661517948
661517974
661517982
661518008
661518016
661518043
661518050
661518077
661518084
661518111
661518118
661518145
661518153
661518179
661518187
661518214
661518221
661518248
661518255
661518282
661518290
661518317
661518324
661518351
661518358
661518385
661518393
661518420
661518427
661518454
661518462
661518488
661518496
661518523
661518531
661518557
661518565
661518592
661518600
661518626
661518634
661518661
661518669
661518695
661518703
661518730
661518738
661518764
661518772
661518799
661518807
661518834
661518841
661518868
661518876
661518903
661518911
661518938
661518945
661518972
661518980
661519007
661519015
661519042
661519050
661519077
661519084
661519111
661519119
661519146
661519154
661519181
661519189
661519216
661519224
661519251
661519259
661519286
661519294
661519320
661519328
661519355
661519363
661519390
661519398
661519425
661519433
661519460
661519468
661519495
661519503
661519530
661519538
661519565
661519573
661519600
661519608
661519635
661519644
661519670
661519679
661519706
661519714
661519741
661519749
661519776
661519784
661519811
661519819
661519846
661519855
661519882
661519890
661519917
661519925
661519952
661519960
661519987
661519996
661520023
661520031
661520058
661520066
661520093
661520102
661520129
661520137
661520164
661520173
661520199
661520208
661520235
661520243
661520270
661520279
661520306
661520314
661520341
661520350
661520377
661520385
661520412
661520421
661520448
661520456
661520483
661520492
661520519
661520528
661520555
661520563
661520590
661520599
661520626
661520635
661520662
661520670
661520697
661520706
661520733
661520742
661520769
661520777
661520805
661520813
661520840
661520849
661520876
661520885
661520912
661520921
661520948
661520956
661520984
661520992
661521020
661521028
661521055
661521064
661521091
661521100
661521127
661521136
661521163
661521172
661521199
661521208
661521235
661521244
661521271
661521280
661521307
661521316
661521343
661521352
661521380
661521389
661521416
661521425
661521452
661521461
661521488
661521497
661521524
661521533
661521560
661521569
661521596
661521606
661521633
661521642
661521669
661521678
661521705
661521715
661521741
661521751
661521778
661521787
661521814
661521824
661521851
661521860
661521887
661521896
661521923
661521933
661521960
661521969
661521996
661522006
661522033
661522042
661522069
661522079
661522106
661522115
661522142
661522152
661522179
661522188
661522216
661522225
661522252
661522262
661522289
661522298
661522325
661522335
661522362
661522372
661522399
661522408
661522436
661522445
661522472
661522482
661522509
661522519
661522546
661522555
661522583
661522592
661522619
661522629
661522656
661522666
661522693
661522703
661522730
661522740
661522768
661522778
661522805
661522815
661522843
661522853
661522880
661522890
661522918
661522928
661522956
661522965
661522993
661523003
661523031
661523041
661523068
661523078
661523106
661523116
661523143
661523154
661523181
661523191
661523219
661523229
661523257
661523267
661523294
661523305
661523332
661523343
661523370
661523380
661523408
661523418
661523446
661523456
661523483
661523494
661523521
661523532
661523559
661523569
661523597
661523607
661523635
661523645
661523673
661523683
661523711
661523721
661523749
661523759
661523787
661523798
661523825
661523836
661523863
661523874
661523901
661523912
661523939
661523950
661523978
661523988
661524016
661524026
661524054
661524064
661524092
661524103
661524130
661524141
661524169
661524179
661524207
661524217
661524245
661524256
661524283
661524294
661524322
661524332
661524360
661524371
661524399
661524409
661524437
661524448
661524475
661524486
661524514
661524525
661524552
661524563
661524591
661524602
661524629
661524640
661524668
661524679
661524707
661524717
661524745
661524756
661524784
661524795
661524822
661524833
661524861
661524872
661524900
661524911
661524938
661524949
661524977
661524988
661525016
661525027
661525055
661525066
661525093
661525104
661525132
661525143
661525171
661525182
661525210
661525221
661525249
661525260
661525288
661525299
661525327
661525338
661525366
661525377
661525405
661525416
661525444
661525455
661525483
661525494
661525522
661525533
661525561
661525572
661525600
661525611
661525639
661525650
661525678
661525689
661525717
661525729
661525756
661525768
661525796
661525807
661525835
661525846
661525874
661525885
661525913
661525925
661525953
661525964
661525992
661526003
661526031
661526043
661526071
661526082
661526110
661526121
661526150
661526161
661526189
661526200
661526228
661526240
661526268
661526279
661526307
661526319
661526347
661526358
661526386
661526398
661526426
661526437
661526465
661526477
661526505
661526517
661526545
661526557
661526584
661526596
661526624
661526636
661526664
661526676
661526703
661526715
661526743
661526755
661526783
661526795
661526823
661526835
661526863
661526874
661526902
661526914
661526942
661526954
661526982
661526994
661527022
661527034
661527062
661527074
661527102
661527114
661527142
661527154
661527182
661527194
661527222
661527234
661527262
661527274
661527302
661527314
661527342
661527354
661527382
661527394
661527423
661527435
661527463
661527475
661527503
661527515
661527543
661527555
661527583
661527595
661527624
661527636
661527664
661527676
661527705
661527717
661527746
661527758
661527787
661527799
661527828
661527840
661527869
661527881
661527910
661527922
661527951
661527963
661527992
661528004
661528033
661528045
661528074
661528086
661528115
661528127
661528156
661528168
661528197
661528210
661528238
661528251
661528279
661528292
661528320
661528333
661528362
661528375
661528403
661528416
661528444
661528457
661528486
661528498
661528527
661528540
661528568
661528581
661528610
661528622
661528651
661528664
661528693
661528705
661528734
661528747
661528775
661528788
661528817
661528830
661528858
661528871
661528900
661528913
661528941
661528955
661528983
661528996
661529025
661529038
661529066
661529079
661529108
661529121
661529150
661529163
661529191
661529204
661529233
661529246
661529275
661529288
661529317
661529330
661529358
661529372
661529400
661529413
661529442
661529455
661529484
661529497
661529526
661529539
661529568
661529581
661529610
661529623
661529652
661529665
661529694
661529707
661529736
661529749
661529778
661529791
661529820
661529833
661529862
661529875
661529904
661529918
661529946
661529960
661529988
661530002
661530031
661530044
661530073
661530086
661530115
661530129
661530157
661530171
661530200
661530213
661530242
661530256
661530284
661530298
661530327
661530340
661530369
661530383
661530412
661530425
661530454
661530467
661530496
661530510
661530539
661530552
661530581
661530595
661530624
661530638
661530666
661530680
661530709
661530723
661530752
661530765
661530794
661530808
661530837
661530851
661530880
661530893
661530922
661530936
661530965
661530979
661531008
661531022
661531051
661531064
661531093
661531108
661531138
661531154
661531184
661531200
661531230
661531246
661531277
661531292
661531323
661531338
661531369
661531384
661531415
661531431
661531461
661531477
661531508
661531523
661531554
661531570
661531600
661531616
661531647
661531662
661531693
661531709
661531739
661531755
661531786
661531802
661531832
661531848
661531879
661531895
661531925
661531941
661531972
661531988
661532018
661532034
661532065
661532081
661532112
661532127
661532158
661532174
661532205
661532221
661532252
661532268
661532298
661532314
661532345
661532361
661532392
661532408
661532439
661532455
661532486
661532502
661532533
661532549
661532581
661532597
661532628
661532645
661532676
661532692
661532723
661532740
661532771
661532788
661532819
661532835
661532866
661532883
661532914
661532931
661532962
661532978
661533010
661533026
661533057
661533074
661533105
661533122
661533153
661533169
661533201
661533218
661533250
661533267
661533299
661533316
661533348
661533365
661533397
661533414
661533446
661533463
661533495
661533512
661533544
661533561
661533593
661533610
661533642
661533660
661533692
661533709
661533741
661533758
661533790
661533807
661533839
661533857
661533889
661533906
661533938
661533955
661533987
661534005
661534038
661534056
661534088
661534106
661534138
661534156
661534189
661534207
661534239
661534257
661534290
661534308
661534340
661534358
661534391
661534409
661534442
661534460
661534492
661534510
661534543
661534561
661534594
661534612
661534644
661534662
661534695
661534713
661534746
661534764
661534797
661534815
661534848
661534866
661534898
661534917
661534949
661534968
661535000
661535019
661535051
661535070
661535102
661535121
661535153
661535172
661535204
661535223
661535256
661535274
661535307
661535325
661535358
661535376
661535409
661535427
661535460
661535479
661535511
661535530
661535563
661535581
661535614
661535633
661535665
661535684
661535717
661535735
661535768
661535787
661535820
661535838
661535871
661535889
661535922
661535941
661535974
661535993
661536027
661536047
661536080
661536100
661536134
661536153
661536187
661536207
661536240
661536260
661536294
661536313
661536347
661536367
661536401
661536420
661536454
661536474
661536508
661536527
661536561
661536581
661536615
661536635
661536668
661536688
661536722
661536742
661536776
661536796
661536830
661536849
661536883
661536903
661536937
661536957
661536991
661537011
661537045
661537065
661537099
661537119
661537152
661537173
661537206
661537227
661537260
661537280
661537314
661537334
661537368
661537388
661537422
661537443
661537477
661537497
661537531
661537552
661537587
661537607
661537642
661537663
661537698
661537719
661537754
661537775
661537810
661537831
661537866
661537887
661537923
661537944
661537979
661538000
661538035
661538056
661538091
661538112
661538147
661538168
661538203
661538224
661538260
661538281
661538316
661538337
661538372
661538393
661538428
661538451
661538488
661538511
661538547
661538570
661538606
661538629
661538666
661538689
661538725
661538748
661538785
661538808
661538844
661538867
661538904
661538927
661538964
661538987
661539023
661539046
661539083
661539106
661539143
661539166
661539202
661539225
661539262
661539285
661539322
661539345
661539382
661539405
661539442
661539465
661539501
661539525
661539561
661539585
661539621
661539645
661539681
661539705
661539742
661539765
661539802
661539825
661539862
661539885
661539922
661539945
661539982
661540005
661540042
661540066
661540103
661540127
661540164
661540189
661540226
661540250
661540288
661540312
661540350
661540374
661540412
661540436
661540474
661540498
661540536
661540561
661540598
661540623
661540660
661540685
661540723
661540747
661540785
661540809
661540847
661540871
661540909
661540934
661540972
661540996
661541034
661541058
661541096
661541121
661541159
661541183
661541221
661541246
661541283
661541308
661541346
661541371
661541409
661541433
661541471
661541496
661541534
661541559
661541597
661541621
661541659
661541684
661541722
661541747
661541785
661541809
661541848
661541872
661541910
661541935
661541973
661541998
661542036
661542061
661542099
661542124
661542162
661542187
661542225
661542250
661542288
661542313
661542351
661542377
661542414
661542440
661542478
661542503
661542541
661542566
661542604
661542629
661542668
661542693
661542731
661542756
661542794
661542819
661542858
661542883
661542921
661542946
661542985
661543010
661543048
661543073
661543112
661543137
661543175
661543201
661543239
661543264
661543303
661543328
661543366
661543392
661543430
661543455
661543494
661543519
661543558
661543583
661543621
661543648
661543688
661543715
661543754
661543781
661543821
661543848
661543888
661543914
661543954
661543981
661544021
661544048
661544088
661544115
661544154
661544181
661544221
661544248
661544288
661544315
661544355
661544382
661544422
661544449
661544489
661544516
661544556
661544583
661544623
661544650
661544690
661544717
661544757
661544784
661544824
661544852
661544891
661544919
661544959
661544986
661545026
661545054
661545093
661545121
661545161
661545188
661545228
661545256
661545296
661545323
661545363
661545391
661545431
661545458
661545498
661545526
661545566
661545594
661545635
661545664
661545705
661545733
661545775
661545803
661545844
661545873
661545914
661545942
661545983
661546012
661546053
661546082
661546123
661546152
661546193
661546221
661546263
661546291
661546332
661546361
661546402
661546431
661546472
661546501
661546542
661546571
661546612
661546641
661546682
661546711
661546753
661546781
661546823
661546852
661546893
661546922
661546963
661546992
661547033
661547062
661547104
661547133
661547174
661547203
661547245
661547274
661547315
661547344
661547385
661547415
661547456
661547485
661547527
661547556
661547597
661547626
661547668
661547697
661547738
661547768
661547809
661547839
661547880
661547909
661547951
661547980
661548022
661548051
661548092
661548122
661548163
661548193
661548234
661548264
661548306
661548335
661548377
661548406
661548448
661548477
661548519
661548548
661548590
661548620
661548661
661548691
661548733
661548762
661548804
661548834
661548875
661548905
661548947
661548976
661549018
661549048
661549090
661549119
661549161
661549191
661549233
661549262
661549304
661549334
661549376
661549406
661549448
661549478
661549519
661549549
661549591
661549621
661549663
661549693
661549735
661549765
661549807
661549837
661549879
661549909
661549951
661549981
661550023
661550053
661550095
661550125
661550167
661550197
661550239
661550269
661550311
661550341
661550383
661550414
661550456
661550486
661550528
661550558
661550600
661550631
661550673
661550703
661550745
661550776
661550818
661550848
661550890
661550921
661550963
661550993
661551035
661551066
661551108
661551139
661551181
661551211
661551253
661551284
661551326
661551357
661551399
661551430
661551472
661551503
661551545
661551576
661551618
661551649
661551691
661551722
661551764
661551795
661551837
661551868
661551910
661551941
661551983
661552014
661552057
661552087
661552130
661552161
661552203
661552234
661552276
661552307
661552350
661552381
661552423
661552454
661552497
661552528
661552570
661552601
661552644
661552675
661552717
661552748
661552791
661552822
661552865
661552896
661552938
661552969
661553012
661553043
661553086
661553117
661553160
661553191
661553234
661553265
661553308
661553339
661553382
661553413
661553456
661553487
661553530
661553561
661553604
661553635
661553678
661553709
661553752
661553783
661553826
661553858
661553900
661553932
661553975
661554006
661554049
661554081
661554123
661554155
661554198
661554230
661554273
661554304
661554347
661554379
661554422
661554454
661554496
661554528
661554571
661554603
661554646
661554678
661554721
661554752
661554796
661554827
661554871
661554902
661554945
661554977
661555020
661555052
661555095
661555127
661555170
661555203
661555246
661555278
661555321
661555353
661555396
661555428
661555471
661555503
661555546
661555579
661555622
661555654
661555697
661555729
661555772
661555805
661555848
661555880
661555923
661555956
661555999
661556031
661556075
661556107
661556150
661556183
661556226
661556258
661556301
661556334
661556377
661556410
661556453
661556486
661556529
661556561
661556605
661556637
661556681
661556713
661556757
661556789
661556833
661556865
661556909
661556941
661556985
661557018
661557061
661557094
661557137
661557170
661557213
661557246
661557290
661557323
661557366
661557399
661557442
661557475
661557519
661557552
661557595
661557628
661557672
661557705
661557749
661557782
661557825
661557858
661557902
661557935
661557979
661558012
661558056
661558089
661558132
661558165
661558209
661558242
661558286
661558319
661558363
661558396
661558440
661558474
661558517
661558551
661558594
661558628
661558672
661558705
661558749
661558782
661558826
661558859
661558903
661558937
661558981
661559014
661559058
661559091
661559135
661559169
661559213
661559246
661559290
661559324
661559368
661559401
661559445
661559480
661559525
661559560
661559605
661559640
661559685
661559720
661559765
661559800
661559845
661559880
661559925
661559960
661560006
661560040
661560086
661560121
661560166
661560201
661560246
661560281
661560327
661560362
661560407
661560442
661560487
661560523
661560568
661560603
661560648
661560684
661560729
661560764
661560810
661560845
661560890
661560926
661560971
661561006
661561052
661561087
661561133
661561168
661561214
661561249
661561295
661561330
661561376
661561411
661561457
661561492
661561538
661561573
661561619
661561654
661561700
661561736
661561781
661561817
661561863
661561898
661561944
661561980
661562025
661562061
661562107
661562142
661562188
661562224
661562270
661562305
661562351
661562387
661562433
661562468
661562514
661562550
661562596
661562632
661562678
661562714
661562760
661562796
661562842
661562877
661562923
661562959
661563005
661563041
661563087
661563124
661563171
661563208
661563255
661563292
661563339
661563376
661563423
661563459
661563506
661563543
661563590
661563627
661563674
661563711
661563758
661563795
661563843
661563880
661563927
661563964
661564011
661564048
661564095
661564132
661564179
661564217
661564264
661564301
661564348
661564386
661564433
661564470
661564517
661564555
661564602
661564639
661564686
661564724
661564771
661564809
661564856
661564893
661564941
661564978
661565026
661565063
661565110
661565148
661565195
661565233
661565280
661565318
661565365
661565403
661565450
661565488
661565536
661565573
661565621
661565659
661565706
661565744
661565791
661565829
661565877
661565915
661565962
661566000
661566047
661566085
661566133
661566171
661566218
661566256
661566304
661566342
661566390
661566428
661566475
661566513
661566561
661566599
661566647
661566685
661566733
661566771
661566819
661566857
661566905
661566944
661566993
661567032
661567081
661567120
661567169
661567208
661567257
661567296
661567345
661567384
661567433
661567473
661567521
661567561
661567610
661567649
661567698
661567738
661567787
661567826
661567875
661567915
661567964
661568003
661568052
661568092
661568141
661568181
661568230
661568269
661568318
661568358
661568407
661568447
661568496
661568536
661568585
661568625
661568674
661568714
661568763
661568803
661568853
661568892
661568942
661568982
661569031
661569071
661569120
661569160
661569210
661569250
661569299
661569339
661569388
661569429
661569478
661569518
661569568
661569608
661569657
661569697
661569747
661569787
661569836
661569877
661569926
661569966
661570016
661570056
661570106
661570146
661570196
661570236
661570286
661570326
661570376
661570418
661570469
661570511
661570562
661570604
661570655
661570697
661570748
661570790
661570841
661570883
661570934
661570976
661571028
661571070
661571121
661571163
661571214
661571256
661571308
661571350
661571401
661571443
661571495
661571537
661571588
661571631
661571682
661571724
661571776
661571818
661571869
661571912
661571963
661572006
661572057
661572100
661572151
661572193
661572245
661572287
661572339
661572381
661572433
661572476
661572527
661572570
661572621
661572664
661572716
661572758
661572810
661572853
661572904
661572947
661572999
661573042
661573093
661573136
661573188
661573231
661573282
661573325
661573377
661573420
661573472
661573515
661573566
661573609
661573661
661573704
661573756
661573799
661573851
661573894
661573946
661573989
661574041
661574084
661574136
661574179
661574231
661574274
661574326
661574369
661574422
661574465
661574517
661574560
661574612
661574656
661574709
661574753
661574806
661574851
661574904
661574948
661575001
661575045
661575098
661575142
661575195
661575239
661575293
661575337
661575390
661575434
661575487
661575532
661575585
661575629
661575682
661575727
661575780
661575825
661575878
661575922
661575975
661576020
661576073
661576118
661576171
661576216
661576269
661576314
661576367
661576412
661576465
661576510
661576564
661576608
661576662
661576706
661576760
661576805
661576858
661576903
661576957
661577002
661577055
661577100
661577154
661577199
661577252
661577297
661577351
661577396
661577449
661577495
661577548
661577593
661577647
661577692
661577746
661577791
661577845
661577890
661577944
661577989
661578042
661578088
661578142
661578188
661578243
661578290
661578346
661578392
661578448
661578495
661578550
661578597
661578653
661578700
661578755
661578802
661578858
661578905
661578960
661579007
661579063
661579110
661579166
661579213
661579269
661579316
661579371
661579419
661579474
661579522
661579577
661579624
661579680
661579728
661579785
661579833
661579890
661579938
661579995
661580043
661580100
661580148
661580205
661580254
661580310
661580359
661580415
661580464
661580521
661580569
661580626
661580675
661580732
661580780
661580837
661580886
661580943
661580991
661581048
661581097
661581154
661581202
661581260
661581308
661581365
661581415
661581473
661581523
661581581
661581630
661581688
661581738
661581796
661581846
661581904
661581954
661582012
661582062
661582120
661582170
661582228
661582278
661582336
661582386
661582444
661582494
661582552
661582602
661582661
661582711
661582769
661582819
661582877
661582929
661582988
661583040
661583099
661583151
661583210
661583262
661583322
661583373
661583433
661583484
661583544
661583596
661583655
661583707
661583767
661583818
661583878
661583930
661583990
661584042
661584101
661584153
661584213
661584265
661584325
661584377
661584436
661584488
661584548
661584601
661584663
661584716
661584777
661584830
661584891
661584945
661585006
661585059
661585120
661585174
661585235
661585288
661585350
661585403
661585464
661585518
661585579
661585633
661585694
661585748
661585809
661585863
661585924
661585978
661586039
661586093
661586154
661586208
661586270
661586323
661586385
661586439
661586500
661586554
661586616
661586670
661586731
661586785
661586847
661586901
661586962
661587016
661587078
661587132
661587194
661587248
661587310
661587364
661587426
661587480
661587542
661587596
661587658
661587712
661587774
661587828
661587890
661587944
661588006
661588060
661588122
661588177
661588239
661588293
661588355
661588409
661588472
661588526
661588588
661588643
661588705
661588759
661588822
661588876
661588938
661588993
661589055
661589110
661589172
661589228
661589292
661589348
661589411
661589467
661589531
661589587
661589651
661589707
661589771
661589828
661589892
661589949
661590013
661590071
661590135
661590192
661590257
661590314
661590378
661590435
661590500
661590557
661590622
661590679
661590744
661590801
661590866
661590923
661590988
661591045
661591110
661591167
661591232
661591290
661591354
661591412
661591477
661591534
661591599
661591657
661591722
661591779
661591844
661591902
661591967
661592025
661592090
661592147
661592212
661592270
661592335
661592393
661592458
661592516
661592581
661592639
661592704
661592763
661592830
661592889
661592956
661593016
661593082
661593142
661593209
661593268
661593335
661593394
661593461
661593521
661593588
661593647
661593714
661593774
661593841
661593900
661593967
661594027
661594094
661594154
661594221
661594280
661594348
661594407
661594474
661594536
661594605
661594667
661594736
661594799
661594868
661594930
661595000
661595062
661595131
661595194
661595263
661595326
661595395
661595458
661595527
661595590
661595659
661595722
661595792
661595854
661595924
661595986
661596056
661596119
661596189
661596251
661596321
661596384
661596454
661596516
661596586
661596649
661596719
661596783
661596855
661596919
661596991
661597055
661597127
661597191
661597263
661597327
661597399
661597464
661597535
661597600
661597671
661597736
661597808
661597873
661597944
661598009
661598081
661598146
661598217
661598282
661598354
661598420
661598494
661598560
661598633
661598699
661598773
661598839
661598912
661598979
661599052
661599118
661599192
661599258
661599332
661599398
661599472
661599538
661599612
661599678
661599752
661599819
661599892
661599959
661600033
661600099
661600173
661600240
661600313
661600380
661600454
661600521
661600594
661600664
661600740
661600812
661600890
661600961
661601039
661601110
661601189
661601260
661601338
661601410
661601488
661601559
661601638
661601709
661601788
661601859
661601938
661602009
661602088
661602159
661602238
661602310
661602388
661602460
661602539
661602610
661602689
661602761
661602839
661602911
661602990
661603062
661603141
661603213
661603291
661603364
661603442
661603515
661603593
661603666
661603744
661603817
661603896
661603968
661604047
661604119
661604198
661604271
661604350
661604422
661604501
661604574
661604653
661604725
661604804
661604877
661604956
661605029
661605108
661605181
661605260
661605333
661605412
661605485
661605564
661605637
661605716
661605789
661605869
661605941
661606021
661606094
661606173
661606246
661606326
661606399
661606479
661606552
661606631
661606704
661606784
661606857
661606937
661607010
661607090
661607163
661607243
661607316
661607396
661607470
661607549
661607623
661607703
661607776
661607856
661607930
661608010
661608083
661608163
661608237
661608317
661608391
661608471
661608545
661608625
661608698
661608779
661608852
661608933
661609007
661609087
661609161
661609241
661609315
661609396
661609470
661609550
661609624
661609704
661609779
661609859
661609933
661610014
661610088
661610169
661610243
661610324
661610398
661610479
661610553
661610634
661610708
661610789
661610863
661610944
661611019
661611100
661611174
661611255
661611330
661611411
661611485
661611566
661611641
661611722
661611797
661611878
661611952
661612034
661612108
661612190
661612264
661612346
661612421
661612502
661612577
661612658
661612733
661612815
661612890
661612971
661613046
661613128
661613203
661613284
661613359
661613441
661613518
661613601
661613678
661613762
661613840
661613924
661614002
661614086
661614164
661614248
661614326
661614410
661614488
661614572
661614650
661614734
661614812
661614897
661614975
661615059
661615137
661615222
661615300
661615384
661615462
661615547
661615625
661615710
661615788
661615873
661615951
661616036
661616114
661616199
661616277
661616362
661616441
661616525
661616604
661616688
661616767
661616852
661616931
661617015
661617094
661617179
661617258
661617343
661617422
661617507
661617586
661617671
661617750
661617835
661617914
661617999
661618078
661618163
661618242
661618328
661618407
661618492
661618571
661618657
661618736
661618821
661618900
661618986
661619065
661619151
661619230
661619315
661619395
661619480
661619560
661619646
661619725
661619811
661619890
661619976
661620056
661620141
661620221
661620307
661620387
661620472
661620552
661620638
661620718
661620804
661620884
661620970
661621050
661621136
661621216
661621302
661621382
661621468
661621548
661621634
661621714
661621800
661621881
661621967
661622047
661622133
661622214
661622300
661622380
661622467
661622547
661622634
661622714
661622800
661622881
661622967
661623048
661623134
661623215
661623302
661623383
661623469
661623550
661623636
661623717
661623804
661623885
661623971
661624053
661624139
661624220
661624307
661624388
661624475
661624556
661624643
661624724
661624811
661624892
661624979
661625061
661625148
661625229
661625316
661625397
661625484
661625566
661625653
661625735
661625822
661625903
661625990
661626072
661626159
661626241
661626328
661626410
661626497
661626579
661626666
661626748
661626836
661626918
661627005
661627087
661627174
661627256
661627344
661627426
661627514
661627596
661627683
661627766
661627853
661627935
661628023
661628105
661628193
661628275
661628363
661628446
661628533
661628616
661628704
661628786
661628874
661628957
661629045
661629127
661629215
661629298
661629386
661629469
661629557
661629640
661629728
661629810
661629899
661629982
661630070
661630153
661630241
661630324
661630412
661630496
661630584
661630667
661630755
661630839
661630927
661631010
661631099
661631182
661631271
661631354
661631443
661631526
661631615
661631698
661631787
661631871
661631959
661632043
661632132
661632215
661632304
661632388
661632477
661632560
661632649
661632733
661632822
661632906
661632995
661633079
661633168
661633252
661633341
661633425
661633514
661633598
661633688
661633772
661633861
661633945
661634035
661634119
661634208
661634292
661634382
661634466
661634556
661634640
661634729
661634814
661634903
661634988
661635078
661635162
661635252
661635336
661635426
661635511
661635600
661635685
661635775
661635860
661635950
661636034
661636124
661636209
661636299
661636384
661636474
661636559
661636649
661636734
661636824
661636909
661636999
661637084
661637174
661637260
661637350
661637435
661637525
661637611
661637701
661637786
661637877
661637962
661638052
661638138
661638228
661638314
661638404
661638490
661638580
661638666
661638757
661638843
661638933
661639019
661639110
661639196
661639286
661639372
661639463
661639549
661639640
661639726
661639817
661639903
661639994
661640080
661640171
661640257
661640348
661640434
661640526
661640612
661640703
661640789
661640881
661640967
661641058
661641145
661641236
661641323
661641414
661641501
661641592
661641679
661641770
661641857
661641948
661642035
661642127
661642214
661642305
661642392
661642484
661642571
661642662
661642749
661642841
661642928
661643020
661643107
661643199
661643287
661643380
661643469
661643562
661643650
661643743
661643832
661643925
661644013
661644106
661644195
661644288
661644377
661644470
661644558
661644652
661644740
661644834
661644923
661645016
661645105
661645198
661645287
661645381
661645470
661645563
661645652
661645746
661645835
661645928
661646018
661646111
661646201
661646294
661646384
661646477
661646567
661646660
661646750
661646844
661646933
661647027
661647117
661647211
661647300
661647394
661647484
661647578
661647668
661647762
661647851
661647946
661648035
661648130
661648219
661648314
661648404
661648498
661648588
661648682
661648772
661648867
661648957
661649051
661649141
661649236
661649326
661649420
661649511
661649605
661649696
661649790
661649881
661649976
661650066
661650161
661650251
661650346
661650437
661650532
661650622
661650717
661650808
661650903
661650994
661651089
661651179
661651275
661651365
661651461
661651553
661651650
661651742
661651839
661651931
661652028
661652121
661652217
661652310
661652407
661652499
661652596
661652689
661652786
661652879
661652976
661653068
661653165
661653258
661653355
661653448
661653545
661653639
661653736
661653829
661653926
661654019
661654116
661654210
661654307
661654402
661654500
661654596
661654695
661654791
661654891
661654986
661655086
661655182
661655281
661655377
661655477
661655572
661655672
661655768
661655868
661655964
661656064
661656160
661656260
661656356
661656456
661656552
661656652
661656748
661656848
661656945
661657045
661657141
661657241
661657338
661657438
661657534
661657635
661657731
661657831
661657928
661658028
661658125
661658225
661658322
661658423
661658519
661658620
661658717
661658817
661658914
661659015
661659112
661659213
661659310
661659410
661659507
661659608
661659705
661659806
661659903
661660004
661660102
661660203
661660300
661660401
661660498
661660600
661660697
661660798
661660895
661660997
661661094
661661196
661661293
661661394
661661492
661661593
661661691
661661793
661661890
661661992
661662090
661662191
661662289
661662391
661662489
661662590
661662689
661662790
661662888
661662990
661663088
661663190
661663291
661663396
661663497
661663602
661663703
661663808
661663910
661664015
661664117
661664222
661664323
661664429
661664530
661664636
661664737
661664843
661664944
661665050
661665152
661665257
661665359
661665465
661665567
661665672
661665774
661665880
661665982
661666088
661666190
661666296
661666398
661666504
661666606
661666712
661666815
661666921
661667023
661667129
661667232
661667338
661667440
661667547
661667649
661667756
661667858
661667965
661668068
661668175
661668281
661668391
661668497
661668607
661668713
661668823
661668929
661669039
661669145
661669255
661669361
661669471
661669578
661669688
661669794
661669904
661670011
661670121
661670228
661670338
661670445
661670555
661670662
661670772
661670879
661670989
661671096
661671207
661671314
661671424
661671531
661671642
661671749
661671860
661671967
661672078
661672185
661672296
661672403
661672514
661672621
661672732
661672840
661672951
661673059
661673170
661673277
661673388
661673496
661673607
661673715
661673826
661673934
661674046
661674153
661674265
661674373
661674484
661674592
661674704
661674812
661674923
661675032
661675143
661675252
661675363
661675472
661675583
661675692
661675803
661675912
661676024
661676132
661676244
661676353
661676465
661676573
661676685
661676794
661676906
661677015
661677127
661677236
661677348
661677457
661677570
661677680
661677794
661677906
661678021
661678133
661678248
661678359
661678474
661678586
661678701
661678813
661678928
661679040
661679155
661679267
661679383
661679495
661679610
661679722
661679838
661679950
661680065
661680178
661680293
661680405
661680521
661680633
661680749
661680862
661680977
661681090
661681206
661681318
661681434
661681548
661681665
661681780
661681897
661682011
661682128
661682243
661682360
661682474
661682592
661682706
661682824
661682938
661683056
661683171
661683288
661683403
661683521
661683635
661683753
661683868
661683986
661684101
661684219
661684333
661684451
661684566
661684684
661684800
661684918
661685033
661685151
661685266
661685384
661685500
661685618
661685733
661685852
661685967
661686086
661686201
661686320
661686437
661686558
661686677
661686798
661686917
661687039
661687157
661687279
661687398
661687520
661687639
661687761
661687880
661688002
661688122
661688246
661688367
661688490
661688611
661688735
661688855
661688979
661689100
661689224
661689345
661689469
661689589
661689713
661689834
661689959
661690081
661690206
661690328
661690454
661690576
661690701
661690824
661690949
661691072
661691197
661691320
661691446
661691569
661691694
661691817
661691943
661692066
661692192
661692315
661692441
661692564
661692690
661692813
661692939
661693062
661693188
661693311
661693438
661693561
661693687
661693811
661693938
661694065
661694194
661694320
661694449
661694576
661694705
661694832
661694961
661695088
661695217
661695344
661695473
661695600
661695730
661695856
661695986
661696113
661696243
661696370
661696499
661696627
661696756
661696884
661697013
661697141
661697271
661697398
661697528
661697655
661697786
661697914
661698045
661698174
661698305
661698434
661698565
661698694
661698825
661698954
661699085
661699214
661699346
661699475
661699606
661699735
661699867
661699996
661700128
661700257
661700389
661700518
661700650
661700780
661700912
661701041
661701173
661701302
661701435
661701567
661701702
661701834
661701969
661702101
661702236
661702369
661702504
661702637
661702772
661702904
661703040
661703172
661703308
661703440
661703576
661703709
661703844
661703977
661704113
661704246
661704382
661704515
661704650
661704784
661704919
661705053
661705189
661705322
661705458
661705592
661705728
661705863
661705999
661706133
661706270
661706404
661706541
661706676
661706812
661706947
661707084
661707218
661707355
661707490
661707627
661707762
661707899
661708034
661708171
661708306
661708443
661708578
661708716
661708850
661708988
661709123
661709261
661709396
661709534
661709669
661709806
661709944
661710085
661710223
661710364
661710502
661710642
661710781
661710921
661711060
661711201
661711339
661711480
661711618
661711759
661711898
661712039
661712178
661712319
661712458
661712600
661712739
661712880
661713020
661713162
661713301
661713443
661713582
661713724
661713864
661714006
661714146
661714288
661714428
661714570
661714710
661714852
661714992
661715134
661715274
661715417
661715557
661715699
661715839
661715982
661716122
661716265
661716405
661716548
661716689
661716832
661716972
661717115
661717256
661717399
661717539
661717682
661717823
661717966
661718107
661718250
661718391
661718535
661718676
661718819
661718960
661719104
661719245
661719389
661719530
661719674
661719815
661719959
661720100
661720244
661720386
661720530
661720671
661720815
661720958
661721104
661721247
661721392
661721535
661721681
661721824
661721970
661722113
661722259
661722402
661722548
661722691
661722837
661722981
661723127
661723271
661723417
661723560
661723706
661723850
661723997
661724140
661724287
661724431
661724577
661724724
661724873
661725021
661725170
661725318
661725468
661725616
661725766
661725914
661726064
661726213
661726363
661726511
661726661
661726810
661726960
661727109
661727259
661727408
661727558
661727707
661727857
661728006
661728157
661728306
661728457
661728605
661728756
661728905
661729056
661729205
661729356
661729506
661729658
661729808
661729960
661730110
661730262
661730413
661730565
661730715
661730867
661731018
661731170
661731321
661731473
661731624
661731776
661731927
661732079
661732230
661732383
661732534
661732687
661732838
661732990
661733141
661733294
661733448
661733603
661733757
661733913
661734066
661734222
661734377
661734535
661734691
661734848
661735004
661735162
661735318
661735475
661735631
661735789
661735945
661736103
661736260
661736418
661736574
661736732
661736888
661737047
661737203
661737362
661737518
661737676
661737833
661737992
661738149
661738309
661738466
661738626
661738784
661738943
661739101
661739261
661739419
661739579
661739737
661739897
661740055
661740215
661740374
661740534
661740692
661740852
661741011
661741171
661741330
661741490
661741649
661741809
661741968
661742129
661742288
661742448
661742607
661742768
661742927
661743088
661743248
661743411
661743572
661743735
661743896
661744059
661744221
661744384
661744546
661744709
661744871
661745034
661745196
661745359
661745521
661745685
661745847
661746010
661746172
661746336
661746498
661746662
661746824
661746988
661747151
661747315
661747477
661747641
661747804
661747968
661748130
661748295
661748457
661748622
661748785
661748949
661749112
661749277
661749440
661749604
661749767
661749932
661750095
661750260
661750424
661750589
661750752
661750917
661751080
661751246
661751409
661751574
661751738
661751903
661752067
661752232
661752396
661752562
661752730
661752899
661753067
661753236
661753404
661753573
661753741
661753911
661754079
661754248
661754417
661754586
661754755
661754924
661755093
661755263
661755431
661755601
661755770
661755940
661756109
661756279
661756448
661756618
661756787
661756958
661757127
661757297
661757466
661757637
661757806
661757977
661758146
661758317
661758486
661758657
661758827
661758998
661759167
661759338
661759508
661759679
661759849
661760020
661760191
661760362
661760532
661760703
661760874
661761045
661761215
661761387
661761557
661761729
661761901
661762075
661762247
661762421
661762593
661762767
661762939
661763113
661763286
661763460
661763632
661763806
661763979
661764153
661764326
661764500
661764673
661764848
661765021
661765195
661765368
661765543
661765716
661765891
661766064
661766239
661766412
661766587
661766761
661766936
661767109
661767284
661767458
661767633
661767807
661767982
661768156
661768332
661768506
661768681
661768855
661769031
661769205
661769381
661769555
661769731
661769906
661770081
661770256
661770432
661770607
661770783
661770957
661771134
661771308
661771485
661771660
661771836
661772012
661772189
661772366
661772543
661772720
661772897
661773074
661773251
661773428
661773605
661773782
661773960
661774137
661774315
661774492
661774670
661774847
661775025
661775202
661775380
661775558
661775736
661775913
661776092
661776269
661776448
661776625
661776804
661776981
661777160
661777338
661777517
661777695
661777874
661778052
661778231
661778409
661778588
661778766
661778945
661779123
661779303
661779481
661779661
661779839
661780019
661780197
661780377
661780556
661780735
661780914
661781094
661781273
661781453
661781633
661781814
661781995
661782177
661782358
661782540
661782721
661782903
661783084
661783266
661783447
661783629
661783811
661783993
661784174
661784357
661784538
661784721
661784903
661785085
661785267
661785450
661785632
661785815
661785996
661786179
661786362
661786545
661786727
661786910
661787092
661787276
661787458
661787641
661787824
661788007
661788190
661788374
661788556
661788740
661788923
661789107
661789290
661789473
661789657
661789841
661790024
661790208
661790391
661790575
661790759
661790943
661791127
661791311
661791495
661791679
661791863
661792048
661792234
661792420
661792606
661792793
661792979
661793167
661793353
661793540
661793726
661793914
661794100
661794287
661794474
661794661
661794848
661795036
661795223
661795410
661795597
661795785
661795972
661796160
661796347
661796535
661796722
661796910
661797098
661797286
661797474
661797662
661797849
661798038
661798226
661798414
661798602
661798790
661798978
661799167
661799355
661799544
661799732
661799921
661800109
661800298
661800487
661800676
661800864
661801054
661801242
661801432
661801620
661801810
661801999
661802188
661802377
661802567
661802756
661802946
661803135
661803325
661803514
661803704
661803893
661804083
661804273
661804463
661804653
661804843
661805033
661805223
661805413
661805604
661805794
661805985
661806175
661806365
661806556
661806747
661806937
661807128
661807318
661807510
661807700
661807891
661808082
661808273
661808464
661808656
661808847
661809038
661809229
661809421
661809612
661809804
661809995
661810187
661810378
661810570
661810762
661810954
661811146
661811338
661811529
661811722
661811914
661812106
661812298
661812490
661812682
661812875
661813067
661813260
661813452
661813645
661813837
661814030
661814223
661814416
661814608
661814801
661814994
661815187
661815380
661815574
661815767
661815960
661816153
661816347
661816540
661816733
661816927
661817121
661817314
661817508
661817702
661817895
661818089
661818283
661818477
661818671
661818865
661819059
661819253
661819448
661819642
661819837
661820031
661820225
661820420
661820615
661820809
661821004
661821199
661821393
661821588
661821783
661821978
661822173
661822368
661822563
661822759
661822954
661823149
661823345
661823540
661823736
661823931
661824127
661824322
661824518
661824714
661824910
661825105
661825301
661825497
661825693
661825889
661826086
661826282
661826478
661826674
661826871
661827067
661827264
661827460
661827657
661827854
661828050
661828247
661828444
661828641
661828838
661829035
661829233
661829430
661829627
661829824
661830022
661830219
661830417
661830614
661830812
661831009
661831207
661831405
661831603
661831801
661832000
661832198
661832397
661832596
661832794
661832993
661833192
661833391
661833590
661833789
661833988
661834187
661834386
661834586
661834785
661834984
661835184
661835383
661835583
661835782
661835982
661836182
661836381
661836581
661836781
661836981
661837181
661837381
661837581
661837782
661837982
661838182
661838382
661838583
661838783
661838984
661839185
661839385
661839586
661839787
661839987
661840188
661840389
661840590
661840791
661840993
661841194
661841395
661841596
661841798
661841999
661842200
661842402
661842604
661842805
661843007
661843209
661843411
661843612
661843814
661844016
661844218
661844420
661844623
661844825
661845027
661845229
661845432
661845634
661845837
661846039
661846242
661846445
661846647
661846850
661847053
661847256
661847459
661847662
661847865
661848068
661848271
661848474
661848678
661848881
661849085
661849288
661849492
661849695
661849900
661850104
661850308
661850513
661850717
661850922
661851127
661851331
661851536
661851741
661851946
661852151
661852356
661852561
661852766
661852971
661853176
661853382
661853587
661853792
661853998
661854203
661854409
661854615
661854821
661855026
661855232
661855438
661855644
661855850
661856059
661856267
661856476
661856686
661856896
661857105
661857315
661857525
661857735
661857945
661858155
661858365
661858575
661858785
661858996
661859206
661859417
661859627
661859838
661860048
661860259
661860469
661860680
661860891
661861102
661861313
661861524
661861735
661861946
661862157
661862369
661862580
661862792
661863004
661863216
661863428
661863641
661863853
661864065
661864277
661864490
661864702
661864915
661865128
661865340
661865553
661865766
661865979
661866192
661866405
661866618
661866831
661867044
661867257
661867471
661867684
661867898
661868112
661868326
661868539
661868753
661868967
661869181
661869395
661869610
661869823
661870038
661870252
661870467
661870681
661870895
661871110
661871325
661871539
661871754
661871969
661872184
661872398
661872614
661872828
661873044
661873259
661873474
661873689
661873905
661874120
661874336
661874551
661874767
661874983
661875199
661875414
661875631
661875846
661876063
661876278
661876495
661876711
661876928
661877144
661877360
661877576
661877793
661878010
661878227
661878443
661878660
661878877
661879094
661879311
661879528
661879745
661879963
661880179
661880397
661880614
661880832
661881049
661881267
661881484
661881704
661881923
661882144
661882364
661882585
661882805
661883026
661883246
661883467
661883687
661883908
661884129
661884350
661884571
661884792
661885013
661885235
661885457
661885681
661885904
661886128
661886351
661886575
661886798
661887022
661887245
661887470
661887693
661887917
661888141
661888365
661888589
661888814
661889038
661889262
661889486
661889711
661889935
661890160
661890385
661890610
661890834
661891059
661891284
661891509
661891734
661891960
661892184
661892410
661892635
661892861
661893086
661893312
661893537
661893763
661893988
661894214
661894440
661894666
661894891
661895118
661895343
661895570
661895796
661896023
661896248
661896475
661896701
661896928
661897154
661897381
661897608
661897835
661898061
661898289
661898515
661898743
661898970
661899197
661899424
661899652
661899879
661900107
661900334
661900562
661900789
661901018
661901245
661901473
661901701
661901930
661902157
661902386
661902614
661902843
661903071
661903299
661903528
661903757
661903985
661904214
661904442
661904672
661904900
661905134
661905367
661905602
661905835
661906070
661906304
661906539
661906774
661907009
661907243
661907478
661907713
661907948
661908183
661908418
661908653
661908889
661909123
661909359
661909594
661909830
661910065
661910302
661910537
661910773
661911008
661911245
661911480
661911717
661911952
661912189
661912425
661912663
661912899
661913137
661913373
661913611
661913848
661914086
661914323
661914561
661914798
661915036
661915273
661915511
661915749
661915987
661916225
661916463
661916701
661916940
661917177
661917416
661917654
661917893
661918131
661918370
661918608
661918848
661919086
661919325
661919564
661919803
661920042
661920282
661920520
661920760
661920999
661921239
661921478
661921718
661921957
661922197
661922436
661922677
661922916
661923158
661923400
661923643
661923885
661924129
661924371
661924614
661924857
661925101
661925343
661925587
661925830
661926074
661926317
661926561
661926804
661927048
661927292
661927536
661927779
661928024
661928267
661928512
661928756
661929001
661929244
661929489
661929733
661929978
661930222
661930469
661930715
661930962
661931208
661931455
661931701
661931948
661932194
661932441
661932688
661932935
661933181
661933429
661933676
661933925
661934174
661934425
661934674
661934925
661935175
661935426
661935676
661935927
661936177
661936428
661936678
661936930
661937180
661937431
661937682
661937935
661938186
661938440
661938693
661938946
661939199
661939453
661939706
661939960
661940213
661940467
661940720
661940975
661941228
661941483
661941736
661941991
661942245
661942500
661942753
661943009
661943262
661943518
661943772
661944027
661944281
661944537
661944791
661945047
661945301
661945559
661945816
661946076
661946335
661946595
661946854
661947115
661947374
661947634
661947894
661948154
661948414
661948675
661948934
661949195
661949455
661949716
661949976
661950237
661950497
661950759
661951019
661951281
661951541
661951803
661952063
661952325
661952586
661952848
661953109
661953371
661953632
661953895
661954157
661954420
661954682
661954946
661955208
661955472
661955734
661955998
661956261
661956525
661956788
661957052
661957315
661957579
661957842
661958107
661958370
661958635
661958898
661959163
661959427
661959692
661959955
661960220
661960484
661960749
661961013
661961280
661961545
661961812
661962077
661962344
661962609
661962876
661963142
661963409
661963675
661963942
661964208
661964476
661964742
661965009
661965276
661965544
661965810
661966078
661966344
661966613
661966879
661967148
661967414
661967683
661967950
661968218
661968485
661968754
661969021
661969293
661969564
661969836
661970107
661970379
661970650
661970922
661971193
661971466
661971737
661972010
661972281
661972554
661972826
661973099
661973370
661973644
661973915
661974189
661974461
661974736
661975009
661975285
661975559
661975834
661976108
661976384
661976658
661976934
661977208
661977484
661977758
661978035
661978311
661978588
661978863
661979141
661979416
661979694
661979970
661980248
661980524
661980802
661981078
661981356
661981632
661981910
661982187
661982465
661982742
661983020
661983297
661983576
661983853
661984132
661984409
661984688
661984965
661985244
661985522
661985801
661986079
661986358
661986636
661986916
661987194
661987474
661987752
661988032
661988310
661988590
661988869
661989149
661989428
661989708
661989987
661990268
661990547
661990830
661991111
661991396
661991680
661991965
661992249
661992534
661992818
661993104
661993388
661993674
661993958
661994244
661994529
661994816
661995101
661995388
661995674
661995961
661996246
661996534
661996819
661997107
661997392
661997680
661997966
661998254
661998540
661998829
661999116
661999405
661999693
661999984
662000274
662000566
662000857
662001149
662001439
662001732
662002022
662002315
662002605
662002898
662003189
662003482
662003773
662004066
662004357
662004651
662004942
662005236
662005527
662005821
662006113
662006406
662006698
662006992
662007284
662007578
662007871
662008166
662008459
662008754
662009048
662009343
662009637
662009933
662010226
662010522
662010816
662011112
662011407
662011703
662011997
662012294
662012588
662012885
662013179
662013476
662013771
662014068
662014363
662014660
662014955
662015253
662015548
662015845
662016141
662016441
662016739
662017040
662017339
662017641
662017940
662018242
662018542
662018844
662019144
662019446
662019746
662020048
662020348
662020651
662020951
662021254
662021554
662021857
662022158
662022461
662022762
662023065
662023366
662023669
662023971
662024274
662024575
662024881
662025184
662025489
662025793
662026099
662026402
662026710
662027016
662027323
662027629
662027937
662028243
662028552
662028858
662029166
662029473
662029782
662030088
662030397
662030704
662031013
662031320
662031629
662031936
662032246
662032553
662032863
662033170
662033480
662033787
662034098
662034407
662034718
662035027
662035339
662035648
662035960
662036269
662036581
662036890
662037202
662037512
662037824
662038134
662038447
662038757
662039069
662039380
662039692
662040003
662040316
662040626
662040939
662041250
662041564
662041875
662042188
662042499
662042813
662043124
662043438
662043750
662044065
662044378
662044693
662045006
662045322
662045635
662045951
662046265
662046581
662046895
662047211
662047525
662047841
662048155
662048472
662048786
662049103
662049417
662049734
662050049
662050366
662050681
662051000
662051318
662051637
662051955
662052275
662052592
662052912
662053230
662053550
662053868
662054189
662054507
662054828
662055146
662055467
662055786
662056107
662056426
662056747
662057066
662057387
662057707
662058028
662058348
662058669
662058989
662059311
662059631
662059953
662060273
662060595
662060915
662061238
662061558
662061881
662062201
662062525
662062847
662063171
662063493
662063818
662064140
662064465
662064787
662065112
662065435
662065760
662066083
662066408
662066731
662067057
662067380
662067706
662068029
662068355
662068679
662069005
662069329
662069657
662069984
662070312
662070639
662070968
662071295
662071624
662071951
662072280
662072607
662072936
662073264
662073593
662073921
662074251
662074578
662074909
662075236
662075567
662075895
662076225
662076553
662076884
662077212
662077543
662077872
662078203
662078532
662078863
662079192
662079523
662079852
662080189
662080524
662080861
662081196
662081533
662081868
662082206
662082541
662082879
662083214
662083553
662083888
662084226
662084562
662084901
662085237
662085575
662085912
662086250
662086587
662086926
662087263
662087602
662087939
662088278
662088615
662088955
662089292
662089632
662089969
662090309
662090646
662090987
662091324
662091665
662092003
662092343
662092681
662093022
662093360
662093702
662094040
662094382
662094720
662095062
662095401
662095742
662096082
662096423
662096763
662097105
662097444
662097787
662098126
662098469
662098809
662099153
662099495
662099842
662100185
662100532
662100876
662101223
662101567
662101914
662102258
662102606
662102950
662103298
662103642
662103990
662104335
662104683
662105028
662105376
662105721
662106070
662106415
662106764
662107110
662107458
662107804
662108153
662108499
662108848
662109195
662109544
662109890
662110240
662110587
662110936
662111283
662111633
662111980
662112330
662112677
662113028
662113375
662113726
662114073
662114424
662114772
662115123
662115471
662115822
662116171
662116522
662116871
662117222
662117571
662117922
662118271
662118623
662118972
662119324
662119674
662120026
662120375
662120728
662121078
662121430
662121780
662122133
662122483
662122836
662123187
662123540
662123891
662124244
662124595
662124949
662125300
662125654
662126005
662126359
662126710
662127065
662127416
662127771
662128123
662128478
662128830
662129184
662129537
662129892
662130244
662130599
662130952
662131308
662131660
662132016
662132369
662132725
662133078
662133434
662133788
662134144
662134498
662134854
662135208
662135565
662135919
662136276
662136630
662136987
662137341
662137699
662138053
662138413
662138770
662139132
662139491
662139853
662140212
662140575
662140934
662141296
662141656
662142019
662142379
662142741
662143101
662143465
662143825
662144188
662144549
662144912
662145273
662145636
662145997
662146361
662146722
662147087
662147448
662147812
662148174
662148538
662148900
662149265
662149627
662149992
662150354
662150719
662151081
662151447
662151809
662152175
662152538
662152904
662153266
662153633
662153996
662154362
662154726
662155092
662155456
662155823
662156186
662156553
662156917
662157285
662157649
662158016
662158381
662158748
662159113
662159483
662159851
662160221
662160588
662160959
662161327
662161697
662162065
662162436
662162804
662163176
662163544
662163916
662164284
662164656
662165024
662165396
662165765
662166137
662166507
662166879
662167248
662167621
662167990
662168363
662168733
662169106
662169476
662169849
662170219
662170593
662170963
662171337
662171707
662172081
662172452
662172826
662173197
662173571
662173943
662174317
662174689
662175063
662175435
662175810
662176182
662176557
662176929
662177305
662177677
662178052
662178425
662178801
662179173
662179549
662179922
662180299
662180672
662181048
662181422
662181798
662182172
662182549
662182922
662183300
662183674
662184051
662184425
662184803
662185177
662185555
662185930
662186308
662186683
662187061
662187436
662187815
662188190
662188569
662188945
662189324
662189699
662190079
662190455
662190834
662191210
662191590
662191966
662192346
662192723
662193103
662193480
662193860
662194237
662194618
662194995
662195376
662195753
662196134
662196512
662196893
662197271
662197652
662198031
662198412
662198790
662199172
662199551
662199933
662200312
662200694
662201073
662201455
662201834
662202217
662202597
662202979
662203359
662203742
662204122
662204508
662204890
662205276
662205659
662206045
662206428
662206814
662207198
662207584
662207968
662208354
662208738
662209125
662209509
662209896
662210280
662210668
662211052
662211440
662211824
662212212
662212597
662212985
662213370
662213758
662214143
662214532
662214917
662215306
662215692
662216081
662216467
662216856
662217242
662217632
662218018
662218408
662218794
662219184
662219571
662219961
662220348
662220739
662221126
662221517
662221904
662222295
662222683
662223074
662223462
662223853
662224241
662224633
662225021
662225413
662225802
662226194
662226583
662226975
662227364
662227757
662228146
662228539
662228928
662229321
662229711
662230104
662230494
662230887
662231277
662231671
662232061
662232455
662232846
662233240
662233630
662234025
662234416
662234810
662235202
662235596
662235988
662236383
662236774
662237170
662237562
662237957
662238349
662238745
662239137
662239535
662239930
662240328
662240723
662241122
662241517
662241915
662242311
662242709
662243105
662243504
662243900
662244299
662244695
662245095
662245491
662245891
662246287
662246687
662247083
662247484
662247881
662248281
662248678
662249079
662249476
662249877
662250275
662250676
662251074
662251476
662251875
662252277
662252676
662253079
662253478
662253881
662254281
662254684
662255084
662255487
662255887
662256291
662256691
662257095
662257496
662257900
662258301
662258705
662259106
662259511
662259912
662260317
662260718
662261123
662261525
662261930
662262332
662262737
662263139
662263545
662263947
662264354
662264757
662265164
662265568
662265975
662266379
662266786
662267190
662267598
662268002
662268410
662268814
662269222
662269627
662270035
662270440
662270849
662271254
662271662
662272068
662272477
662272882
662273292
662273698
662274108
662274514
662274924
662275331
662275743
662276152
662276565
662276975
662277388
662277798
662278212
662278622
662279036
662279446
662279860
662280271
662280685
662281096
662281511
662281922
662282337
662282748
662283163
662283575
662283990
662284402
662284818
662285229
662285645
662286057
662286474
662286886
662287303
662287715
662288132
662288545
662288962
662289375
662289793
662290206
662290623
662291037
662291455
662291869
662292287
662292701
662293119
662293534
662293952
662294367
662294785
662295200
662295619
662296034
662296453
662296869
662297288
662297704
662298124
662298539
662298959
662299375
662299795
662300212
662300632
662301049
662301469
662301886
662302307
662302724
662303145
662303562
662303984
662304401
662304823
662305241
662305662
662306080
662306502
662306921
662307344
662307765
662308193
662308618
662309046
662309471
662309900
662310325
662310754
662311179
662311609
662312034
662312464
662312890
662313323
662313752
662314186
662314617
662315051
662315481
662315916
662316347
662316782
662317213
662317648
662318079
662318515
662318946
662319382
662319814
662320250
662320682
662321118
662321550
662321987
662322419
662322856
662323289
662323726
662324159
662324596
662325029
662325467
662325901
662326338
662326772
662327210
662327644
662328083
662328517
662328956
662329390
662329829
662330264
662330703
662331138
662331578
662332013
662332453
662332888
662333328
662333764
662334204
662334640
662335081
662335517
662335958
662336394
662336835
662337272
662337713
662338150
662338592
662339029
662339471
662339908
662340350
662340788
662341230
662341668
662342111
662342549
662342991
662343430
662343873
662344312
662344755
662345195
662345640
662346081
662346526
662346968
662347415
662347859
662348307
662348751
662349199
662349644
662350092
662350537
662350985
662351430
662351879
662352324
662352774
662353219
662353668
662354114
662354564
662355010
662355460
662355906
662356356
662356802
662357253
662357699
662358150
662358597
662359048
662359495
662359947
662360396
662360848
662361296
662361749
662362198
662362651
662363100
662363553
662364002
662364456
662364905
662365359
662365809
662366263
662366713
662367167
662367617
662368072
662368522
662368977
662369428
662369883
662370334
662370789
662371240
662371696
662372147
662372603
662373055
662373511
662373963
662374420
662374872
662375329
662375781
662376238
662376691
662377148
662377601
662378058
662378512
662378969
662379423
662379881
662380335
662380793
662381248
662381707
662382162
662382621
662383076
662383535
662383991
662384450
662384906
662385366
662385822
662386282
662386738
662387199
662387655
662388118
662388576
662389039
662389498
662389961
662390420
662390883
662391343
662391806
662392266
662392730
662393190
662393655
662394117
662394583
662395045
662395511
662395973
662396439
662396902
662397369
662397831
662398298
662398761
662399228
662399692
662400159
662400623
662401091
662401554
662402023
662402487
662402955
662403420
662403888
662404353
662404822
662405287
662405756
662406222
662406691
662407157
662407628
662408096
662408572
662409043
662409519
662409990
662410466
662410938
662411414
662411886
662412363
662412835
662413312
662413785
662414262
662414735
662415212
662415685
662416163
662416636
662417114
662417588
662418066
662418540
662419019
662419493
662419972
662420446
662420925
662421400
662421882
662422361
662422844
662423324
662423808
662424287
662424771
662425251
662425736
662426216
662426701
662427182
662427667
662428148
662428634
662429115
662429601
662430083
662430569
662431051
662431537
662432019
662432506
662432989
662433476
662433958
662434445
662434928
662435416
662435899
662436391
662436879
662437373
662437862
662438356
662438846
662439341
662439831
662440325
662440816
662441311
662441801
662442297
662442788
662443283
662443775
662444271
662444762
662445258
662445750
662446247
662446739
662447236
662447728
662448225
662448718
662449215
662449708
662450206
662450699
662451197
662451690
662452190
662452685
662453184
662453680
662454180
662454675
662455176
662455671
662456172
662456668
662457169
662457666
662458167
662458664
662459165
662459662
662460164
662460661
662461163
662461661
662462163
662462661
662463164
662463662
662464165
662464663
662465166
662465665
662466174
662466679
662467188
662467693
662468203
662468708
662469218
662469724
662470234
662470740
662471250
662471757
662472267
662472774
662473285
662473792
662474303
662474810
662475322
662475829
662476343
662476852
662477366
662477876
662478390
662478900
662479414
662479924
662480439
662480950
662481466
662481978
662482495
662483007
662483524
662484036
662484554
662485067
662485584
662486098
662486616
662487129
662487647
662488161
662488680
662489194
662489713
662490227
662490746
662491261
662491781
662492296
662492815
662493331
662493851
662494366
662494886
662495402
662495923
662496439
662496960
662497477
662497998
662498515
662499036
662499553
662500075
662500592
662501115
662501632
662502155
662502673
662503196
662503714
662504237
662504756
662505279
662505798
662506324
662506846
662507373
662507896
662508423
662508946
662509474
662509997
662510525
662511048
662511577
662512101
662512629
662513153
662513682
662514207
662514736
662515261
662515790
662516315
662516845
662517371
662517901
662518426
662518957
662519483
662520013
662520540
662521074
662521604
662522139
662522670
662523210
662523746
662524286
662524822
662525363
662525899
662526440
662526976
662527517
662528054
662528598
662529137
662529681
662530220
662530764
662531304
662531849
662532389
662532933
662533474
662534019
662534560
662535105
662535646
662536192
662536733
662537279
662537821
662538367
662538909
662539459
662540005
662540555
662541101
662541652
662542198
662542749
662543296
662543847
662544394
662544946
662545493
662546045
662546593
662547145
662547693
662548246
662548794
662549347
662549896
662550449
662550998
662551552
662552101
662552658
662553211
662553771
662554326
662554889
662555448
662556011
662556570
662557133
662557692
662558256
662558815
662559379
662559939
662560504
662561064
662561628
662562189
662562754
662563315
662563880
662564441
662565007
662565568
662566134
662566696
662567262
662567824
662568391
662568953
662569520
662570083
662570656
662571224
662571802
662572376
662572954
662573528
662574107
662574681
662575261
662575835
662576415
662576990
662577570
662578145
662578726
662579302
662579882
662580458
662581039
662581616
662582197
662582774
662583356
662583933
662584515
662585092
662585674
662586252
662586836
662587416
662588000
662588580
662589164
662589744
662590332
662590915
662591503
662592087
662592675
662593259
662593848
662594432
662595021
662595606
662596195
662596780
662597370
662597955
662598545
662599131
662599721
662600307
662600898
662601484
662602075
662602662
662603253
662603840
662604434
662605023
662605618
662606208
662606802
662607392
662607987
662608578
662609173
662609764
662610360
662610951
662611547
662612138
662612735
662613327
662613923
662614515
662615113
662615705
662616303
662616895
662617493
662618086
662618688
662619285
662619886
662620483
662621086
662621683
662622285
662622883
662623489
662624090
662624698
662625301
662625909
662626513
662627121
662627725
662628334
662628939
662629548
662630153
662630763
662631368
662631978
662632583
662633194
662633799
662634410
662635016
662635628
662636234
662636845
662637452
662638064
662638671
662639283
662639891
662640503
662641111
662641724
662642332
662642945
662643554
662644168
662644776
662645391
662646000
662646614
662647224
662647839
662648449
662649064
662649674
662650290
662650901
662651517
662652128
662652744
662653355
662653976
662654591
662655212
662655827
662656448
662657064
662657685
662658302
662658923
662659540
662660162
662660779
662661402
662662019
662662642
662663260
662663883
662664501
662665124
662665743
662666367
662666986
662667610
662668229
662668854
662669473
662670098
662670718
662671346
662671968
662672598
662673222
662673852
662674477
662675108
662675733
662676364
662676989
662677620
662678246
662678878
662679504
662680136
662680763
662681395
662682022
662682655
662683283
662683916
662684544
662685177
662685805
662686439
662687068
662687702
662688331
662688965
662689594
662690229
662690859
662691494
662692124
662692764
662693399
662694039
662694675
662695316
662695951
662696592
662697229
662697870
662698507
662699149
662699786
662700428
662701066
662701708
662702346
662702989
662703627
662704271
662704910
662705553
662706192
662706836
662707476
662708121
662708762
662709408
662710050
662710696
662711338
662711985
662712626
662713274
662713916
662714563
662715206
662715854
662716497
662717145
662717789
662718437
662719081
662719730
662720375
662721024
662721669
662722318
662722963
662723614
662724259
662724909
662725555
662726206
662726852
662727503
662728149
662728810
662729466
662730135
662730800
662731470
662732136
662732806
662733472
662734143
662734809
662735480
662736147
662736818
662737485
662738157
662738825
662739497
662740165
662740838
662741506
662742179
662742848
662743521
662744190
662744864
662745533
662746208
662746877
662747552
662748222
662748897
662749567
662750243
662750914
662751590
662752261
662752937
662753609
662754286
662754957
662755635
662756307
662756985
662757657
662758335
662759008
662759687
662760360
662761039
662761713
662762392
662763066
662763746
662764420
662765100
662765775
662766457
662767134
662767816
662768494
662769176
662769854
662770537
662771215
662771898
662772577
662773261
662773939
662774624
662775303
662775987
662776667
662777352
662778032
662778717
662779398
662780084
662780765
662781451
662782132
662782819
662783500
662784187
662784869
662785557
662786239
662786927
662787609
662788298
662788981
662789669
662790353
662791042
662791725
662792415
662793099
662793789
662794473
662795164
662795849
662796539
662797225
662797916
662798601
662799293
662799979
662800671
662801357
662802050
662802737
662803429
662804116
662804809
662805497
662806192
662806881
662807576
662808266
662808962
662809652
662810348
662811039
662811736
662812427
662813124
662813815
662814513
662815205
662815903
662816595
662817293
662817986
662818685
662819378
662820077
662820771
662821470
662822164
662822864
662823558
662824258
662824953
662825654
662826349
662827050
662827745
662828447
662829143
662829844
662830541
662831243
662831939
662832642
662833339
662834042
662834740
662835443
662836141
662836845
662837543
662838247
662838946
662839650
662840349
662841054
662841754
662842459
662843159
662843868
662844572
662845284
662845991
662846703
662847410
662848122
662848829
662849542
662850250
662850963
662851671
662852385
662853093
662853807
662854516
662855231
662855940
662856655
662857365
662858080
662858790
662859506
662860217
662860933
662861644
662862360
662863072
662863789
662864500
662865218
662865930
662866648
662867360
662868079
662868792
662869510
662870224
662870943
662871656
662872376
662873090
662873810
662874525
662875246
662875961
662876682
662877397
662878119
662878835
662879556
662880273
662880995
662881712
662882434
662883151
662883874
662884592
662885317
662886037
662886762
662887483
662888209
662888929
662889656
662890377
662891103
662891825
662892552
662893274
662894001
662894723
662895452
662896174
662896903
662897626
662898355
662899079
662899808
662900532
662901262
662901986
662902717
662903441
662904172
662904897
662905628
662906354
662907085
662907812
662908544
662909270
662910005
662910734
662911469
662912199
662912935
662913665
662914401
662915131
662915867
662916598
662917335
662918066
662918804
662919535
662920273
662921005
662921743
662922476
662923214
662923947
662924686
662925419
662926158
662926892
662927632
662928366
662929106
662929841
662930582
662931317
662932058
662932793
662933535
662934270
662935012
662935749
662936491
662937228
662937971
662938708
662939451
662940189
662940933
662941671
662942415
662943154
662943899
662944638
662945383
662946122
662946868
662947608
662948354
662949094
662949840
662950581
662951328
662952069
662952816
662953558
662954305
662955047
662955795
662956537
662957286
662958029
662958777
662959521
662960270
662961014
662961764
662962508
662963258
662964003
662964754
662965499
662966250
662966995
662967747
662968493
662969245
662969991
662970743
662971490
662972243
662972991
662973744
662974492
662975245
662975993
662976750
662977500
662978257
662979008
662979766
662980517
662981275
662982027
662982785
662983537
662984295
662985048
662985807
662986560
662987320
662988074
662988833
662989587
662990348
662991102
662991863
662992618
662993379
662994134
662994896
662995651
662996413
662997170
662997932
662998689
662999455
663000215
663000982
663001744
663002512
663003274
663004043
663004806
663005575
663006338
663007107
663007871
663008641
663009405
663010175
663010940
663011710
663012475
663013246
663014012
663014783
663015549
663016321
663017087
663017860
663018626
663019399
663020166
663020940
663021707
663022481
663023249
663024023
663024791
663025566
663026335
663027110
663027879
663028655
663029424
663030201
663030971
663031747
663032518
663033295
663034067
663034844
663035616
663036394
663037166
663037944
663038717
663039495
663040268
663041048
663041822
663042602
663043376
663044157
663044931
663045716
663046495
663047280
663048061
663048847
663049627
663050414
663051195
663051982
663052763
663053551
663054333
663055121
663055903
663056692
663057474
663058263
663059047
663059836
663060620
663061409
663062193
663062984
663063768
663064559
663065344
663066136
663066922
663067714
663068500
663069296
663070087
663070886
663071679
663072479
663073272
663074072
663074866
663075667
663076461
663077262
663078057
663078859
663079654
663080456
663081252
663082054
663082850
663083653
663084450
663085253
663086050
663086854
663087651
663088455
663089253
663090058
663090857
663091662
663092461
663093267
663094066
663094872
663095672
663096479
663097279
663098086
663098887
663099694
663100496
663101304
663102106
663102914
663103717
663104526
663105329
663106139
663106944
663107760
663108571
663109387
663110198
663111015
663111826
663112644
663113455
663114273
663115085
663115904
663116716
663117535
663118348
663119168
663119981
663120801
663121615
663122435
663123249
663124070
663124885
663125706
663126522
663127343
663128159
663128981
663129798
663130620
663131437
663132260
663133078
663133901
663134719
663135543
663136361
663137187
663138006
663138831
663139651
663140477
663141298
663142131
663142958
663143794
663144623
663145459
663146289
663147126
663147956
663148793
663149624
663150461
663151293
663152131
663152963
663153801
663154634
663155472
663156305
663157145
663157978
663158818
663159651
663160492
663161326
663162167
663163001
663163843
663164678
663165520
663166356
663167198
663168035
663168878
663169715
663170558
663171395
663172239
663173077
663173921
663174760
663175604
663176444
663177289
663178129
663178982
663179829
663180685
663181535
663182395
663183249
663184109
663184964
663185825
663186679
663187541
663188396
663189258
663190114
663190976
663191832
663192695
663193552
663194415
663195272
663196136
663196994
663197858
663198716
663199581
663200440
663201305
663202164
663203030
663203890
663204756
663205617
663206483
663207344
663208218
663209085
663209958
663210826
663211700
663212569
663213443
663214312
663215188
663216057
663216933
663217803
663218679
663219549
663220426
663221297
663222174
663223046
663223923
663224795
663225673
663226546
663227425
663228297
663229177
663230050
663230930
663231804
663232684
663233558
663234439
663235314
663236195
663237070
663237952
663238828
663239710
663240587
663241469
663242346
663243230
663244107
663244995
663245877
663246767
663247652
663248542
663249427
663250319
663251204
663252096
663252982
663253875
663254761
663255654
663256541
663257437
663258327
663259225
663260117
663261016
663261908
663262807
663263700
663264599
663265493
663266393
663267287
663268187
663269082
663269983
663270878
663271779
663272675
663273577
663274473
663275375
663276272
663277175
663278072
663278975
663279873
663280777
663281675
663282579
663283478
663284383
663285283
663286188
663287088
663288000
663288906
663289818
663290725
663291638
663292545
663293459
663294366
663295281
663296189
663297103
663298012
663298929
663299840
663300761
663301676
663302597
663303513
663304435
663305350
663306273
663307190
663308113
663309030
663309953
663310871
663311795
663312713
663313638
663314557
663315482
663316401
663317327
663318247
663319174
663320094
663321021
663321942
663322869
663323791
663324719
663325641
663326575
663327504
663328442
663329375
663330314
663331247
663332187
663333120
663334061
663334995
663335937
663336872
663337813
663338749
663339694
663340633
663341579
663342519
663343465
663344405
663345352
663346292
663347240
663348181
663349129
663350070
663351019
663351961
663352910
663353852
663354808
663355757
663356714
663357665
663358622
663359573
663360531
663361483
663362441
663363394
663364353
663365306
663366265
663367219
663368179
663369133
663370094
663371049
663372010
663372965
663373927
663374883
663375845
663376802
663377764
663378721
663379685
663380642
663381606
663382564
663383531
663384491
663385462
663386427
663387399
663388364
663389336
663390302
663391275
663392241
663393215
663394182
663395155
663396123
663397097
663398066
663399041
663400010
663400985
663401954
663402930
663403900
663404877
663405847
663406824
663407796
663408773
663409745
663410723
663411695
663412674
663413646
663414637
663415622
663416613
663417599
663418590
663419576
663420569
663421555
663422548
663423535
663424529
663425517
663426511
663427499
663428494
663429483
663430478
663431467
663432464
663433455
663434452
663435443
663436441
663437433
663438431
663439423
663440422
663441415
663442418
663443415
663444418
663445415
663446419
663447417
663448421
663449420
663450425
663451425
663452431
663453431
663454437
663455438
663456445
663457446
663458454
663459456
663460464
663461466
663462475
663463478
663464488
663465491
663466501
663467505
663468515
663469520
663470531
663471536
663472549
663473556
663474569
663475576
663476590
663477598
663478613
663479621
663480637
663481646
663482662
663483671
663484688
663485698
663486715
663487726
663488744
663489755
663490777
663491792
663492817
663493836
663494861
663495880
663496906
663497926
663498953
663499973
663501000
663502021
663503049
663504071
663505104
663506132
663507166
663508195
663509229
663510258
663511294
663512323
663513359
663514389
663515426
663516456
663517493
663518524
663519566
663520601
663521645
663522682
663523728
663524767
663525814
663526854
663527901
663528941
663529989
663531030
663532078
663533120
663534169
663535212
663536262
663537305
663538355
663539399
663540450
663541494
663542546
663543591
663544643
663545689
663546741
663547788
663548841
663549888
663550941
663551989
663553044
663554094
663555155
663556210
663557272
663558327
663559390
663560446
663561509
663562565
663563629
663564686
663565751
663566809
663567874
663568932
663569998
663571057
663572123
663573183
663574250
663575311
663576378
663577439
663578507
663579569
663580641
663581708
663582781
663583849
663584924
663585993
663587070
663588142
663589221
663590293
663591372
663592445
663593525
663594599
663595679
663596754
663597835
663598910
663599991
663601067
663602149
663603226
663604309
663605385
663606469
663607546
663608631
663609709
663610793
663611872
663612960
663614041
663615137
663616227
663617332
663618430
663619535
663620634
663621740
663622840
663623946
663625047
663626154
663627255
663628363
663629464
663630573
663631675
663632785
663633888
663634997
663636101
663637212
663638316
663639427
663640532
663641643
663642749
663643861
663644967
663646080
663647187
663648305
663649418
663650539
663651653
663652774
663653890
663655012
663656128
663657251
663658367
663659490
663660608
663661732
663662850
663663975
663665093
663666219
663667338
663668464
663669584
663670711
663671831
663672959
663674080
663675208
663676330
663677458
663678581
663679714
663680841
663681975
663683102
663684237
663685365
663686509
663687646
663688790
663689928
663691073
663692212
663693358
663694497
663695644
663696784
663697931
663699071
663700219
663701360
663702509
663703651
663704800
663705942
663707093
663708238
663709389
663710534
663711686
663712832
663713993
663715148
663716310
663717466
663718628
663719784
663720948
663722105
663723269
663724426
663725591
663726750
663727915
663729074
663730240
663731400
663732567
663733727
663734895
663736056
663737224
663738386
663739554
663740717
663741886
663743049
663744219
663745383
663746553
663747718
663748889
663750054
663751231
663752401
663753580
663754752
663755931
663757104
663758284
663759457
663760638
663761812
663762993
663764168
663765350
663766526
663767709
663768885
663770068
663771245
663772429
663773607
663774792
663775970
663777158
663778340
663779529
663780711
663781901
663783084
663784274
663785458
663786649
663787834
663789025
663790210
663791403
663792589
663793782
663794968
663796162
663797349
663798544
663799732
663800927
663802116
663803312
663804501
663805697
663806887
663808087
663809281
663810485
663811682
663812886
663814084
663815288
663816487
663817692
663818891
663820101
663821305
663822515
663823720
663824931
663826136
663827348
663828554
663829766
663830973
663832186
663833394
663834608
663835816
663837030
663838239
663839454
663840664
663841880
663843090
663844307
663845517
663846736
663847949
663849169
663850382
663851603
663852817
663854038
663855252
663856474
663857690
663858913
663860129
663861352
663862569
663863793
663865011
663866236
663867455
663868680
663869899
663871126
663872346
663873572
663874793
663876021
663877242
663878472
663879697
663880928
663882153
663883385
663884611
663885847
663887077
663888314
663889545
663890782
663892014
663893252
663894485
663895724
663896957
663898197
663899431
663900671
663901906
663903147
663904382
663905624
663906860
663908103
663909340
663910583
663911820
663913068
663914309
663915558
663916801
663918051
663919294
663920545
663921789
663923040
663924285
663925537
663926783
663928036
663929282
663930535
663931782
663933037
663934284
663935539
663936788
663938044
663939293
663940550
663941800
663943057
663944308
663945566
663946817
663948076
663949328
663950587
663951840
663953100
663954353
663955618
663956877
663958145
663959406
663960675
663961937
663963207
663964469
663965740
663967003
663968274
663969539
663970810
663972076
663973348
663974614
663975887
663977154
663978428
663979696
663980970
663982238
663983514
663984783
663986063
663987336
663988617
663989892
663991173
663992448
663993730
663995006
663996289
663997565
663998849
664000126
664001410
664002688
664003973
664005252
664006538
664007817
664009104
664010384
664011671
664012952
664014240
664015522
664016811
664018093
664019383
664020666
664021956
664023239
664024530
664025815
664027116
664028411
664029719
664031020
664032328
664033630
664034939
664036242
664037552
664038855
664040166
664041470
664042781
664044086
664045398
664046704
664048017
664049324
664050637
664051945
664053259
664054567
664055882
664057191
664058507
664059817
664061133
664062444
664063761
664065072
664066390
664067702
664069020
664070333
664071653
664072966
664074287
664075601
664076923
664078237
664079560
664080875
664082198
664083515
664084838
664086156
664087480
664088798
664090123
664091442
664092768
664094087
664095414
664096734
664098062
664099383
664100714
664102038
664103374
664104704
664106041
664107371
664108709
664110040
664111379
664112711
664114050
664115383
664116723
664118056
664119397
664120731
664122073
664123408
664124750
664126086
664127429
664128766
664130109
664131447
664132791
664134130
664135475
664136814
664138160
664139499
664140846
664142186
664143534
664144875
664146223
664147565
664148914
664150257
664151606
664152950
664154300
664155644
664156996
664158341
664159693
664161038
664162391
664163738
664165091
664166439
664167793
664169141
664170496
664171845
664173201
664174550
664175907
664177257
664178617
664179969
664181329
664182683
664184044
664185398
664186760
664188115
664189477
664190833
664192197
664193553
664194918
664196275
664197640
664198999
664200364
664201724
664203090
664204450
664205817
664207178
664208546
664209908
664211276
664212639
664214008
664215372
664216742
664218106
664219477
664220842
664222213
664223579
664224951
664226317
664227691
664229058
664230432
664231800
664233175
664234544
664235920
664237289
664238666
664240036
664241414
664242785
664244163
664245535
664246914
664248287
664249666
664251040
664252424
664253802
664255190
664256571
664257959
664259340
664260729
664262112
664263502
664264885
664266275
664267659
664269050
664270435
664271827
664273213
664274605
664275992
664277386
664278773
664280167
664281555
664282951
664284339
664285735
664287125
664288522
664289912
664291310
664292701
664294099
664295491
664296891
664298283
664299683
664301077
664302478
664303872
664305274
664306669
664308072
664309468
664310871
664312268
664313672
664315069
664316474
664317873
664319278
664320677
664322084
664323484
664324891
664326292
664327700
664329101
664330510
664331912
664333322
664334725
664336135
664337539
664338950
664340355
664341767
664343172
664344585
664345991
664347405
664348812
664350226
664351634
664353049
664354457
664355873
664357283
664358700
664360111
664361529
664362940
664364359
664365771
664367190
664368603
664370024
664371437
664372858
664374273
664375695
664377110
664378533
664379949
664381372
664382789
664384214
664385631
664387058
664388477
664389904
664391325
664392752
664394173
664395602
664397024
664398454
664399877
664401307
664402731
664404162
664405587
664407019
664408444
664409877
664411303
664412737
664414164
664415598
664417026
664418461
664419890
664421326
664422756
664424193
664425623
664427061
664428493
664429934
664431369
664432814
664434252
664435698
664437137
664438584
664440023
664441471
664442912
664444360
664445801
664447250
664448692
664450142
664451585
664453036
664454480
664455931
664457376
664458828
664460274
664461727
664463173
664464627
664466074
664467529
664468977
664470433
664471882
664473338
664474788
664476247
664477699
664479159
664480612
664482072
664483526
664484987
664486442
664487904
664489360
664490823
664492279
664493743
664495200
664496665
664498123
664499588
664501047
664502513
664503973
664505440
664506900
664508369
664509830
664511300
664512762
664514232
664515695
664517168
664518634
664520107
664521574
664523048
664524515
664525990
664527459
664528935
664530404
664531881
664533351
664534829
664536300
664537779
664539251
664540730
664542203
664543683
664545156
664546638
664548112
664549594
664551069
664552552
664554029
664555513
664556990
664558475
664559953
664561445
664562930
664564426
664565915
664567412
664568902
664570400
664571891
664573390
664574882
664576381
664577874
664579374
664580868
664582369
664583863
664585365
664586860
664588363
664589859
664591363
664592859
664594364
664595862
664597367
664598866
664600372
664601872
664603379
664604880
664606394
664607901
664609418
664610929
664612447
664613958
664615477
664616989
664618509
664620022
664621543
664623057
664624578
664626093
664627616
664629131
664630655
664632171
664633698
664635217
664636745
664638265
664639793
664641314
664642844
664644366
664645896
664647420
664648951
664650475
664652007
664653533
664655065
664656591
664658125
664659652
664661186
664662714
664664249
664665778
664667314
664668844
664670381
664671911
664673450
664674981
664676520
664678052
664679592
664681125
664682666
664684200
664685741
664687276
664688819
664690355
664691899
664693436
664694980
664696518
664698063
664699602
664701148
664702688
664704235
664705775
664707323
664708864
664710413
664711955
664713505
664715048
664716599
664718143
664719694
664721239
664722791
664724337
664725890
664727437
664728991
664730538
664732093
664733642
664735198
664736747
664738304
664739855
664741413
664742964
664744529
664746087
664747655
664749217
664750786
664752348
664753918
664755481
664757052
664758616
664760188
664761753
664763326
664764892
664766472
664768046
664769631
664771208
664772795
664774375
664775963
664777544
664779133
664780715
664782304
664783887
664785477
664787061
664788653
664790238
664791830
664793416
664795009
664796596
664798190
664799778
664801373
664802961
664804557
664806146
664807743
664809334
664810932
664812523
664814122
664815714
664817316
664818910
664820524
664822130
664823744
664825351
664826966
664828575
664830190
664831800
664833416
664835026
664836644
664838255
664839874
664841485
664843105
664844718
664846338
664847951
664849573
664851187
664852809
664854425
664856048
664857664
664859288
664860906
664862531
664864149
664865775
664867394
664869021
664870641
664872269
664873891
664875520
664877143
664878773
664880397
664882028
664883653
664885285
664886911
664888549
664890179
664891820
664893453
664895094
664896729
664898371
664900007
664901650
664903286
664904930
664906568
664908213
664909852
664911505
664913151
664914807
664916456
664918112
664919762
664921420
664923070
664924729
664926380
664928040
664929692
664931353
664933006
664934667
664936322
664937987
664939645
664941310
664942969
664944636
664946296
664947963
664949624
664951292
664952954
664954624
664956287
664957957
664959621
664961300
664962972
664964654
664966329
664968012
664969688
664971372
664973049
664974733
664976411
664978097
664979776
664981462
664983142
664984830
664986511
664988199
664989881
664991572
664993257
664994949
664996634
664998327
665000013
665001707
665003395
665005089
665006778
665008474
665010163
665011860
665013550
665015248
665016939
665018641
665020336
665022039
665023735
665025439
665027137
665028842
665030540
665032246
665033945
665035652
665037352
665039065
665040771
665042487
665044198
665045915
665047626
665049345
665051057
665052777
665054490
665056211
665057925
665059646
665061361
665063084
665064800
665066524
665068241
665069965
665071683
665073409
665075128
665076854
665078574
665080302
665082023
665083751
665085473
665087203
665088925
665090664
665092395
665094137
665095872
665097614
665099350
665101094
665102831
665104576
665106314
665108059
665109799
665111545
665113286
665115041
665116791
665118549
665120302
665122061
665123814
665125575
665127329
665129090
665130845
665132608
665134364
665136127
665137884
665139649
665141406
665143175
665144936
665146707
665148472
665150244
665152009
665153782
665155549
665157323
665159090
665160865
665162634
665164410
665166180
665167958
665169728
665171507
665173279
665175058
665176831
665178611
665180385
665182166
665183941
665185723
665187499
665189283
665191059
665192844
665194621
665196418
665198209
665200027
665201839
665203658
665205471
665207291
665209105
665210926
665212741
665214563
665216379
665218203
665220020
665221844
665223662
665225487
665227306
665229133
665230953
665232784
665234608
665236440
665238265
665240098
665241924
665243758
665245585
665247420
665249249
665251085
665252914
665254754
665256586
665258426
665260260
665262102
665263936
665265779
665267615
665269459
665271296
665273141
665274980
665276826
665278665
665280512
665282352
665284200
665286042
665287890
665289733
665291583
665293426
665295277
665297122
665298974
665300819
665302672
665304519
665306375
665308224
665310082
665311932
665313791
665315642
665317502
665319354
665321215
665323069
665324930
665326785
665328648
665330504
665332368
665334225
665336090
665337948
665339817
665341679
665343552
665345418
665347292
665349159
665351034
665352902
665354778
665356648
665358525
665360395
665362277
665364152
665366035
665367912
665369796
665371673
665373558
665375437
665377323
665379203
665381090
665382971
665384859
665386741
665388631
665390513
665392406
665394291
665396187
665398076
665399977
665401871
665403774
665405669
665407573
665409469
665411374
665413271
665415177
665417076
665418983
665420883
665422793
665424697
665426609
665428514
665430427
665432333
665434247
665436154
665438069
665439978
665441894
665443803
665445721
665447631
665449549
665451461
665453382
665455297
665457221
665459139
665461064
665462982
665464909
665466828
665468756
665470677
665472605
665474527
665476457
665478380
665480311
665482235
665484167
665486092
665488026
665489952
665491886
665493814
665495750
665497678
665499615
665501545
665503488
665505424
665507372
665509313
665511267
665513214
665515173
665517126
665519086
665521040
665523002
665524956
665526919
665528875
665530839
665532796
665534761
665536719
665538685
665540644
665542612
665544572
665546540
665548502
665550471
665552434
665554404
665556368
665558340
665560304
665562280
665564249
665566229
665568202
665570184
665572158
665574144
665576123
665578110
665580090
665582078
665584060
665586049
665588032
665590023
665592007
665593999
665595984
665597977
665599963
665601958
665603945
665605940
665607929
665609925
665611915
665613913
665615903
665617902
665619894
665621896
665623891
665625901
665627905
665629919
665631926
665633942
665635950
665637967
665639976
665641994
665644005
665646024
665648036
665650056
665652069
665654091
665656105
665658128
665660143
665662167
665664184
665666209
665668227
665670253
665672272
665674299
665676319
665678347
665680368
665682397
665684420
665686454
665688483
665690522
665692556
665694597
665696632
665698674
665700710
665702753
665704790
665706835
665708873
665710919
665712958
665715005
665717046
665719094
665721136
665723185
665725228
665727279
665729323
665731378
665733427
665735484
665737534
665739592
665741643
665743716
665745781
665747855
665749922
665751997
665754065
665756144
665758216
665760296
665762370
665764451
665766526
665768609
665770686
665772770
665774847
665776932
665779011
665781097
665783177
665785265
665787346
665789434
665791517
665793606
665795690
665797781
665799865
665801957
665804043
665806138
665808227
665810323
665812413
665814511
665816602
665818701
665820794
665822894
665824988
665827089
665829184
665831287
665833383
665835487
665837585
665839690
665841789
665843895
665845995
665848103
665850204
665852317
665854423
665856541
665858653
665860772
665862884
665865004
665867118
665869239
665871354
665873482
665875604
665877735
665879860
665881993
665884119
665886252
665888380
665890515
665892643
665894780
665896909
665899047
665901178
665903316
665905448
665907588
665909722
665911864
665913999
665916143
665918279
665920433
665922581
665924736
665926885
665929042
665931191
665933349
665935500
665937659
665939812
665941972
665944126
665946287
665948442
665950605
665952762
665954926
665957083
665959249
665961408
665963575
665965735
665967903
665970064
665972233
665974395
665976566
665978729
665980904
665983071
665985247
665987416
665989593
665991763
665993941
665996112
665998294
666000469
666002652
666004829
666007013
666009191
666011377
666013556
666015743
666017924
666020112
666022294
666024483
666026666
666028857
666031041
666033233
666035419
666037612
666039798
666041995
666044185
666046389
666048586
666050790
666052988
666055194
666057393
666059600
666061800
666064009
666066210
666068420
666070623
666072834
666075038
666077251
666079456
666081670
666083877
666086091
666088300
666090516
666092725
666094942
666097153
666099376
666101593
666103820
666106040
666108267
666110489
666112718
666114940
666117175
666119404
666121640
666123870
666126108
666128339
666130579
666132811
666135052
666137286
666139528
666141763
666144006
666146243
666148487
666150725
666152971
666155210
666157457
666159697
666161946
666164187
666166437
666168680
666170932
666173177
666175430
666177677
666179931
666182179
666184435
666186684
666188942
666191192
666193451
666195702
666197962
666200215
666202477
666204731
666206994
666209250
666211513
666213771
666216036
666218295
666220561
666222821
666225088
666227349
666229625
666231894
666234170
666236441
666238719
666240990
666243273
666245550
666247839
666250122
666252412
666254696
666256988
666259273
666261566
666263853
666266147
666268435
666270731
666273020
666275317
666277607
666279906
666282198
666284498
666286791
666289092
666291386
666293692
666295992
666298302
666300606
666302918
666305223
666307536
666309843
666312157
666314465
666316781
666319090
666321407
666323717
666326036
666328347
666330667
666332980
666335301
666337616
666339939
666342255
666344579
666346896
666349221
666351539
666353866
666356186
666358513
666360834
666363163
666365485
666367816
666370139
666372473
666374801
666377138
666379469
666381807
666384139
666386479
666388812
666391153
666393488
666395830
666398166
666400510
666402847
666405193
666407531
666409878
666412218
666414566
666416907
666419257
666421599
666423950
666426294
666428649
666430998
666433354
666435704
666438062
666440413
666442772
666445124
666447485
666449838
666452200
666454555
666456918
666459274
666461639
666463996
666466362
666468721
666471088
666473449
666475817
666478179
666480548
666482911
666485282
666487647
666490019
666492385
666494758
666497125
666499500
666501868
666504258
666506640
666509047
666511447
666513855
666516256
666518665
666521068
666523479
666525883
666528295
666530701
666533114
666535521
666537936
666540344
666542761
666545170
666547588
666549999
666552418
666554831
666557251
666559665
666562087
666564502
666566926
666569342
666571767
666574184
666576610
666579029
666581457
666583877
666586306
666588728
666591158
666593581
666596013
666598437
666600871
666603297
666605731
666608159
666610595
666613024
666615461
666617892
666620330
666622762
666625202
666627635
666630077
666632511
666634954
666637390
666639839
666642280
666644735
666647184
666649640
666652090
666654547
666656998
666659457
666661910
666664370
666666824
666669287
666671742
666674206
666676663
666679128
666681586
666684052
666686512
666688980
666691441
666693910
666696372
666698843
666701307
666703779
666706244
666708717
666711184
666713659
666716127
666718603
666721072
666723550
666726021
666728500
666730972
666733452
666735926
666738407
666740882
666743366
666745842
666748327
666750805
666753291
666755770
666758258
666760738
666763227
666765709
666768199
666770683
666773174
666775659
666778152
666780638
666783134
666785624
666788122
666790613
666793112
666795604
666798105
666800599
666803101
666805596
666808099
666810596
666813101
666815599
666818106
666820605
666823113
666825615
666828124
666830627
666833138
666835642
666838154
666840660
666843173
666845680
666848195
666850704
666853220
666855730
666858248
666860759
666863278
666865791
666868312
666870825
666873347
666875863
666878386
666880903
666883428
666885946
666888472
666890992
666893520
666896041
666898570
666901092
666903623
666906147
666908679
666911204
666913737
666916264
666918799
666921327
666923863
666926393
666928930
666931461
666934000
666936533
666939073
666941607
666944153
666946693
666949241
666951782
666954331
666956873
666959424
666961968
666964520
666967066
666969619
666972167
666974722
666977271
666979827
666982378
666984936
666987487
666990047
666992600
666995160
666997715
667000277
667002833
667005397
667007954
667010519
667013078
667015645
667018206
667020776
667023339
667025913
667028481
667031057
667033626
667036203
667038774
667041353
667043925
667046505
667049079
667051661
667054237
667056820
667059397
667061982
667064560
667067154
667069742
667072337
667074926
667077524
667080114
667082713
667085305
667087905
667090499
667093100
667095695
667098298
667100895
667103503
667106104
667108713
667111315
667113926
667116530
667119142
667121748
667124361
667126968
667129583
667132192
667134809
667137419
667140037
667142648
667145268
667147880
667150501
667153116
667155738
667158354
667160978
667163595
667166220
667168839
667171466
667174087
667176720
667179347
667181985
667184616
667187255
667189887
667192528
667195161
667197803
667200439
667203082
667205719
667208364
667211003
667213649
667216289
667218937
667221578
667224228
667226871
667229521
667232166
667234818
667237464
667240118
667242766
667245422
667248071
667250728
667253379
667256041
667258696
667261359
667264015
667266680
667269338
667272004
667274663
667277331
667279992
667282661
667285324
667287995
667290660
667293332
667295998
667298672
667301339
667304015
667306683
667309360
667312030
667314709
667317381
667320061
667322734
667325415
667328090
667330773
667333449
667336143
667338831
667341530
667344223
667346924
667349618
667352320
667355016
667357720
667360417
667363123
667365821
667368528
667371229
667373937
667376639
667379353
667382060
667384787
667387506
667390234
667392955
667395685
667398408
667401139
667403865
667406598
667409325
667412060
667414788
667417531
667420267
667423014
667425755
667428504
667431247
667433998
667436742
667439494
667442240
667444993
667447741
667450496
667453245
667456002
667458752
667461511
667464263
667467023
667469776
667472538
667475293
667478056
667480813
667483578
667486337
667489104
667491864
667494633
667497395
667500166
667502929
667505701
667508466
667511240
667514006
667516781
667519550
667522326
667525096
667527874
667530646
667533425
667536199
667538980
667541755
667544537
667547314
667550098
667552876
667555661
667558441
667561228
667564010
667566799
667569582
667572373
667575158
667577950
667580736
667583531
667586318
667589114
667591903
667594701
667597491
667600290
667603082
667605883
667608677
667611479
667614275
667617078
667619876
667622685
667625487
667628303
667631111
667633934
667636750
667639574
667642391
667645217
667648036
667650863
667653684
667656512
667659335
667662165
667664989
667667832
667670668
667673517
667676359
667679209
667682053
667684905
667687750
667690604
667693450
667696306
667699154
667702011
667704862
667707720
667710572
667713435
667716292
667719161
667722024
667724894
667727758
667730631
667733496
667736371
667739239
667742115
667744985
667747863
667750734
667753614
667756487
667759368
667762243
667765126
667768002
667770886
667773764
667776650
667779530
667782418
667785299
667788189
667791072
667793963
667796847
667799740
667802626
667805520
667808408
667811305
667814194
667817092
667819984
667822884
667825777
667828678
667831573
667834476
667837372
667840277
667843175
667846081
667848981
667851889
667854790
667857699
667860602
667863513
667866418
667869331
667872237
667875152
667878060
667880980
667883893
667886814
667889729
667892657
667895579
667898509
667901433
667904365
667907291
667910225
667913153
667916089
667919018
667921956
667924887
667927829
667930764
667933707
667936644
667939589
667942528
667945474
667948415
667951363
667954305
667957255
667960199
667963151
667966096
667969060
667972017
667974987
667977951
667980923
667983888
667986861
667989827
667992802
667995771
667998747
668001717
668004696
668007667
668010647
668013621
668016607
668019587
668022584
668025575
668028574
668031566
668034567
668037561
668040563
668043559
668046563
668049561
668052567
668055566
668058574
668061574
668064586
668067591
668070604
668073610
668076625
668079633
668082650
668085659
668088678
668091689
668094709
668097722
668100744
668103759
668106782
668109799
668112825
668115845
668118873
668121895
668124925
668127948
668130981
668134007
668137041
668140068
668143104
668146134
668149171
668152202
668155242
668158274
668161322
668164364
668167414
668170457
668173509
668176554
668179608
668182655
668185710
668188759
668191816
668194866
668197933
668200993
668204064
668207128
668210201
668213267
668216341
668219409
668222485
668225555
668228634
668231705
668234785
668237858
668240940
668244016
668247099
668250176
668253262
668256341
668259428
668262508
668265597
668268679
668271770
668274854
668277947
668281032
668284127
668287214
668290314
668293408
668296515
668299616
668302725
668305828
668308938
668312043
668315156
668318262
668321376
668324484
668327600
668330710
668333832
668336948
668340074
668343193
668346321
668349442
668352572
668355695
668358826
668361951
668365084
668368210
668371345
668374473
668377609
668380739
668383896
668387045
668390210
668393369
668396536
668399696
668402865
668406026
668409198
668412362
668415535
668418701
668421876
668425044
668428221
668431391
668434570
668437741
668440921
668444095
668447280
668450459
668453646
668456826
668460015
668463198
668466389
668469573
668472765
668475951
668479151
668482345
668485551
668488751
668491959
668495160
668498371
668501574
668504786
668507991
668511205
668514412
668517628
668520837
668524054
668527265
668530484
668533697
668536918
668540132
668543355
668546571
668549795
668553013
668556240
668559459
668562687
668565909
668569139
668572362
668575594
668578820
668582053
668585280
668588516
668591745
668594983
668598214
668601454
668604687
668607929
668611164
668614407
668617644
668620890
668624128
668627376
668630616
668633865
668637107
668640360
668643605
668646859
668650107
668653362
668656611
668659869
668663120
668666379
668669632
668672899
668676160
668679429
668682691
668685962
668689226
668692499
668695765
668699040
668702308
668705584
668708854
668712133
668715404
668718685
668721958
668725246
668728528
668731820
668735105
668738405
668741698
668745000
668748295
668751598
668754895
668758200
668761499
668764806
668768107
668771423
668774732
668778051
668781362
668784682
668787996
668791318
668794634
668797958
668801275
668804601
668807921
668811248
668814570
668817899
668821222
668824554
668827879
668831215
668834545
668837891
668841229
668844577
668847918
668851267
668854610
668857961
668861306
668864659
668868005
668871361
668874709
668878066
668881416
668884776
668888128
668891489
668894843
668898206
668901563
668904928
668908286
668911653
668915013
668918387
668921754
668925133
668928506
668931894
668935274
668938665
668942049
668945442
668948828
668952222
668955610
668959006
668962396
668965794
668969186
668972587
668975980
668979383
668982778
668986183
668989580
668992986
668996386
668999794
669003196
669006606
669010009
669013421
669016827
669020244
669023655
669027084
669030507
669033949
669037384
669040834
669044277
669047729
669051174
669054628
669058075
669061531
669064980
669068438
669071889
669075351
669078807
669082271
669085728
669089194
669092653
669096121
669099583
669103053
669106516
669109988
669113453
669116927
669120394
669123873
669127345
669130829
669134306
669137791
669141270
669144763
669148250
669151745
669155233
669158730
669162221
669165720
669169213
669172714
669176209
669179712
669183209
669186714
669190213
669193720
669197221
669200730
669204233
669207744
669211249
669214762
669218269
669221784
669225293
669228817
669232334
669235865
669239390
669242931
669246466
669250009
669253546
669257091
669260630
669264177
669267718
669271268
669274810
669278362
669281907
669285460
669289007
669292563
669296112
669299669
669303220
669306779
669310332
669313898
669317458
669321026
669324587
669328157
669331720
669335292
669338857
669342437
669346010
669349597
669353177
669356766
669360349
669363941
669367526
669371119
669374706
669378302
669381892
669385490
669389081
669392681
669396274
669399877
669403472
669407076
669410674
669414280
669417879
669421487
669425089
669428699
669432302
669435914
669439519
669443137
669446749
669450369
669453982
669457605
669461220
669464845
669468463
669472089
669475709
669479338
669482960
669486591
669490215
669493848
669497475
669501110
669504738
669508376
669512006
669515645
669519278
669522924
669526563
669530213
669533856
669537507
669541152
669544805
669548452
669552114
669555768
669559432
669563089
669566755
669570414
669574082
669577743
669581413
669585076
669588749
669592414
669596088
669599756
669603432
669607102
669610780
669614452
669618133
669621806
669625492
669629171
669632863
669636547
669640255
669643956
669647666
669651369
669655081
669658786
669662499
669666207
669669927
669673641
669677368
669681089
669684819
669688542
669692274
669695999
669699733
669703461
669707197
669710926
669714665
669718397
669722137
669725871
669729613
669733349
669737093
669740831
669744578
669748318
669752074
669755823
669759581
669763333
669767093
669770847
669774609
669778365
669782130
669785888
669789655
669793416
669797185
669800948
669804719
669808484
669812258
669816026
669819802
669823571
669827349
669831121
669834901
669838675
669842460
669846239
669850030
669853815
669857616
669861411
669865214
669869010
669872815
669876614
669880421
669884221
669888034
669891839
669895654
669899462
669903278
669907088
669910907
669914720
669918541
669922355
669926179
669929995
669933821
669937640
669941467
669945288
669949120
669952945
669956779
669960606
669964454
669968295
669972161
669976020
669979888
669983750
669987620
669991484
669995356
669999222
670003097
670006965
670010842
670014712
670018591
670022464
670026346
670030221
670034105
670037982
670041868
670045748
670049636
670053517
670057408
670061291
670065184
670069069
670072966
670076855
670080753
670084645
670088545
670092439
670096349
670100253
670104165
670108071
670111986
670115894
670119811
670123721
670127640
670131553
670135475
670139390
670143314
670147231
670151157
670155077
670159005
670162927
670166858
670170782
670174715
670178641
670182580
670186512
670190456
670194392
670198338
670202277
670206225
670210166
670214116
670218059
670222011
670225957
670229911
670233859
670237816
670241766
670245725
670249677
670253638
670257593
670261557
670265514
670269480
670273439
670277407
670281368
670285344
670289313
670293296
670297273
670301258
670305236
670309223
670313204
670317200
670321190
670325196
670329196
670333204
670337207
670341217
670345222
670349235
670353242
670357258
670361267
670365285
670369296
670373316
670377330
670381353
670385369
670389394
670393412
670397439
670401460
670405489
670409512
670413548
670417577
670421615
670425646
670429687
670433721
670437764
670441801
670445846
670449885
670453933
670457974
670462024
670466068
670470120
670474166
670478221
670482269
670486326
670490377
670494437
670498489
670502551
670506606
670510670
670514728
670518798
670522862
670526935
670531001
670535076
670539144
670543224
670547298
670551380
670555456
670559541
670563619
670567706
670571786
670575876
670579958
670584050
670588135
670592229
670596316
670600412
670604502
670608600
670612693
670616793
670620888
670624991
670629088
670633197
670637300
670641414
670645522
670649638
670653748
670657867
670661979
670666100
670670214
670674337
670678454
670682580
670686699
670690827
670694948
670699079
670703203
670707335
670711462
670715597
670719725
670723863
670727994
670732133
670736266
670740408
670744544
670748688
670752826
670756973
670761113
670765262
670769404
670773564
670777718
670781886
670786047
670790217
670794381
670798554
670802720
670806895
670811064
670815242
670819413
670823594
670827767
670831950
670836126
670840311
670844489
670848677
670852858
670857047
670861231
670865423
670869608
670873808
670878000
670882202
670886397
670890600
670894798
670899004
670903203
670907411
670911613
670915823
670920027
670924240
670928447
670932662
670936871
670941089
670945301
670949521
670953735
670957958
670962174
670966399
670970618
670974845
670979066
670983296
670987519
670991751
670995977
671000211
671004439
671008697
671012949
671017237
671021518
671025809
671030093
671034385
671038672
671042967
671047256
671051553
671055845
671060145
671064438
671068741
671073037
671077342
671081641
671085949
671090250
671094560
671098863
671103175
671107481
671111795
671116104
671120421
671124731
671129051
671133364
671137686
671142002
671146326
671150644
671154971
671159291
671163621
671167944
671172275
671176601
671180935
671185263
671189600
671193931
671198271
671202605
671206947
671211282
671215627
671219965
671224312
671228652
671233002
671237344
671241696
671246041
671250401
671254754
671259119
671263478
671267845
671272207
671276577
671280940
671285312
671289678
671294053
671298421
671302799
671307170
671311549
671315923
671320305
671324682
671329067
671333446
671337833
671342215
671346605
671350988
671355381
671359767
671364162
671368550
671372947
671377339
671381738
671386132
671390535
671394931
671399336
671403734
671408146
671412551
671416966
671421373
671425790
671430201
671434620
671439032
671443454
671447869
671452293
671456711
671461137
671465558
671469987
671474409
671478841
671483266
671487700
671492127
671496563
671500993
671505432
671509864
671514305
671518740
671523184
671527622
671532069
671536509
671540964
671545412
671549872
671554326
671558789
671563245
671567710
671572169
671576637
671581099
671585570
671590035
671594508
671598976
671603451
671607921
671612399
671616871
671621352
671625827
671630310
671634787
671639272
671643751
671648240
671652722
671657212
671661697
671666190
671670677
671675173
671679662
671684164
671688659
671693163
671697661
671702167
671706667
671711177
671715680
671720192
671724698
671729213
671733721
671738238
671742749
671747280
671751804
671756342
671760875
671765416
671769951
671774494
671779032
671783579
671788120
671792670
671797214
671801766
671806312
671810874
671815428
671819996
671824557
671829127
671833691
671838264
671842830
671847406
671851975
671856552
671861124
671865704
671870278
671874861
671879438
671884024
671888603
671893191
671897773
671902363
671906948
671911541
671916128
671920724
671925314
671929913
671934506
671939108
671943704
671948316
671952922
671957541
671962153
671966775
671971390
671976015
671980633
671985259
671989880
671994510
671999133
672003765
672008391
672013033
672017670
672022315
672026954
672031602
672036244
672040894
672045538
672050191
672054838
672059493
672064143
672068801
672073453
672078114
672082769
672087437
672092099
672096769
672101433
672106106
672110773
672115448
672120118
672124796
672129469
672134150
672138825
672143509
672148187
672152873
672157554
672162247
672166933
672171640
672176340
672181049
672185753
672190464
672195170
672199885
672204595
672209313
672214024
672218745
672223459
672228192
672232919
672237659
672242393
672247136
672251872
672256618
672261357
672266105
672270847
672275597
672280342
672285095
672289843
672294599
672299349
672304108
672308860
672313622
672318377
672323142
672327900
672332666
672337427
672342198
672346963
672351737
672356505
672361282
672366053
672370842
672375626
672380423
672385215
672390015
672394809
672399612
672404409
672409214
672414014
672418822
672423625
672428436
672433241
672438055
672442863
672447679
672452490
672457309
672462122
672466944
672471759
672476583
672481402
672486229
672491050
672495880
672500704
672505537
672510364
672515200
672520029
672524868
672529700
672534541
672539376
672544220
672549057
672553903
672558744
672563593
672568437
672573290
672578138
672583012
672587880
672592762
672597637
672602529
672607414
672612308
672617195
672622092
672626983
672631882
672636776
672641678
672646574
672651479
672656378
672661286
672666187
672671098
672676002
672680915
672685822
672690738
672695648
672700566
672705479
672710400
672715316
672720240
672725159
672730086
672735007
672739941
672744869
672749819
672754763
672759716
672764663
672769619
672774570
672779529
672784483
672789446
672794403
672799368
672804328
672809313
672814292
672819287
672824276
672829274
672834265
672839266
672844261
672849264
672854262
672859268
672864268
672869278
672874281
672879293
672884299
672889313
672894322
672899340
672904351
672909372
672914386
672919409
672924426
672929452
672934472
672939501
672944524
672949557
672954583
672959618
672964647
672969685
672974716
672979757
672984791
672989835
672994872
672999918
673004959
673010008
673015051
673020104
673025151
673030216
673035275
673040348
673045415
673050500
673055580
673060669
673065752
673070844
673075929
673081024
673086112
673091210
673096301
673101402
673106496
673111599
673116696
673121802
673126902
673132010
673137113
673142225
673147330
673152445
673157554
673162671
673167783
673172904
673178019
673183148
673188270
673193402
673198528
673203672
673208811
673213959
673219101
673224253
673229398
673234553
673239701
673244859
673250011
673255171
673260325
673265493
673270656
673275836
673281011
673286194
673291372
673296558
673301739
673306928
673312112
673317304
673322490
673327685
673332874
673338072
673343265
673348469
673353667
673358873
673364074
673369284
673374488
673379700
673384907
673390122
673395332
673400550
673405763
673410984
673416200
673421438
673426670
673431920
673437165
673442418
673447666
673452922
673458173
673463433
673468688
673473952
673479210
673484476
673489737
673495012
673500281
673505561
673510836
673516119
673521397
673526683
673531964
673537253
673542536
673547828
673553115
673558410
673563699
673568998
673574290
673579591
673584886
673590191
673595491
673600799
673606101
673611413
673616718
673622032
673627341
673632658
673637970
673643291
673648606
673653931
673659249
673664576
673669898
673675239
673680575
673685920
673691260
673696608
673701950
673707302
673712647
673718002
673723350
673728708
673734059
673739424
673744782
673750158
673755527
673760905
673766277
673771659
673777034
673782418
673787797
673793184
673798566
673803956
673809341
673814735
673820123
673825520
673830911
673836311
673841706
673847109
673852506
673857912
673863312
673868721
673874125
673879537
673884944
673890359
673895768
673901219
673906664
673912159
673917648
673923146
673928638
673934139
673939635
673945140
673950639
673956147
673961650
673967161
673972667
673978189
673983705
673989232
673994754
674000284
674005809
674011342
674016870
674022406
674027937
674033477
674039011
674044553
674050090
674055636
674061176
674066734
674072287
674077851
674083409
674088975
674094536
674100107
674105671
674111245
674116813
674122391
674127963
674133543
674139119
674144703
674150281
674155868
674161449
674167039
674172624
674178217
674183804
674189400
674194991
674200590
674206184
674211787
674217384
674222990
674228590
674234203
674239810
674245426
674251037
674256656
674262270
674267892
674273509
674279135
674284755
674290385
674296008
674301640
674307267
674312902
674318532
674324171
674329804
674335452
674341095
674346753
674352405
674358065
674363721
674369384
674375043
674380710
674386371
674392041
674397706
674403379
674409047
674414736
674420419
674426111
674431798
674437493
674443183
674448882
674454575
674460276
674465973
674471678
674477377
674483085
674488788
674494506
674500218
674505939
674511654
674517381
674523102
674528832
674534557
674540290
674546017
674551753
674557484
674563224
674568958
674574712
674580461
674586219
674591971
674597732
674603487
674609252
674615011
674620779
674626542
674632313
674638079
674643854
674649624
674655402
674661174
674666955
674672731
674678518
674684299
674690097
674695888
674701689
674707484
674713288
674719086
674724893
674730695
674736505
674742310
674748124
674753932
674759749
674765561
674771381
674777197
674783021
674788839
674794667
674800489
674806319
674812145
674817979
674823807
674829644
674835476
674841318
674847155
674853009
674858858
674864722
674870580
674876446
674882308
674888178
674894043
674899916
674905784
674911661
674917532
674923412
674929287
674935173
674941054
674946944
674952828
674958721
674964608
674970504
674976395
674982295
674988189
674994092
674999989
675005899
675011804
675017729
675023649
675029592
675035530
675041479
675047423
675053375
675059322
675065278
675071228
675077187
675083141
675089104
675095061
675101027
675106988
675112958
675118922
675124895
675130863
675136840
675142811
675148791
675154766
675160749
675166727
675172713
675178695
675184689
675190679
675196687
675202690
675208705
675214714
675220741
675226763
675232793
675238818
675244852
675250880
675256917
675262949
675268990
675275025
675281069
675287108
675293155
675299198
675305249
675311295
675317349
675323398
675329456
675335509
675341570
675347626
675353691
675359750
675365826
675371898
675377980
675384057
675390142
675396222
675402329
675408429
675414539
675420643
675426756
675432864
675438981
675445092
675451212
675457327
675463451
675469569
675475696
675481818
675487949
675494074
675500208
675506337
675512476
675518611
675524754
675530891
675537037
675543178
675549346
675555508
675561687
675567861
675574052
675580237
675586431
675592620
675598818
675605011
675611212
675617408
675623613
675629813
675636022
675642225
675648438
675654645
675660860
675667071
675673290
675679504
675685727
675691944
675698170
675704391
675710620
675716845
675723077
675729305
675735541
675741772
675748022
675754266
675760523
675766774
675773035
675779290
675785554
675791813
675798081
675804343
675810615
675816881
675823156
675829426
675835705
675841978
675848260
675854537
675860823
675867104
675873399
675879689
675885993
675892291
675898598
675904900
675911211
675917516
675923842
675930163
675936492
675942816
675949149
675955477
675961823
675968163
675974512
675980855
675987208
675993555
675999911
676006262
676012622
676018976
676025340
676031698
676038064
676044426
676050800
676057169
676063551
676069928
676076319
676082705
676089100
676095490
676101889
676108282
676114692
676121098
676127512
676133922
676140340
676146753
676153175
676159592
676166018
676172438
676178868
676185293
676191726
676198154
676204591
676211023
676217463
676223899
676230343
676236782
676243229
676249672
676256127
676262576
676269046
676275510
676281983
676288451
676294928
676301400
676307880
676314356
676320840
676327319
676333807
676340290
676346781
676353268
676359764
676366255
676372754
676379249
676385752
676392250
676398757
676405259
676411769
676418275
676424793
676431306
676437829
676444347
676450873
676457394
676463931
676470463
676477003
676483538
676490082
676496621
676503169
676509712
676516263
676522810
676529365
676535916
676542475
676549029
676555592
676562150
676568717
676575279
676581849
676588415
676594989
676601558
676608142
676614720
676621310
676627895
676634505
676641111
676647748
676654381
676661022
676667659
676674303
676680943
676687592
676694235
676700895
676707550
676714214
676720872
676727540
676734203
676740874
676747541
676754217
676760887
676767566
676774241
676780924
676787601
676794288
676800970
676807660
676814345
676821039
676827728
676834432
676841132
676847844
676854552
676861268
676867979
676874700
676881415
676888138
676894857
676901585
676908308
676915040
676921767
676928503
676935234
676941973
676948708
676955452
676962191
676968938
676975681
676982432
676989178
676995941
677002699
677009471
677016238
677023018
677029793
677036577
677043356
677050143
677056925
677063735
677070540
677077353
677084162
677090979
677097791
677104613
677111429
677118254
677125075
677131904
677138728
677145561
677152390
677159227
677166059
677172899
677179735
677186582
677193424
677200274
677207120
677213992
677220860
677227748
677234631
677241522
677248409
677255305
677262195
677269095
677275989
677282892
677289791
677296698
677303600
677310512
677317418
677324333
677331244
677338163
677345078
677352001
677358920
677365847
677372769
677379700
677386626
677393561
677400491
677407435
677414374
677421322
677428265
677435217
677442164
677449130
677456092
677463068
677470038
677477018
677483992
677490975
677497954
677504941
677511924
677518915
677525902
677532897
677539888
677546887
677553882
677560885
677567884
677574892
677581894
677588905
677595911
677602932
677609947
677616980
677624009
677631046
677638079
677645120
677652156
677659202
677666242
677673291
677680336
677687389
677694437
677701495
677708547
677715608
677722664
677729730
677736790
677743859
677750924
677757997
677765065
677772142
677779215
677786301
677793382
677800476
677807564
677814662
677821754
677828855
677835951
677843064
677850172
677857294
677864411
677871537
677878659
677885789
677892915
677900049
677907178
677914317
677921450
677928593
677935730
677942877
677950018
677957169
677964314
677971469
677978619
677985777
677992931
678000094
678007251
678014421
678021585
678028758
678035927
678043104
678050276
678057457
678064634
678071819
678079000
678086190
678093376
678100570
678107759
678114957
678122151
678129353
678136551
678143757
678150959
678158169
678165375
678172589
678179799
678187017
678194231
678201461
678208686
678215920
678223148
678230386
678237619
678244867
678252111
678259376
678266638
678273907
678281173
678288447
678295717
678302995
678310270
678317553
678324831
678332118
678339400
678346692
678353978
678361273
678368563
678375863
678383157
678390460
678397759
678405073
678412382
678419703
678427020
678434345
678441666
678448995
678456320
678463653
678470982
678478319
678485651
678492993
678500329
678507675
678515016
678522365
678529711
678537065
678544414
678551773
678559126
678566489
678573846
678581212
678588574
678595944
678603310
678610685
678618054
678625433
678632807
678640190
678647568
678654967
678662361
678669768
678677172
678684583
678691991
678699407
678706818
678714238
678721654
678729079
678736499
678743928
678751353
678758787
678766216
678773654
678781087
678788529
678795966
678803412
678810853
678818303
678825748
678833202
678840652
678848110
678855563
678863026
678870483
678877950
678885412
678892882
678900348
678907822
678915292
678922770
678930244
678937727
678945205
678952693
678960176
678967668
678975155
678982652
678990144
678997644
679005140
679012644
679020144
679027653
679035157
679042669
679050177
679057694
679065206
679072756
679080302
679087882
679095458
679103042
679110622
679118211
679125795
679133388
679140976
679148573
679156166
679163767
679171364
679178969
679186571
679194181
679201787
679209402
679217012
679224631
679232246
679239869
679247487
679255115
679262737
679270369
679277996
679285632
679293263
679300903
679308539
679316184
679323825
679331474
679339119
679346778
679354433
679362096
679369755
679377423
679385086
679392758
679400426
679408102
679415774
679423454
679431130
679438815
679446496
679454185
679461870
679469563
679477252
679484950
679492643
679500344
679508041
679515747
679523448
679531159
679538864
679546579
679554289
679562008
679569722
679577445
679585164
679592895
679600622
679608358
679616089
679623829
679631565
679639309
679647050
679654800
679662545
679670299
679678049
679685807
679693561
679701323
679709081
679716848
679724610
679732381
679740147
679747922
679755693
679763473
679771249
679779034
679786815
679794604
679802389
679810185
679817977
679825782
679833583
679841393
679849198
679857011
679864821
679872639
679880454
679888277
679896096
679903924
679911747
679919579
679927406
679935243
679943074
679950921
679958762
679966613
679974459
679982314
679990165
679998025
680005881
680013746
680021607
680029477
680037342
680045226
680053105
680060999
680068889
680076788
680084682
680092585
680100484
680108392
680116295
680124207
680132114
680140031
680147943
680155864
680163780
680171705
680179626
680187555
680195480
680203414
680211343
680219281
680227215
680235158
680243096
680251043
680258987
680266939
680274887
680282856
680290820
680298799
680306773
680314757
680322735
680330723
680338706
680346699
680354686
680362683
680370675
680378689
680386699
680394724
680402746
680410776
680418801
680426835
680434865
680442904
680450938
680458981
680467020
680475069
680483113
680491166
680499215
680507273
680515326
680523392
680531454
680539525
680547592
680555667
680563738
680571817
680579893
680587977
680596057
680604147
680612232
680620326
680628416
680636514
680644608
680652711
680660810
680668918
680677021
680685133
680693240
680701357
680709470
680717593
680725712
680733840
680741964
680750096
680758224
680766376
680774524
680782690
680790851
680799021
680807187
680815361
680823531
680831710
680839885
680848069
680856248
680864436
680872620
680880813
680889002
680897199
680905392
680913594
680921791
680929997
680938199
680946410
680954617
680962834
680971047
680979269
680987487
680995715
681003938
681012181
681020419
681028672
681036920
681045177
681053430
681061692
681069950
681078216
681086479
681094750
681103017
681111294
681119567
681127867
681136162
681144467
681152767
681161079
681169387
681177703
681186015
681194336
681202653
681210979
681219301
681227632
681235960
681244296
681252628
681260969
681269305
681277651
681285992
681294341
681302687
681311041
681319392
681327751
681336106
681344470
681352830
681361199
681369564
681377937
681386307
681394690
681403068
681411472
681419872
681428281
681436685
681445099
681453509
681461927
681470342
681478766
681487185
681495613
681504037
681512470
681520899
681529336
681537769
681546211
681554649
681563096
681571539
681579990
681588438
681596894
681605346
681613807
681622264
681630730
681639192
681647663
681656129
681664604
681673075
681681556
681690033
681698518
681707000
681715492
681723980
681732477
681740970
681749471
681757969
681766513
681775052
681783620
681792184
681800756
681809324
681817901
681826474
681835056
681843635
681852222
681860805
681869397
681877986
681886594
681895198
681903818
681912433
681921062
681929687
681938321
681946951
681955590
681964224
681972868
681981508
681990158
681998803
682007458
682016109
682024768
682033424
682042088
682050748
682059417
682068082
682076755
682085425
682094104
682102779
682111463
682120143
682128833
682137519
682146229
682154936
682163657
682172375
682181116
682189852
682198599
682207342
682216094
682224841
682233598
682242350
682251112
682259869
682268636
682277398
682286169
682294936
682303712
682312484
682321264
682330041
682338826
682347608
682356398
682365185
682373980
682382772
682391572
682400369
682409174
682417976
682426787
682435594
682444423
682453247
682462082
682470913
682479752
682488589
682497434
682506276
682515126
682523972
682532828
682541679
682550552
682559422
682568310
682577194
682586087
682594976
682603874
682612768
682621672
682630573
682639482
682648388
682657303
682666214
682675148
682684079
682693022
682701961
682710909
682719853
682728806
682737755
682746713
682755666
682764630
682773590
682782559
682791524
682800498
682809469
682818463
682827454
682836458
682845458
682854467
682863472
682872486
682881497
682890516
682899532
682908557
682917579
682926610
682935637
682944684
682953727
682962785
682971839
682980902
682989962
682999030
683008094
683017167
683026236
683035314
683044388
683053471
683062551
683071639
683080724
683089817
683098906
683108008
683117106
683126213
683135316
683144428
683153535
683162652
683171766
683180888
683190007
683199134
683208258
683217391
683226520
683235658
683244792
683253947
683263097
683272258
683281415
683290580
683299742
683308913
683318080
683327256
683336428
683345609
683354786
683364000
683373209
683382468
683391723
683400987
683410247
683419516
683428781
683438056
683447326
683456606
683465881
683475166
683484447
683493737
683503023
683512319
683521610
683530911
683540208
683549514
683558815
683568127
683577433
683586750
683596062
683605384
683614701
683624028
683633351
683642698
683652039
683661398
683670752
683680116
683689475
683698845
683708210
683717587
683726959
683736341
683745719
683755107
683764489
683773897
683783301
683792717
683802130
683811551
683820968
683830395
683839818
683849250
683858677
683868115
683877548
683886991
683896429
683905877
683915320
683924779
683934234
683943698
683953158
683962628
683972093
683981568
683991038
684000519
684009996
684019483
684028966
684038459
684047948
684057446
684066940
684076443
684085942
684095458
684104969
684114496
684124018
684133550
684143078
684152616
684162150
684171693
684181231
684190779
684200323
684209889
684219451
684229044
684238632
684248230
684257824
684267428
684277027
684286636
684296240
684305855
684315465
684325084
684334699
684344324
684353945
684363575
684373201
684382840
684392475
684402130
684411781
684421442
684431098
684440764
684450426
684460097
684469765
684479442
684489115
684498797
684508476
684518177
684527874
684537580
684547283
684556995
684566704
684576422
684586137
684595861
684605581
684615310
684625035
684634770
684644501
684654241
684663977
684673722
684683464
684693218
684702968
684712728
684722483
684732249
684742009
684751780
684761546
684771322
684781094
684790876
684800653
684810440
684820223
684830015
684839804
684849602
684859396
684869201
684879001
684888811
684898618
684908433
684918245
684928077
684937904
684947749
684957590
684967448
684977302
684987172
684997037
685006912
685016783
685026663
685036540
685046426
685056308
685066200
685076087
685085988
685095885
685105792
685115694
685125606
685135514
685145432
685155346
685165269
685175188
685185117
685195041
685204976
685214906
685224846
685234781
685244732
685254679
685264653
685274622
685284609
685294592
685304585
685314574
685324572
685334567
685344571
685354572
685364582
685374588
685384604
685394616
685404650
685414680
685424720
685434755
685444801
685454842
685464893
685474940
685484997
685495049
685505112
685515170
685525242
685535310
685545398
685555481
685565579
685575673
685585781
685595884
685605997
685616105
685626224
685636338
685646463
685656583
685666713
685676839
685686976
685697108
685707250
685717388
685727536
685737680
685747834
685757983
685768143
685778298
685788463
685798624
685808795
685818961
685829150
685839335
685849537
685859736
685869958
685880177
685890430
685900679
685910939
685921194
685931459
685941720
685951991
685962257
685972534
685982806
685993089
686003367
686013655
686023939
686034232
686044522
686054821
686065117
686075430
686085739
686096058
686106372
686116697
686127017
686137371
686147722
686158085
686168445
686178814
686189179
686199559
686209935
686220321
686230704
686241096
686251485
686261883
686272278
686282683
686293084
686303495
686313902
686324318
686334731
686345153
686355571
686365999
686376424
686386858
686397288
686407727
686418163
686428608
686439049
686449506
686459958
686470434
686480905
686491392
686501875
686512367
686522856
686533355
686543849
686554354
686564855
686575365
686585872
686596389
686606902
686617425
686627944
686638472
686648997
686659532
686670062
686680609
686691151
686701709
686712263
686722826
686733385
686743954
686754519
686765094
686775664
686786266
686796863
686807473
686818080
686828696
686839309
686849931
686860550
686871179
686881803
686892438
686903069
686913710
686924347
686934993
686945636
686956289
686966937
686977597
686988254
686998925
687009593
687020288
687030979
687041680
687052377
687063084
687073787
687084512
687095234
687105965
687116692
687127430
687138163
687148907
687159647
687170396
687181143
687191899
687202651
687213414
687224173
687234941
687245706
687256480
687267251
687278031
687288807
687299593
687310376
687321172
687331965
687342771
687353573
687364385
687375194
687386011
687396826
687407654
687418479
687429313
687440144
687450985
687461822
687472669
687483513
687494366
687505216
687516076
687526933
687537799
687548662
687559534
687570403
687581281
687592156
687603045
687613930
687624830
687635725
687646640
687657551
687668481
687679407
687690342
687701274
687712216
687723154
687734102
687745046
687756011
687766972
687777944
687788912
687799889
687810863
687821847
687832827
687843818
687854804
687865800
687876793
687887795
687898793
687909809
687920821
687931846
687942867
687953905
687964939
687975983
687987023
687998080
688009134
688020197
688031257
688042326
688053392
688064468
688075541
688086623
688097702
688108791
688119877
688130972
688142064
688153166
688164264
688175372
688186477
688197592
688208703
688219823
688230940
688242067
688253189
688264324
688275455
688286606
688297753
688308916
688320075
688331244
688342410
688353585
688364757
688375938
688387116
688398304
688409488
688420682
688431873
688443074
688454272
688465479
688476683
688487897
688499107
688510327
688521544
688532770
688543993
688555236
688566475
688577727
688588975
688600232
688611486
688622755
688634020
688645311
688656599
688667896
688679190
688690494
688701794
688713104
688724411
688735727
688747041
688758364
688769684
688781013
688792339
688803675
688815007
688826350
688837689
688849037
688860382
688871744
688883102
688894476
688905847
688917254
688928658
688940089
688951518
688962956
688974390
688985835
688997276
689008735
689020191
689031657
689043119
689054591
689066060
689077539
689089015
689100501
689111983
689123476
689134965
689146463
689157959
689169464
689180966
689192478
689203986
689215504
689227018
689238542
689250062
689261603
689273140
689284689
689296235
689307791
689319343
689330906
689342465
689354034
689365600
689377175
689388748
689400330
689411909
689423498
689435083
689446679
689458271
689469873
689481473
689493082
689504688
689516303
689527915
689539541
689551165
689562805
689574442
689586105
689597765
689609435
689621102
689632778
689644451
689656151
689667847
689679559
689691268
689702986
689714701
689726426
689738148
689749879
689761607
689773345
689785080
689796825
689808566
689820318
689832066
689843823
689855578
689867344
689879107
689890880
689902649
689914449
689926246
689938081
689949913
689961755
689973594
689985442
689997287
690009142
690020994
690032855
690044714
690056582
690068447
690080322
690092194
690104076
690115955
690127844
690139730
690151625
690163518
690175420
690187319
690199228
690211133
690223048
690234960
690246886
690258809
690270741
690282670
690294609
690306545
690318504
690330460
690342428
690354394
690366370
690378343
690390326
690402306
690414295
690426282
690438278
690450272
690462275
690474275
690486284
690498291
690510308
690522321
690534345
690546365
690558395
690570422
690582463
690594502
690606557
690618610
690630672
690642732
690654800
690666866
690678941
690691014
690703096
690715176
690727266
690739352
690751449
690763543
690775646
690787746
690799857
690811964
690824081
690836194
690848318
690860438
690872568
690884695
690896840
690908983
690921141
690933296
690945460
690957622
690969793
690981961
690994149
691006335
691018547
691030757
691042976
691055193
691067419
691079642
691091876
691104107
691116347
691128585
691140832
691153076
691165331
691177582
691189843
691202101
691214368
691226633
691238908
691251180
691263461
691275740
691288031
691300320
691312619
691324914
691337219
691349522
691361834
691374143
691386462
691398778
691411103
691423426
691435759
691448089
691460429
691472767
691485114
691497459
691509813
691522165
691534526
691546884
691559252
691571617
691583991
691596363
691608745
691621123
691633511
691645897
691658292
691670684
691683096
691695505
691707940
691720372
691732814
691745252
691757701
691770147
691782602
691795055
691807518
691819979
691832449
691844917
691857394
691869869
691882353
691894834
691907326
691919814
691932312
691944807
691957311
691969813
691982324
691994833
692007351
692019867
692032393
692044916
692057448
692069978
692082517
692095053
692107599
692120142
692132695
692145246
692157805
692170363
692182930
692195496
692208071
692220644
692233227
692245806
692258395
692270982
692283578
692296171
692308774
692321374
692333984
692346591
692359207
692371821
692384457
692397091
692409739
692422385
692435041
692447694
692460357
692473017
692485692
692498365
692511048
692523728
692536418
692549105
692561802
692574496
692587201
692599903
692612615
692625324
692638043
692650759
692663485
692676208
692688951
692701690
692714440
692727186
692739943
692752697
692765460
692778221
692790992
692803760
692816538
692829313
692842098
692854880
692867672
692880461
692893260
692906056
692918862
692931666
692944479
692957289
692970110
692982927
692995755
693008580
693021414
693034246
693047087
693059926
693072774
693085620
693098475
693111327
693124189
693137049
693149918
693162785
693175662
693188536
693201419
693214301
693227203
693240103
693253017
693265929
693278851
693291770
693304699
693317626
693330562
693343497
693356441
693369384
693382336
693395285
693408244
693421200
693434166
693447129
693460102
693473073
693486052
693499030
693512017
693525003
693537998
693550991
693563993
693576994
693590004
693603012
693616034
693629053
693642089
693655123
693668167
693681208
693694258
693707306
693720364
693733421
693746486
693759550
693772624
693785695
693798775
693811853
693824955
693838053
693851180
693864305
693877438
693890570
693903711
693916850
693929998
693943145
693956302
693969456
693982620
693995781
694008968
694022151
694035353
694048553
694061762
694074969
694088186
694101401
694114625
694127846
694141078
694154307
694167546
694180782
694194028
694207272
694220525
694233776
694247037
694260295
694273563
694286828
694300103
694313376
694326659
694339939
694353229
694366517
694379815
694393111
694406428
694419742
694433074
694446403
694459742
694473079
694486426
694499770
694513124
694526475
694539837
694553196
694566565
694579931
694593313
694606692
694620080
694633466
694646862
694660256
694673659
694687060
694700471
694713881
694727301
694740719
694754147
694767573
694781008
694794442
694807891
694821338
694834794
694848248
694861712
694875174
694888644
694902114
694915592
694929070
694942557
694956042
694969537
694983029
694996532
695010032
695023541
695037048
695050565
695064079
695077603
695091126
695104658
695118188
695131729
695145269
695158818
695172365
695185921
695199476
695213056
695226633
695240230
695253824
695267427
695281029
695294640
695308249
695321867
695335484
695349110
695362734
695376368
695390000
695403641
695417280
695430939
695444595
695458275
695471952
695485639
695499324
695513018
695526711
695540414
695554117
695567828
695581539
695595259
695608977
695622724
695636468
695650232
695663994
695677765
695691535
695705314
695719091
695732878
695746663
695760458
695774251
695788054
695801854
695815665
695829473
695843291
695857108
695870942
695884774
695898616
695912456
695926305
695940152
695954010
695967867
695981734
695995599
696009473
696023346
696037228
696051108
696064998
696078885
696092782
696106677
696120582
696134485
696148397
696162308
696176228
696190147
696204076
696218002
696231938
696245872
696259816
696273757
696287708
696301657
696315618
696329577
696343545
696357513
696371490
696385466
696399451
696413434
696427427
696441418
696455419
696469417
696483425
696497431
696511447
696525461
696539484
696553506
696567537
696581567
696595607
696609644
696623692
696637737
696651798
696665857
696679934
696694009
696708110
696722208
696736317
696750424
696764541
696778657
696792784
696806909
696821044
696835177
696849320
696863461
696877618
696891773
696905938
696920101
696934273
696948444
696962624
696976803
696990991
697005178
697019375
697033570
697047776
697061980
697076210
697090439
697104686
697118932
697133193
697147452
697161721
697175987
697190264
697204539
697218824
697233108
697247402
697261694
697275997
697290298
697304608
697318916
697333234
697347551
697361876
697376200
697390534
697404866
697419208
697433548
697447898
697462246
697476605
697490961
697505327
697519691
697534071
697548450
697562863
697577275
697591698
697606120
697620551
697634980
697649420
697663857
697678304
697692750
697707205
697721658
697736121
697750582
697765052
697779521
697794000
697808477
697822963
697837448
697851944
697866439
697880943
697895445
697909959
697924470
697938999
697953526
697968062
697982597
697997156
698011712
698026280
698040846
698055422
698069997
698084582
698099166
698113759
698128351
698142953
698157552
698172178
698186802
698201440
698216076
698230723
698245368
698260023
698274677
698289341
698304003
698318675
698333346
698348027
698362707
698377415
698392123
698406850
698421576
698436312
698451046
698465789
698480531
698495282
698510032
698524793
698539552
698554321
698569089
698583866
698598642
698613438
698628232
698643052
698657871
698672699
698687525
698702361
698717196
698732040
698746884
698761737
698776589
698791452
698806312
698821201
698836088
698850990
698865890
698880800
698895709
698910627
698925544
698940471
698955396
698970331
698985265
699000208
699015150
699030101
699045051
699060011
699074969
699089955
699104940
699119935
699134928
699149931
699164933
699179945
699194957
699209978
699224998
699240027
699255055
699270093
699285129
699300175
699315220
699330300
699345379
699360480
699375579
699390689
699405797
699420915
699436032
699451159
699466284
699481419
699496552
699511710
699526866
699542040
699557213
699572395
699587577
699602769
699617960
699633161
699648361
699663571
699678780
699693999
699709216
699724444
699739671
699754907
699770142
699785387
699800631
699815884
699831135
699846397
699861657
699876928
699892197
699907476
699922753
699938041
699953327
699968631
699983933
699999245
700014556
700029876
700045196
700060525
700075854
700091194
700106532
700121881
700137228
700152585
700167941
700183323
700198703
700214100
700229495
700244900
700260303
700275716
700291128
700306550
700321970
700337401
700352830
700368268
700383706
700399153
700414599
700430071
700445543
700461033
700476522
700492021
700507519
700523026
700538532
700554049
700569565
700585091
700600616
700616151
700631685
700647229
700662772
700678324
700693874
700709439
700725002
700740586
700756169
700771762
700787354
700802955
700818556
700834167
700849776
700865395
700881013
700896659
700912304
700927984
700943663
700959352
700975040
700990737
701006434
701022141
701037846
701053561
701069276
701084999
701100722
701116455
701132186
701147927
701163667
701179423
701195178
701210959
701226738
701242527
701258315
701274113
701289910
701305717
701321522
701337338
701353152
701368977
701384800
701400633
701416465
701432307
701448148
701463999
701479850
701495711
701511572
701527442
701543311
701559190
701575068
701590967
701606864
701622779
701638694
701654618
701670541
701686477
701702412
701718357
701734301
701750255
701766207
701782169
701798131
701814102
701830072
701846056
701862040
701878033
701894025
701910027
701926028
701942039
701958049
701974069
701990089
702006118
702022147
702038186
702054223
702070277
702086330
702102415
702118498
702134611
702150723
702166854
702182984
702199123
702215262
702231412
702247561
702263719
702279877
702296045
702312212
702328395
702344578
702360770
702376962
702393163
702409364
702425575
702441785
702458005
702474224
702490453
702506681
702522919
702539156
702555403
702571648
702587909
702604169
702620445
702636720
702653016
702669312
702685617
702701922
702718237
702734551
702750875
702767198
702783531
702799863
702816205
702832547
702848904
702865260
702881627
702897993
702914368
702930743
702947128
702963513
702979907
702996300
703012703
703029104
703045528
703061950
703078390
703094830
703111303
703127774
703144263
703160752
703177251
703193749
703210257
703226764
703243280
703259797
703276323
703292848
703309384
703325919
703342463
703359007
703375561
703392114
703408677
703425239
703441819
703458399
703474989
703491578
703508177
703524775
703541412
703558048
703574705
703591361
703608039
703624716
703641411
703658107
703674812
703691517
703708232
703724947
703741671
703758395
703775129
703791862
703808610
703825358
703842115
703858872
703875638
703892404
703909180
703925955
703942741
703959525
703976319
703993112
704009916
704026718
704043537
704060356
704077190
704094024
704110867
704127710
704144563
704161415
704178277
704195140
704212012
704228885
704245768
704262650
704279542
704296434
704313335
704330237
704347148
704364058
704380978
704397898
704414828
704431757
704448698
704465639
704482590
704499539
704516499
704533458
704550448
704567437
704584466
704601496
704618541
704635585
704652640
704669694
704686758
704703822
704720895
704737968
704755051
704772134
704789226
704806318
704823421
704840522
704857633
704874744
704891872
704908999
704926142
704943284
704960458
704977633
704994816
705012000
705029193
705046386
705063588
705080790
705098011
705115231
705132470
705149709
705166958
705184207
705201467
705218726
705235996
705253266
705270545
705287824
705305113
705322402
705339701
705356999
705374307
705391615
705408932
705426250
705443583
705460915
705478270
705495625
705512989
705530353
705547727
705565101
705582492
705599884
705617285
705634686
705652097
705669508
705686928
705704349
705721780
705739211
705756652
705774093
705791544
705808995
705826456
705843916
705861386
705878856
705896342
705913826
705931325
705948824
705966344
705983864
706001397
706018929
706036472
706054014
706071565
706089117
706106683
706124249
706141824
706159400
706176986
706194571
706212167
706229763
706247368
706264974
706282590
706300205
706317831
706335456
706353091
706370726
706388374
706406022
706423684
706441345
706459037
706476728
706494458
706512187
706529938
706547688
706565448
706583208
706600977
706618747
706636527
706654306
706672096
706689885
706707685
706725484
706743294
706761104
706778924
706796745
706814575
706832405
706850245
706868085
706885935
706903784
706921644
706939503
706957375
706975248
706993134
707011020
707028916
707046812
707064731
707082649
707100578
707118506
707136444
707154383
707172331
707190280
707208239
707226198
707244167
707262137
707280116
707298096
707316086
707334076
707352076
707370077
707388087
707406097
707424130
707442163
707460213
707478263
707496330
707514396
707532482
707550567
707568689
707586812
707604944
707623077
707641219
707659361
707677514
707695666
707713828
707731991
707750163
707768336
707786518
707804701
707822894
707841087
707859291
707877494
707895707
707913920
707932152
707950383
707968634
707986884
708005156
708023428
708041709
708059991
708078290
708096590
708114911
708133234
708151566
708169899
708188241
708206584
708224937
708243291
708261655
708280019
708298393
708316767
708335152
708353537
708371932
708390327
708408732
708427138
708445553
708463969
708482394
708500819
708519263
708537706
708556176
708574646
708593131
708611616
708630111
708648607
708667112
708685618
708704134
708722650
708741176
708759702
708778238
708796775
708815322
708833869
708852427
708870985
708889553
708908122
708926700
708945279
708963867
708982456
709001061
709019666
709038284
709056902
709075530
709094158
709112805
709131453
709150117
709168781
709187455
709206130
709224814
709243499
709262194
709280889
709299594
709318300
709337015
709355731
709374457
709393184
709411920
709430657
709449404
709468151
709486909
709505667
709524440
709543214
709562001
709580789
709599619
709618449
709637332
709656216
709675110
709694004
709712907
709731812
709750736
709769661
709788610
709807560
709826519
709845480
709864450
709883421
709902403
709921384
709940376
709959369
709978371
709997374
710016387
710035401
710054424
710073448
710092482
710111517
710130561
710149605
710168673
710187742
710206829
710225915
710245012
710264110
710283218
710302327
710321445
710340566
710359696
710378827
710397968
710417109
710436261
710455413
710474576
710493739
710512912
710532087
710551271
710570456
710589651
710608846
710628059
710647273
710666504
710685734
710704986
710724237
710743498
710762760
710782031
710801303
710820596
710839890
710859196
710878504
710897821
710917140
710936468
710955797
710975136
710994476
711013826
711033177
711052537
711071898
711091269
711110640
711130022
711149404
711168800
711188196
711207603
711227010
711246453
711265896
711285374
711304853
711324342
711343831
711363331
711382831
711402340
711421851
711441372
711460894
711480426
711499959
711519502
711539046
711558600
711578155
711597720
711617286
711636862
711656438
711676025
711695612
711715208
711734806
711754413
711774022
711793647
711813272
711832908
711852544
711872191
711891838
711911514
711931192
711950890
711970589
711990298
712010009
712029729
712049451
712069183
712088916
712108659
712128404
712148158
712167913
712187679
712207445
712227221
712246998
712266785
712286573
712306371
712326169
712345985
712365802
712385640
712405478
712425327
712445176
712465035
712484895
712504765
712524635
712544516
712564397
712584289
712604181
712624084
712643988
712663902
712683818
712703743
712723670
712743607
712763545
712783492
712803440
712823399
712843357
712863326
712883296
712903276
712923257
712943248
712963239
712983241
713003244
713023271
713043298
713063367
713083437
713103516
713123597
713143688
713163780
713183882
713203985
713224098
713244213
713264338
713284465
713304602
713324739
713344887
713365035
713385194
713405354
713425523
713445694
713465874
713486055
713506246
713526438
713546641
713566844
713587058
713607274
713627499
713647726
713667964
713688202
713708456
713728711
713748976
713769243
713789519
713809797
713830085
713850375
713870676
713890977
713911289
713931602
713951925
713972249
713992582
714012917
714033276
714053636
714074005
714094376
714114756
714135138
714155541
714175946
714196370
714216796
714237231
714257668
714278115
714298563
714319028
714339495
714359973
714380451
714400939
714421429
714441928
714462430
714482941
714503454
714523977
714544501
714565036
714585571
714606129
714626687
714647263
714667841
714688428
714709017
714729615
714750215
714770825
714791437
714812059
714832682
714853315
714873949
714894606
714915264
714935932
714956601
714977281
714997961
715018652
715039345
715060047
715080751
715101464
715122179
715142904
715163631
715184367
715205105
715225853
715246601
715267360
715288120
715308889
715329660
715350441
715371224
715392018
715412812
715433618
715454424
715475242
715496060
715516907
715537755
715558621
715579489
715600367
715621246
715642135
715663027
715683928
715704832
715725746
715746662
715767588
715788515
715809463
715830412
715851372
715872333
715893304
715914275
715935257
715956240
715977233
715998228
716019233
716040240
716061256
716082275
716103303
716124333
716145381
716166429
716187498
716208568
716229649
716250730
716271822
716292915
716314018
716335123
716356239
716377356
716398483
716419612
716440750
716461890
716483117
716504346
716525681
716547018
716568364
716589713
716611071
716632431
716653803
716675177
716696562
716717948
716739344
716760742
716782165
716803591
716825036
716846484
716867942
716889401
716910871
716932342
716953823
716975306
716996799
717018294
717039799
717061306
717082823
717104342
717125870
717147401
717168942
717190484
717212036
717233590
717255155
717276721
717298298
717319877
717341467
717363059
717384661
717406265
717427896
717449529
717471184
717492840
717514506
717536174
717557852
717579532
717601222
717622914
717644616
717666320
717688049
717709780
717731537
717753296
717775066
717796836
717818617
717840399
717862192
717883986
717905791
717927598
717949417
717971238
717993069
718014903
718036746
718058592
718080455
718102320
718124194
718146071
718167957
718189845
718211744
718233644
718255554
718277468
718299391
718321317
718343252
718365190
718387138
718409087
718431057
718453028
718475023
718497020
718519027
718541036
718563055
718585077
718607110
718629145
718651190
718673237
718695294
718717353
718739451
718761550
718783675
718805801
718827938
718850076
718872224
718894375
718916535
718938698
718960871
718983046
719005231
719027418
719049616
719071816
719094035
719116257
719138522
719160788
719183064
719205342
719227631
719249922
719272225
719294531
719316847
719339166
719361496
719383827
719406191
719428556
719450945
719473335
719495736
719518139
719540552
719562968
719585393
719607822
719630260
719652701
719675152
719697604
719720067
719742532
719765007
719787485
719809972
719832462
719854964
719877467
719899982
719922498
719945025
719967556
719990096
720012640
720035193
720057749
720080315
720102883
720125461
720148040
720170630
720193222
720215824
720238429
720261044
720283661
720306289
720328919
720351563
720374208
720396891
720419576
720442280
720464986
720487725
720510465
720533218
720555974
720578740
720601509
720624289
720647071
720669864
720692658
720715463
720738269
720761086
720783906
720806735
720829567
720852408
720875253
720898107
720920964
720943831
720966701
720989582
721012465
721035358
721058254
721081168
721104084
721127022
721149962
721172930
721195901
721218883
721241868
721264864
721287862
721310873
721333885
721356909
721379934
721402970
721426008
721449129
721472252
721495479
721518707
721541946
721565188
721588439
721611694
721634958
721658226
721681504
721704784
721728075
721751367
721774670
721797976
721821304
721844635
721867987
721891342
721914707
721938075
721961453
721984833
722008225
722031620
722055025
722078433
722101851
722125272
722148703
722172137
722195580
722219026
722242483
722265942
722289411
722312883
722336365
722359850
722383346
722406845
722430355
722453867
722477410
722500956
722524521
722548088
722571688
722595290
722618905
722642522
722666149
722689780
722713420
722737064
722760717
722784374
722808040
722831709
722855389
722879070
722902762
722926457
722950162
722973871
722997589
723021311
723045044
723068779
723092525
723116274
723140034
723163798
723187579
723211364
723235159
723258957
723282784
723306614
723330456
723354301
723378157
723402017
723425888
723449762
723473646
723497533
723521430
723545330
723569251
723593174
723617126
723641080
723665045
723689012
723712990
723736971
723760963
723784957
723808962
723832970
723856987
723881008
723905067
723929130
723953212
723977298
724001394
724025492
724049601
724073713
724097834
724121959
724146096
724170235
724194385
724218538
724242700
724266866
724291127
724315391
724339785
724364181
724388588
724412997
724437417
724461840
724486276
724510715
724535164
724559617
724584080
724608546
724633038
724657534
724682048
724706565
724731093
724755623
724780164
724804708
724829263
724853821
724878389
724902961
724927543
724952128
724976723
725001322
725025930
725050542
725075168
725099797
725124437
725149080
725173734
725198391
725223060
725247733
725272417
725297104
725321803
725346505
725371217
725395932
725420658
725445387
725470156
725494928
725519714
725544502
725569301
725594104
725618917
725643734
725668561
725693392
725718233
725743077
725767940
725792807
725817684
725842564
725867455
725892349
725917254
725942163
725967083
725992007
726016941
726041878
726066826
726091776
726116738
726141703
726166678
726191657
726216647
726241639
726266642
726291648
726316664
726341684
726366715
726391749
726416793
726441841
726466899
726491960
726517059
726542160
726567309
726592461
726617623
726642789
726667965
726693145
726718337
726743532
726768738
726793947
726819166
726844389
726869653
726894921
726920229
726945541
726970864
726996190
727021526
727046865
727072215
727097569
727122934
727148302
727173680
727199061
727224453
727249849
727275283
727300721
727326179
727351640
727377113
727402589
727428076
727453566
727479069
727504576
727530093
727555615
727581147
727606682
727632228
727657778
727683337
727708901
727734481
727760064
727785675
727811289
727836913
727862542
727888181
727913824
727939478
727965135
727990802
728016473
728042154
728067839
728093534
728119233
728144943
728170657
728196381
728222109
728247848
728273591
728299344
728325101
728350869
728376640
728402421
728428206
728454001
728479800
728505627
728531457
728557312
728583170
728609039
728634912
728660795
728686682
728712579
728738480
728764392
728790307
728816233
728842163
728868114
728894068
728920033
728946003
728971983
728997967
729023963
729049963
729075973
729101987
729128011
729154039
729180084
729206134
729232216
729258302
729284399
729310499
729336615
729362734
729388864
729414998
729441142
729467290
729493449
729519612
729545785
729571962
729598161
729624364
729650578
729676795
729703024
729729256
729755498
729781745
729808003
729834266
729860539
729886816
729913104
729939395
729965707
729992022
730018371
730044723
730071092
730097465
730123861
730150262
730176673
730203089
730229515
730255945
730282387
730308831
730335287
730361747
730388221
730414700
730441189
730467683
730494187
730520697
730547217
730573741
730600275
730626814
730653363
730679917
730706480
730733048
730759626
730786207
730812804
730839404
730866050
730892699
730919395
730946096
730972807
730999523
731026249
731052979
731079721
731106466
731133221
731159981
731186751
731213526
731240325
731267128
731293942
731320760
731347589
731374422
731401266
731428114
731454972
731481835
731508708
731535585
731562506
731589430
731616377
731643328
731670306
731697288
731724283
731751284
731778295
731805312
731832339
731859370
731886412
731913459
731940516
731967578
731994650
732021727
732048815
732075907
732103010
732130117
732157235
732184357
732211490
732238627
732265775
732292927
732320090
732347256
732374443
732401633
732428853
732456076
732483316
732510560
732537815
732565075
732592345
732619621
732646906
732674197
732701498
732728804
732756120
732783441
732810777
732838117
732865468
732892824
732920190
732947560
732974954
733002352
733029770
733057193
733084627
733112065
733139513
733166965
733194462
733221963
733249487
733277015
733304553
733332096
733359661
733387231
733414811
733442396
733469992
733497593
733525204
733552820
733580447
733608078
733635720
733663366
733691023
733718684
733746363
733774047
733801742
733829441
733857161
733884885
733912620
733940359
733968109
733995863
734023644
734051429
734079237
734107049
734134886
734162727
734190579
734218436
734246304
734274177
734302061
734329950
734357849
734385754
734413669
734441588
734469519
734497454
734525399
734553349
734581310
734609275
734637257
734665244
734693254
734721270
734749296
734777327
734805368
734833414
734861471
734889532
734917604
734945681
734973769
735001861
735029965
735058075
735086195
735114322
735142459
735170601
735198754
735226912
735255081
735283255
735311439
735339628
735367827
735396031
735424248
735452469
735480716
735508968
735537242
735565520
735593809
735622102
735650406
735678715
735707043
735735376
735763720
735792069
735820428
735848792
735877168
735905548
735933939
735962335
735990742
736019154
736047577
736076005
736104443
736132886
736161353
736189824
736218311
736246802
736275329
736303861
736332441
736361025
736389625
736418230
736446845
736475465
736504096
736532731
736561390
736590053
736618727
736647407
736676097
736704793
736733500
736762213
736790937
736819666
736848406
736877151
736905907
736934667
736963439
736992215
737021002
737049794
737078601
737107414
737136248
737165087
737193943
737222805
737251697
737280594
737309501
737338414
737367337
737396266
737425205
737454149
737483105
737512066
737541037
737570014
737599002
737627996
737657001
737686012
737715033
737744060
737773098
737802140
737831207
737860279
737889371
737918467
737947584
737976706
738005842
738034983
738064134
738093290
738122493
738151701
738180920
738210144
738239379
738268619
738297870
738327127
738356394
738385667
738414951
738444241
738473541
738502848
738532165
738561487
738590821
738620159
738649513
738678871
738708251
738737635
738767065
738796498
738825967
738855441
738884936
738914437
738943966
738973501
739003047
739032597
739062159
739091726
739121304
739150887
739180482
739210082
739239693
739269310
739298938
739328571
739358216
739387866
739417527
739447194
739476871
739506554
739536248
739565946
739595666
739625391
739655133
739684880
739714639
739744403
739774190
739803982
739833794
739863610
739893438
739923272
739953116
739982966
740012827
740042694
740072572
740102456
740132351
740162252
740192164
740222081
740252010
740281944
740311889
740341840
740371809
740401783
740431777
740461776
740491806
740521842
740551900
740581964
740612051
740642144
740672248
740702358
740732478
740762604
740792760
740822922
740853095
740883273
740913462
740943657
740973863
741004074
741034297
741064526
741094765
741125010
741155266
741185528
741215807
741246092
741276393
741306700
741337032
741367368
741397716
741428069
741458446
741488828
741519231
741549639
741580059
741610485
741640921
741671364
741701818
741732277
741762748
741793225
741823712
741854206
741884711
741915222
741945743
741976271
742006810
742037355
742067911
742098472
742129045
742159623
742190217
742220816
742251447
742282084
742312744
742343409
742374085
742404767
742435460
742466159
742496870
742527586
742558314
742589048
742619793
742650544
742681306
742712074
742742853
742773639
742804435
742835238
742866051
742896871
742927701
742958537
742989396
743020260
743051137
743082020
743112915
743143814
743174738
743205667
743236645
743267629
743298623
743329624
743360636
743391655
743422685
743453722
743484770
743515824
743546890
743577961
743609043
743640131
743671231
743702336
743733452
743764575
743795709
743826848
743858009
743889175
743920359
743951549
743982786
744014028
744045318
744076612
744107918
744139229
744170551
744201879
744233230
744264586
744295962
744327343
744358736
744390136
744421546
744452964
744484392
744515827
744547272
744578724
744610187
744641656
744673136
744704622
744736119
744767622
744799137
744830658
744862190
744893728
744925290
744956858
744988443
745020034
745051636
745083244
745114863
745146489
745178125
745209768
745241423
745273085
745304758
745336439
745368130
745399828
745431537
745463253
745494979
745526712
745558457
745590207
745621968
745653735
745685514
745717298
745749105
745780917
745812758
745844604
745876462
745908325
745940200
745972080
746004009
746035943
746067901
746099865
746131841
746163823
746195816
746227816
746259828
746291847
746323877
746355913
746387961
746420015
746452080
746484151
746516234
746548322
746580422
746612528
746644645
746676768
746708943
746741124
746773354
746805592
746837840
746870094
746902360
746934631
746966914
746999203
747031504
747063810
747096128
747128453
747160789
747193133
747225487
747257849
747290223
747322603
747354994
747387392
747419801
747452215
747484642
747517074
747549517
747581967
747614428
747646896
747679374
747711860
747744357
747776861
747809399
747841943
747874525
747907113
747939713
747972319
748004937
748037561
748070196
748102839
748135493
748168154
748200827
748233507
748266198
748298896
748331605
748364320
748397047
748429781
748462525
748495276
748528038
748560806
748593585
748626371
748659168
748691972
748724787
748757610
748790443
748823283
748856134
748888992
748921868
748954751
748987645
749020546
749053458
749086377
749119308
749152247
749185197
749218154
749251123
749284098
749317084
749350076
749383097
749416123
749449173
749482228
749515295
749548368
749581453
749614544
749647669
749680801
749713967
749747140
749780324
749813515
749846717
749879926
749913155
749946391
749979638
750012892
750046158
750079431
750112715
750146006
750179309
750212620
750245942
750279271
750312612
750345959
750379317
750412682
750446068
750479460
750512864
750546275
750579697
750613127
750646569
750680019
750713481
750746950
750780431
750813918
750847436
750880960
750914496
750948038
750981592
751015154
751048727
751082306
751115897
751149496
751183105
751216722
751250350
751283985
751317646
751351315
751384995
751418681
751452379
751486083
751519799
751553521
751587255
751620996
751654748
751688507
751722278
751756057
751789847
751823645
751857482
751891325
751925192
751959066
751992952
752026844
752060747
752094658
752128581
752162512
752196454
752230403
752264377
752298358
752332359
752366367
752400386
752434412
752468450
752502494
752536550
752570612
752604686
752638768
752672863
752706965
752741079
752775201
752809333
752843473
752877632
752911797
752945987
752980183
753014391
753048606
753082832
753117066
753151311
753185565
753219830
753254103
753288387
753322678
753356981
753391290
753425650
753460017
753494410
753528811
753563223
753597643
753632074
753666513
753700967
753735429
753769903
753804385
753838879
753873379
753907913
753942454
753977021
754011596
754046183
754080777
754115382
754149995
754184619
754219251
754253895
754288546
754323208
754357878
754392560
754427248
754461949
754496656
754531375
754566101
754600838
754635583
754670339
754705103
754739879
754774664
754809460
754844264
754879081
754913904
754948760
754983623
755018509
755053403
755088308
755123220
755158144
755193075
755228018
755262969
755297932
755332902
755367973
755403052
755438292
755473539
755508797
755544063
755579341
755614626
755649922
755685226
755720541
755755865
755791202
755826547
755861904
755897269
755932645
755968029
756003438
756038853
756074280
756109715
756145162
756180615
756216080
756251554
756287038
756322532
756358037
756393551
756429076
756464609
756500154
756535707
756571281
756606863
756642490
756678124
756713769
756749423
756785089
756820764
756856453
756892151
756927860
756963577
756999305
757035041
757070820
757106607
757142424
757178249
757214086
757249931
757285787
757321651
757357527
757393411
757429307
757465211
757501126
757537049
757572984
757608927
757644881
757680843
757716817
757752799
757788794
757824798
757860813
757896837
757932874
757968922
758004981
758041049
758077128
758113216
758149350
758185491
758221663
758257843
758294035
758330235
758366447
758402667
758438898
758475139
758511391
758547652
758583927
758620210
758656533
758692863
758729205
758765555
758801926
758838304
758874697
758911098
758947510
758983930
759020364
759056806
759093261
759129724
759166199
759202682
759239177
759275679
759312193
759348715
759385249
759421791
759458344
759494906
759531480
759568062
759604657
759641260
759677878
759714505
759751179
759787862
759824567
759861281
759898027
759934782
759971550
760008327
760045116
760081915
760118726
760155545
760192376
760229215
760266066
760302925
760339796
760376675
760413565
760450465
760487375
760524295
760561226
760598165
760635117
760672077
760709049
760746029
760783022
760820022
760857034
760894056
760931101
760968155
761005254
761042360
761079480
761116609
761153750
761190901
761228066
761265239
761302425
761339618
761376824
761414037
761451431
761488832
761526352
761563881
761601421
761638970
761676531
761714100
761751685
761789278
761826884
761864498
761902126
761939762
761977436
762015119
762052826
762090543
762128280
762166026
762203784
762241551
762279329
762317116
762354918
762392728
762430551
762468383
762506228
762544081
762581946
762619819
762657704
762695598
762733504
762771419
762809345
762847281
762885229
762923188
762961158
762999138
763037133
763075136
763113175
763151222
763189294
763227375
763265495
763303624
763341768
763379921
763418086
763456261
763494447
763532642
763570850
763609066
763647294
763685532
763723781
763762038
763800308
763838586
763876876
763915176
763953487
763991807
764030140
764068481
764106835
764145197
764183574
764221960
764260371
764298791
764337224
764375666
764414143
764452628
764491127
764529636
764568156
764606687
764645230
764683782
764722346
764760919
764799504
764838097
764876789
764915490
764954323
764993166
765032021
765070885
765109762
765148648
765187549
765226459
765265381
765304311
765343256
765382209
765421201
765460202
765499227
765538261
765577307
765616362
765655429
765694505
765733593
765772691
765811801
765850920
765890051
765929192
765968344
766007506
766046713
766085929
766125177
766164435
766203705
766242984
766282275
766321577
766360893
766400220
766439559
766478909
766518271
766557642
766597045
766636457
766675893
766715338
766754795
766794261
766833740
766873228
766912728
766952239
766991761
767031294
767070839
767110393
767149960
767189535
767229123
767268720
767308330
767347948
767387579
767427219
767466872
767506534
767546211
767585898
767625598
767665307
767705031
767744764
767784509
767824264
767864031
767903807
767943666
767983535
768023442
768063358
768103286
768143225
768183176
768223136
768263109
768303091
768343086
768383090
768423131
768463181
768503287
768543403
768583530
768623668
768663818
768703978
768744151
768784333
768824527
768864731
768904949
768945176
768985416
769025666
769065928
769106200
769146485
769186779
769227086
769267402
769307730
769348069
769388419
769428780
769469153
769509535
769549930
769590335
769630791
769671256
769711770
769752294
769792830
769833377
769873935
769914506
769955091
769995687
770036295
770076913
770117543
770158183
770198871
770239569
770280294
770321028
770361775
770402531
770443299
770484078
770524869
770565671
770606485
770647309
770688145
770728991
770769849
770810717
770851597
770892487
770933390
770974303
771015229
771056164
771097113
771138071
771179044
771220027
771261023
771302031
771343050
771384080
771425121
771466173
771507236
771548310
771589413
771630527
771671667
771712817
771753980
771795153
771836339
771877535
771918744
771959963
772001194
772042434
772083701
772124977
772166287
772207606
772248938
772290280
772331635
772373000
772414377
772455765
772497165
772538575
772579999
772621433
772662879
772704335
772745804
772787282
772828808
772870343
772911909
772953485
772995074
773036673
773078285
773119907
773161541
773203186
773244844
773286513
773328194
773369885
773411611
773453348
773495097
773536857
773578630
773620415
773662212
773704021
773745842
773787673
773829517
773871371
773913248
773955134
773997057
774038990
774080935
774122891
774164866
774206851
774248849
774290857
774332879
774374909
774416953
774459007
774501074
774543151
774585248
774627356
774669476
774711606
774753749
774795903
774838070
774880247
774922439
774964641
775006856
775049082
775091320
775133567
775175853
775218149
775260477
775302816
775345200
775387594
775430037
775472489
775514955
775557432
775599922
775642423
775684936
775727460
775769996
775812543
775855109
775897686
775940275
775982876
776025489
776068113
776110750
776153398
776196059
776238730
776281415
776324109
776366817
776409534
776452264
776495004
776537762
776580531
776623332
776666142
776708976
776751821
776794678
776837547
776880429
776923323
776966230
777009147
777052078
777095019
777137973
777180937
777223936
777266946
777309968
777353001
777396048
777439105
777482175
777525257
777568351
777611455
777654573
777697700
777740850
777784009
777827204
777870409
777913635
777956872
778000122
778043383
778086657
778129942
778173241
778216550
778259872
778303205
778346551
778389909
778433280
778476662
778520057
778563463
778606881
778650311
778693766
778737233
778780723
778824223
778867737
778911261
778954798
778998345
779041954
779085574
779129256
779172949
779216662
779260387
779304139
779347903
779391680
779435468
779479269
779523081
779566906
779610742
779654591
779698451
779742331
779786221
779830125
779874039
779917966
779961904
780005866
780049839
780093864
780137901
780181950
780226010
780270083
780314166
780358284
780402413
780446559
780490717
780534887
780579069
780623264
780667470
780711689
780755921
780800167
780844425
780888696
780932978
780977274
781021581
781065901
781110232
781154576
781198931
781243299
781287678
781332071
781376475
781420898
781465333
781509782
781554241
781598713
781643195
781687701
781732218
781776747
781821288
781865842
781910407
781954986
781999577
782044181
782088797
782133426
782178066
782222720
782267386
782312064
782356754
782401457
782446171
782490909
782535657
782580427
782625208
782670017
782714837
782759683
782804539
782849408
782894289
782939182
782984087
783029005
783073934
783118893
783163863
783208846
783253841
783298849
783343870
783388904
783433950
783479009
783524079
783569163
783614258
783659367
783704486
783749633
783794790
783839961
783885143
783930349
783975566
784020842
784066129
784111442
784156766
784202103
784247451
784292813
784338186
784383591
784429008
784474438
784519880
784565335
784610802
784656283
784701775
784747281
784792799
784838331
784883875
784929432
784975000
785020582
785066175
785111781
785157399
785203035
785248682
785294354
785340039
785385745
785431463
785477201
785522951
785568715
785614490
785660278
785706078
785751891
785797716
785843554
785889405
785935270
785981147
786027037
786072940
786118856
786164786
786210728
786256683
786302651
786348631
786394623
786440628
786486649
786532682
786578741
786624811
786670905
786717009
786763167
786809337
786855572
786901818
786948077
786994349
787040634
787086930
787133241
787179563
787225898
787272246
787318606
787364979
787411366
787457764
787504177
787550601
787597039
787643489
787689969
787736459
787782976
787829503
787876087
787922683
787969326
788015981
788062654
788109338
788156035
788202744
788249477
788296223
788342981
788389752
788436536
788483334
788530145
788576969
788623806
788670656
788717520
788764397
788811287
788858190
788905106
788952035
788998978
789045933
789092901
789139881
789186887
789233905
789280956
789328019
789375102
789422196
789469321
789516459
789563620
789610793
789657980
789705179
789752391
789799616
789846854
789894105
789941370
789988647
790035938
790083241
790130558
790177888
790225232
790272588
790319958
790367340
790414743
790462159
790509598
790557049
790604541
790652044
790699565
790747099
790794647
790842206
790889810
790937426
790985065
791032715
791080380
791128056
791175747
791223450
791271167
791318897
791366640
791414396
791462167
791509949
791557745
791605554
791653376
791701210
791749062
791796926
791844810
791892706
791940658
791988622
792036657
792084705
792132784
792180876
792228995
792277128
792325273
792373432
792421604
792469789
792517988
792566199
792614424
792662662
792710914
792759179
792807458
792855749
792904055
792952374
793000706
793049052
793097411
793145782
793194167
793242565
793290982
793339412
793387863
793436327
793484804
793533293
793581818
793630355
793678911
793727481
793776065
793824662
793873273
793921897
793970535
794019186
794067851
794116529
794165221
794213926
794262644
794311376
794360122
794408881
794457654
794506440
794555253
794604079
794652925
794701783
794750668
794799564
794848492
794897433
794946448
794995476
795044517
795093572
795142640
795191722
795240834
795289960
795339100
795388253
795437420
795486599
795535793
795584999
795634219
795683452
795732700
795781959
795831233
795880520
795929832
795979157
796028505
796077866
796127255
796176656
796226071
796275499
796324954
796374422
796423929
796473448
796522982
796572528
796622089
796671664
796721252
796770855
796820471
796870102
796919746
796969404
797019076
797068761
797118460
797168173
797217899
797267639
797317394
797367161
797416942
797466735
797516552
797566381
797616241
797666115
797716010
797765918
797815840
797865775
797915724
797965686
798015662
798065651
798115654
798165671
798215703
798265748
798315808
798365881
798415969
798466070
798516184
798566312
798616455
798666610
798716779
798766961
798817157
798867367
798917595
798967836
799018092
799068360
799118654
799168961
799219314
799269680
799320059
799370452
799420859
799471279
799521714
799572163
799622626
799673104
799723596
799774102
799824622
799875156
799925704
799976265
800026840
800077429
800128031
800178647
800229276
800279918
800330575
800381245
800431986
800482740
800533565
800584404
800635256
800686121
800737001
800787893
800838817
800889755
800940737
800991733
801042743
801093767
801144805
801195859
801246926
801298009
801349106
801400217
801451342
801502480
801553633
801604799
801655979
801707172
801758380
801809601
801860837
801912086
801963370
802014668
802065990
802117325
802168675
802220038
802271416
802322807
802374213
802425632
802477066
802528514
802579976
802631452
802682942
802734448
802785967
802837502
802889050
802940614
802992191
803043783
803095388
803147006
803198654
803250315
803301991
803353680
803405384
803457101
803508832
803560577
803612337
803664110
803715947
803767797
803819672
803871560
803923463
803975379
804027310
804079254
804131213
804183187
804235175
804287178
804339196
804391227
804443273
804495333
804547407
804599495
804651603
804703725
804755861
804808010
804860173
804912350
804964541
805016747
805068966
805121200
805173449
805225711
805277988
805330278
805382583
805434902
805487243
805539598
805591968
805644352
805696750
805749164
805801592
805854037
805906496
805958970
806011459
806063961
806116477
806169007
806221552
806274110
806326697
806379297
806431911
806484540
806537183
806589841
806642548
806695269
806748018
806800782
806853561
806906353
806959160
807011981
807064831
807117695
807170574
807223467
807276375
807329297
807382233
807435185
807488152
807541134
807594130
807647141
807700166
807753205
807806274
807859357
807912476
807965609
808018757
808071919
808125096
808178287
808231493
808284715
808337951
808391203
808444470
808497750
808551073
808604411
808657763
808711129
808764511
808817907
808871317
808924742
808978181
809031635
809085103
809138586
809192101
809245630
809299186
809352756
809406341
809459940
809513553
809567180
809620822
809674478
809728148
809781833
809835533
809889247
809942977
809996721
810050479
810104253
810158069
810211900
810265759
810319633
810373521
810427423
810481341
810535274
810589221
810643186
810697165
810751159
810805167
810859190
810913236
810967296
811021371
811075461
811129565
811183684
811237817
811291966
811346130
811400310
811454507
811508719
811562947
811617189
811671446
811725718
811780014
811834326
811888669
811943027
811997399
812051786
812106187
812160604
812215035
812269484
812323947
812378425
812432919
812487427
812541950
812596487
812651069
812705665
812760333
812815015
812869712
812924424
812979151
813033894
813088657
813143436
813198230
813253040
813307864
813362703
813417583
813472477
813527403
813582343
813637299
813692269
813747254
813802254
813857269
813912299
813967344
814022404
814077479
814132569
814187673
814242793
814297927
814353077
814408241
814463419
814518613
814573821
814629044
814684283
814739536
814794806
814850091
814905393
814960709
815016041
815071425
815126823
815182258
815237707
815293171
815348650
815404144
815459654
815515178
815570718
815626273
815681844
815737465
815793100
815848766
815904448
815960144
816015856
816071582
816127324
816183080
816238852
816294640
816350444
816406265
816462102
816517953
816573821
816629703
816685601
816741526
816797466
816853421
816909391
816965376
817021375
817077390
817133421
817189467
817245531
817301609
817357704
817413814
817469938
817526078
817582233
817638403
817694588
817750788
817807002
817863232
817919478
817975740
818032018
818088315
818144628
818200956
818257300
818313658
818370031
818426469
818482921
818539416
818595927
818652453
818708994
818765550
818822122
818878709
818935312
818991930
819048564
819105213
819161877
819218557
819275251
819331978
819388721
819445521
819502336
819559170
819616018
819672882
819729762
819786661
819843577
819900508
819957456
820014420
820071399
820128394
820185403
820242427
820299467
820356522
820413593
820470679
820527781
820584899
820642034
820699185
820756352
820813538
820870739
820927992
820985261
821042545
821099846
821157172
821214514
821271874
821329250
821386641
821444048
821501472
821558914
821616371
821673845
821731334
821788839
821846360
821903896
821961447
822019013
822076595
822134192
822191805
822249434
822307078
822364739
822422415
822480107
822537814
822595538
822653276
822711031
822768819
822826623
822884485
822942362
823000257
823058169
823116097
823174043
823232004
823289981
823347974
823405982
823464006
823522045
823580099
823638170
823696255
823754357
823812474
823870607
823928755
823986921
824045104
824103304
824161520
824219752
824277999
824336261
824394552
824452860
824511199
824569555
824627953
824686365
824744797
824803245
824861709
824920191
824978693
825037212
825095746
825154297
825212863
825271444
825330086
825388742
825447453
825506180
825564923
825623682
825682457
825741250
825800058
825858884
825917726
825976586
826035463
826094357
826153293
826212245
826271230
826330231
826389260
826448305
826507365
826566441
826625533
826684642
826743769
826802913
826862074
826921252
826980445
827039656
827098883
827158125
827217384
827276658
827335948
827395254
827454575
827513914
827573268
827632640
827692028
827751434
827810857
827870296
827929793
827989306
828048849
828108408
828168017
828227642
828287287
828346948
828406624
828466318
828526027
828585753
828645494
828705252
828765026
828824815
828884621
828944443
829004280
829064133
829124003
829183889
829243791
829303710
829363647
829423601
829483570
829543556
829603561
829663582
829723630
829783695
829843776
829903874
829964029
830024200
830084390
830144598
830204821
830265064
830325322
830385597
830445889
830506197
830566521
830626862
830687251
830747657
830808099
830868558
830929034
830989527
831050037
831110566
831171114
831231679
831292261
831352859
831413477
831474110
831534795
831595496
831656233
831716987
831777757
831838542
831899344
831960163
832020998
832081850
832142718
832203605
832264506
832325426
832386361
832447313
832508301
832569305
832630325
832691362
832752415
832813485
832874571
832935674
832996799
833057942
833119102
833180280
833241474
833302685
833363941
833425214
833486516
833547835
833609170
833670521
833731889
833793274
833854675
833916094
833977529
834038982
834100451
834161936
834223438
834284957
834346491
834408043
834469630
834531234
834592854
834654491
834716144
834777814
834839503
834901210
834962933
835024674
835086434
835148210
835210002
835271812
835333637
835395479
835457348
835519232
835581166
835643117
835705084
835767069
835829070
835891089
835953124
836015177
836077246
836139332
836201476
836263637
836325861
836388102
836450359
836512636
836574929
836637241
836699570
836761916
836824279
836886660
836949058
837011474
837073906
837136357
837198823
837261308
837323810
837386328
837448863
837511415
837573984
837636571
837699175
837761796
837824433
837887088
837949760
838012449
838075154
838137876
838200615
838263371
838326144
838388935
838451742
838514569
838577415
838640280
838703162
838766061
838828977
838891910
838954952
839018012
839081135
839144274
839207430
839270603
839333792
839397000
839460224
839523466
839586725
839650002
839713296
839776606
839839933
839903277
839966660
840030060
840093488
840156934
840220396
840283876
840347373
840410887
840474421
840537973
840601542
840665130
840728735
840792357
840855996
840919652
840983325
841047015
841110756
841174514
841238307
841302118
841365945
841429793
841493657
841557540
841621440
841685358
841749292
841813244
841877230
841941234
842005287
842069358
842133446
842197552
842261676
842325817
842389976
842454152
842518346
842582557
842646785
842711031
842775293
842839573
842903870
842968185
843032529
843096890
843161295
843225718
843290157
843354615
843419089
843483582
843548091
843612618
843677163
843741726
843806306
843870905
843935548
844000209
844064887
844129584
844194299
844259034
844323785
844388556
844453343
844518149
844582971
844647812
844712694
844777595
844842533
844907488
844972461
845037451
845102477
845167521
845232582
845297662
845362759
845427874
845493005
845558155
845623321
845688506
845753716
845818944
845884189
845949451
846014731
846080029
846145344
846210678
846276056
846341453
846406867
846472300
846537749
846603216
846668760
846734322
846799924
846865544
846931202
846996878
847062582
847128306
847194047
847259809
847325588
847391388
847457205
847523040
847588892
847654763
847720666
847786587
847852525
847918482
847984457
848050451
848116462
848182492
848248539
848314605
848380688
848446790
848512909
848579046
848645200
848711372
848777572
848843790
848910036
848976300
849042581
849108881
849175198
849241535
849307889
849374264
849440655
849507066
849573493
849639940
849706404
849772886
849839411
849905955
849972516
850039095
850105692
850172308
850238941
850305593
850372262
850438949
850505654
850572377
850639167
850705975
850772853
850839749
850906671
850973613
851040577
851107561
851174562
851241583
851308620
851375676
851442750
851509843
851576953
851644083
851711231
851778397
851845581
851912783
851980003
852047242
852114507
852181793
852249134
852316495
852383873
852451270
852518684
852586116
852653593
852721088
852788615
852856161
852923738
852991335
853058950
853126585
853194237
853261911
853329602
853397313
853465041
853532789
853600554
853668338
853736146
853803973
853871817
853939681
854007561
854075462
854143392
854211341
854279335
854347349
854415380
854483430
854551497
854619583
854687699
854755835
854823988
854892160
854960350
855028560
855096787
855165034
855233299
855301585
855369889
855438214
855506557
855574920
855643301
855711701
855780119
855848556
855917021
855985505
856054016
856122546
856191093
856259660
856328250
856396860
856465488
856534134
856602798
856671481
856740192
856808923
856877694
856946483
857015290
857084117
857152962
857221826
857290709
857359611
857428531
857497471
857566428
857635405
857704399
857773413
857842445
857911495
857980572
858049668
858118827
858188005
858257247
858326509
858395803
858465117
858534449
858603800
858673169
858742559
858811966
858881392
858950836
859020301
859089782
859159285
859228806
859298348
859367909
859437491
859507091
859576711
859646350
859716008
859785684
859855380
859925093
859994825
860064576
860134346
860204140
860273954
860343796
860413659
860483561
860553483
860623422
860693382
860763359
860833356
860903371
860973406
861043459
861113532
861183624
861253735
861323865
861394016
861464184
861534374
861604582
861674811
861745057
861815324
861885634
861955965
862026329
862096712
862167126
862237560
862308022
862378504
862449058
862519631
862590240
862660870
862731517
862802185
862872870
862943575
863014299
863085042
863155804
863226587
863297387
863368208
863439047
863509907
863580785
863651684
863722601
863793538
863864511
863935503
864006514
864077544
864148611
864219698
864290843
864362008
864433202
864504416
864575669
864646942
864718248
864789576
864860921
864932287
865003671
865075076
865146499
865217944
865289406
865360890
865432391
865503913
865575453
865647016
865718596
865790198
865861818
865933458
866005116
866076794
866148504
866220233
866292004
866363794
866435610
866507447
866579308
866651191
866723091
866795012
866866952
866938911
867010889
867082888
867154906
867226945
867299003
867371082
867443180
867515299
867587437
867659596
867731774
867803973
867876190
867948428
868020685
868092962
868165263
868237583
868309955
868382346
868454772
868527218
868599706
868672213
868744786
868817379
868890003
868962648
869035311
869107995
869180698
869253421
869326163
869398925
869471706
869544508
869617329
869690170
869763030
869835911
869908810
869981731
870054682
870127654
870200652
870273670
870346758
870419867
870493076
870566306
870639562
870712838
870786133
870859448
870932791
871006156
871079555
871152977
871226416
871299878
871373359
871446862
871520384
871593928
871667490
871741075
871814678
871888302
871961945
872035609
872109292
872182997
872256719
872330464
872404234
872478025
872551858
872625712
872699598
872773506
872847461
872921438
872995442
873069468
873143512
873217579
873291664
873365770
873439896
873514043
873588209
873662396
873736602
873810830
873885078
873959347
874033635
874107945
874182274
874256624
874331007
874405411
874479842
874554294
874628780
874703286
874777818
874852371
874926943
875001535
875076189
875150863
875225561
875300282
875375021
875449782
875524562
875599365
875674186
875749028
875823890
875898774
875973676
876048601
876123544
876198508
876273491
876348496
876423526
876498577
876573658
876648760
876723920
876799101
876874339
876949598
877024896
877100216
877175590
877250985
877326399
877401834
877477289
877552766
877628262
877703780
877779318
877854878
877930456
878006057
878081677
878157320
878232981
878308665
878384367
878460092
878535836
878611600
878687384
878763190
878839025
878914883
878990766
879066670
879142594
879218539
879294528
879370538
879446581
879522647
879598731
879674837
879750963
879827112
879903280
879979473
880055685
880131919
880208173
880284449
880360744
880437061
880513398
880589757
880666136
880742537
880818957
880895399
880971872
881048367
881124902
881201458
881278050
881354663
881431343
881508044
881584764
881661506
881738267
881815050
881891873
881968718
882045583
882122471
882199378
882276308
882353257
882430229
882507220
882584233
882661265
882738319
882815393
882892488
882969602
883046738
883123893
883201071
883278290
883355532
883432793
883510076
883587392
883664729
883742102
883819497
883896912
883974349
884051805
884129284
884206782
884284304
884361846
884439412
884516998
884594607
884672236
884749887
884827558
884905252
884982965
885060701
885138457
885216234
885294030
885371848
885449685
885527545
885605454
885683386
885761351
885839339
885917346
885995376
886073426
886151497
886229602
886307728
886385874
886464043
886542231
886620443
886698674
886776930
886855205
886933504
887011823
887090165
887168526
887246910
887325313
887403739
887482204
887560692
887639199
887717729
887796279
887874850
887953457
888032086
888110770
888189476
888268202
888346950
888425718
888504509
888583319
888662152
888741005
888819881
888898777
888977695
889056633
889135595
889214576
889293582
889372607
889451655
889530722
889609812
889688939
889768088
889847268
889926470
890005692
890084937
890164201
890243488
890322795
890402125
890481475
890560847
890640259
890719693
890799202
890878733
890958285
891037859
891117453
891197071
891276709
891356371
891436053
891515759
891595486
891675236
891755006
891834799
891914611
891994447
892074302
892154180
892234078
892313998
892393938
892473901
892553884
892633890
892713917
892793968
892874038
892954134
893034249
893114388
893194547
893274728
893354943
893435181
893515439
893595720
893676021
893756347
893836693
893917065
893997457
894077874
894158311
894238770
894319265
894399782
894480340
894560921
894641555
894722212
894802888
894883587
894964307
895045050
895125860
895206694
895287558
895368447
895449356
895530288
895611240
895692215
895773227
895854263
895935319
896016399
896097498
896178621
896259763
896340930
896422117
896503328
896584565
896665826
896747107
896828412
896909812
896991235
897072753
897154293
897235854
897317439
897399043
897480672
897562320
897643994
897725688
897807406
897889144
897970906
898052716
898134549
898216403
898298281
898380179
898462102
898544044
898626011
898707998
898790009
898872041
898954096
899036171
899118269
899200402
899282558
899364734
899446934
899529154
899611398
899693661
899775949
899858257
899940589
900022942
900105320
900187718
900270141
900352585
900435052
900517575
900600121
900682707
900765316
900847946
900930599
901013273
901095973
901178693
901261439
901344207
901426999
901509828
901592680
901675579
901758501
901841444
901924410
902007396
902090406
902173436
902256491
902339567
902422669
902505795
902588946
902672118
902755314
902838530
902921772
903005045
903088343
903171679
903255040
903338421
903421825
903505250
903588699
903672168
903755664
903839179
903922720
904006281
904089866
904173471
904257100
904340820
904424563
904508426
904592311
904676218
904760149
904844100
904928077
905012078
905096106
905180154
905264227
905348321
905432440
905516622
905600828
905685077
905769351
905853646
905937965
906022305
906106670
906191056
906275466
906359897
906444353
906528830
906613331
906697853
906782401
906866970
906951565
907036181
907120820
907205481
907290167
907374873
907459604
907544357
907629136
907713936
907798763
907883610
907968482
908053407
908138356
908223348
908308364
908393401
908478462
908563545
908648653
908733782
908818936
908904112
908989312
909074564
909159839
909245177
909330538
909415921
909501328
909586756
909672209
909757686
909843188
909928712
910014262
910099836
910185436
910271056
910356701
910442368
910528059
910613786
910699537
910785310
910871107
910956924
911042767
911128630
911214519
911300429
911386366
911472324
911558308
911644313
911730343
911816393
911902469
911988583
912074721
912160926
912247154
912333404
912419680
912505977
912592302
912678651
912765027
912851424
912937846
913024289
913110757
913197246
913283760
913370295
913456855
913543436
913630042
913716669
913803322
913889996
913976696
914063418
914150165
914236934
914323727
914410541
914497382
914584265
914671175
914758145
914845140
914932160
915019205
915106272
915193365
915280482
915367628
915454794
915541988
915629204
915716444
915803775
915891129
915978572
916066040
916153530
916241046
916328582
916416145
916503730
916591341
916678974
916766633
916854313
916942017
917029744
917117496
917205270
917293070
917380912
917468778
917556670
917644587
917732526
917820490
917908480
917996494
918084531
918172593
918260678
918348787
918436918
918525073
918613251
918701453
918789677
918877926
918966197
919054494
919142813
919231159
919319526
919407919
919496340
919584786
919673313
919761865
919850457
919939074
920027746
920116442
920205165
920293915
920382686
920471486
920560308
920649157
920738028
920826924
920915842
921004785
921093750
921182740
921271752
921360791
921449851
921538939
921628048
921717186
921806345
921895531
921984739
922073973
922163229
922252511
922341829
922431172
922520559
922609971
922699439
922788932
922878452
922967997
923057565
923147162
923236783
923326433
923416104
923505802
923595521
923685267
923775116
923864990
923955005
924045046
924135108
924225197
924315307
924405444
924495604
924585791
924676001
924766238
924856500
924946787
925037146
925127532
925217960
925308416
925398907
925489425
925579964
925670530
925761118
925851732
925942372
926033039
926123728
926214444
926305182
926395946
926486733
926577546
926668381
926759241
926850125
926941034
927031965
927122923
927213904
927304912
927395942
927487000
927578082
927669190
927760353
927851542
927942772
928034027
928125367
928216734
928308127
928399548
928490991
928582462
928673955
928765475
928857017
928948586
929040176
929131793
929223433
929315098
929406786
929498501
929590239
929682005
929773794
929865611
929957454
930049324
930141216
930233135
930325082
930417054
930509063
930601099
930693158
930785244
930877389
930969560
931061758
931153984
931246232
931338511
931430812
931523142
931615495
931707876
931800279
931892708
931985181
932077679
932170201
932262749
932355319
932447918
932540540
932633191
932725870
932818577
932911307
933004064
933096845
933189653
933282523
933375420
933468361
933561329
933654319
933747336
933840375
933933441
934026530
934119646
934212790
934305962
934399156
934492377
934585621
934678892
934772250
934865635
934959149
935052690
935146254
935239844
935333457
935427097
935520764
935614461
935708180
935801929
935895700
935989497
936083370
936177270
936271213
936365183
936459177
936553198
936647241
936741313
936835408
936929532
937023678
937117853
937212050
937306275
937400523
937494798
937589096
937683421
937777790
937872187
937966607
938061055
938155527
938250026
938344551
938439105
938533682
938628288
938722919
938817577
938912259
939006967
939101699
939196458
939291340
939386248
939481246
939576271
939671320
939766398
939861499
939956629
940051781
940146962
940242165
940337396
940432650
940527930
940623234
940718566
940813921
940909306
941004715
941100154
941195616
941291107
941386622
941482164
941577732
941673327
941768946
941864592
941960262
942055960
942151680
942247429
942343200
942439000
942534823
942630675
942726550
942822453
942918380
943014335
943110313
943206319
943302377
943398462
943494608
943590782
943686978
943783204
943879452
943975732
944072038
944168373
944264732
944361119
944457529
944553967
944650447
944746955
944843553
944940178
945036827
945133503
945230203
945326932
945423684
945520467
945617274
945714110
945810969
945907856
946004766
946101705
946198691
946295706
946392757
946489836
946586940
946684072
946781228
946878413
946975625
947072867
947170132
947267428
947364748
947462095
947559466
947656865
947754288
947851740
947949228
948046743
948144310
948241906
948339526
948437176
948534850
948632553
948730279
948828034
948925813
949023620
949121468
949219345
949317295
949415275
949513279
949611313
949709370
949807457
949905568
950003708
950101872
950200064
950298280
950396524
950494791
950593087
950691406
950789754
950888208
950986690
951085283
951183904
951282549
951381223
951479920
951578647
951677397
951776177
951874980
951973813
952072669
952171554
952270493
952369460
952468451
952567472
952666517
952765594
952864695
952963828
953062984
953162169
953261379
953360616
953459937
953559286
953658684
953758110
953857560
953957039
954056549
954156090
954255654
954355250
954454870
954554519
954654192
954753895
954853622
954953378
955053183
955153017
955252875
955352762
955452674
955552615
955652580
955752575
955852600
955952654
956052732
956152840
956252972
956353133
956453336
956553569
956653868
956754197
956854560
956954952
957055369
957155815
957256286
957356789
957457316
957557876
957658459
957759072
957859709
957960376
958061080
958161813
958262571
958363359
958464171
958565014
958665881
958766778
958867699
958968651
959069626
959170631
959271660
959372718
959473800
959574910
959676071
959777261
959878489
959979746
960081045
960182374
960283727
960385111
960486519
960587958
960689421
960790914
960892431
960993978
961095550
961197150
961298822
961400523
961502273
961604052
961705857
961807692
961909551
962011440
962113355
962215298
962317266
962419263
962521313
962623392
962725512
962827662
962929854
963032078
963134326
963236606
963338911
963441248
963543609
963646001
963748418
963850865
963953337
964055840
964158368
964260926
964363509
964466122
964568759
964671428
964774133
964876869
964979659
965082479
965185324
965288200
965391101
965494031
965597002
965700002
965803028
965906083
966009163
966112274
966215409
966318577
966421771
966524996
966628247
966731529
966834835
966938173
967041535
967144928
967248357
967351816
967455300
967558813
967662352
967765921
967869545
967973200
968076904
968180639
968284398
968388188
968492002
968595845
968699728
968803640
968907586
969011562
969115563
969219594
969323651
969427739
969531851
969635997
969740168
969844372
969948600
970052860
970157144
970261459
970365799
970470170
970574574
970679008
970783513
970888048
970992609
971097200
971201824
971306479
971411158
971515868
971620603
971725368
971830179
971935021
972039888
972144786
972249709
972354664
972459645
972564657
972669695
972774765
972879861
972984987
973090140
973195323
973300531
973405770
973511035
973616329
973721660
973827021
973932430
974037871
974143349
974248857
974354417
974460007
974565623
974671270
974776943
974882646
974988376
975094136
975199922
975305739
975411582
975517456
975623357
975729291
975835252
975941246
976047266
976153318
976259396
976365505
976471666
976577857
976684091
976790354
976896643
977002962
977109312
977215693
977322171
977428680
977535281
977641913
977748570
977855258
977961973
978068718
978175489
978282292
978389120
978495980
978602866
978709783
978816726
978923701
979030702
979137735
979244795
979351885
979459002
979566150
979673345
979780570
979887899
979995258
980102689
980210150
980317651
980425184
980532769
980640386
980748034
980855715
980963421
981071160
981178924
981286720
981394542
981502397
981610278
981718191
981826131
981934103
982042101
982150133
982258191
982366282
982474400
982582549
982690724
982798930
982907163
983015426
983123727
983232059
983340426
983448825
983557269
983665744
983774257
983882802
983991373
984099976
984208605
984317267
984425955
984534675
984643422
984752201
984861006
984969844
985078708
985187605
985296528
985405484
985514466
985623481
985732537
985841625
985950759
986059923
986169149
986278405
986387708
986497042
986606444
986715878
986825355
986934865
987044401
987153969
987263583
987373228
987482901
987592605
987702336
987812100
987921891
988031714
988141563
988251446
988361355
988471297
988581265
988691266
988801307
988911381
989021481
989131613
989241796
989352010
989462348
989572718
989683135
989793584
989904076
990014600
990125164
990235760
990346405
990457083
990567788
990678525
990789289
990900087
991010911
991121768
991232652
991343569
991454513
991565490
991676493
991787530
991898594
992009690
992120814
992231970
992343160
992454383
992565661
992676970
992788325
992899712
993011137
993122594
993234079
993345597
993457142
993568720
993680326
993791965
993903631
994015332
994127059
994238821
994350609
994462432
994574281
994686165
994798076
994910020
995021990
995133994
995246024
995358088
995470182
995582310
995694483
995806687
995918941
996031226
996143625
996256055
996368576
996481130
996593720
996706344
996818995
996931679
997044391
997157136
997269909
997382714
997495546
997608412
997721305
997834231
997947185
998060171
998173185
998286233
998399329
998512459
998625628
998738829
998852106
998965415
999078796
999192208
999305657
999419138
999532646
999646187
999759772
999873390
999987047
1000100738
1000214456
1000328210
1000441990
1000555806
1000669650
1000783527
1000897433
1001011372
1001125338
1001239339
1001353367
1001467428
1001581517
1001695640
1001809790
1001923974
1002038198
1002152457
1002266761
1002381098
1002495471
1002609877
1002724346
1002838847
1002953396
1003067979
1003182589
1003297233
1003411905
1003526612
1003641347
1003756116
1003870914
1003985745
1004100604
1004215498
1004330419
1004445374
1004560358
1004675376
1004790421
1004905500
1005020607
1005135747
1005250929
1005366144
1005481414
1005596718
1005712056
1005827426
1005942824
1006058255
1006173777
1006289332
1006404933
1006520566
1006636228
1006751924
1006867648
1006983408
1007099196
1007215021
1007330873
1007446761
1007562676
1007678625
1007794603
1007910614
1008026653
1008142725
1008258826
1008374962
1008491125
1008607321
1008723609
1008839929
1008956341
1009072786
1009189278
1009305803
1009422379
1009538987
1009655624
1009772295
1009888994
1010005726
1010122487
1010239282
1010356106
1010472966
1010589854
1010706778
1010823730
1010940717
1011057732
1011174782
1011291860
1011408972
1011526113
1011643287
1011760489
1011877724
1011994988
1012112287
1012229625
1012346998
1012464400
1012581836
1012699323
1012816843
1012934402
1013051994
1013169615
1013287270
1013404954
1013522672
1013640418
1013758201
1013876012
1013993861
1014111738
1014229651
1014347592
1014465568
1014583573
1014701613
1014819681
1014937784
1015055938
1015174126
1015292343
1015410593
1015528871
1015647183
1015765548
1015883948
1016002435
1016120956
1016239506
1016358090
1016476703
1016595349
1016714076
1016832836
1016951625
1017070448
1017189300
1017308187
1017427102
1017546054
1017665035
1017784052
1017903097
1018022177
1018141285
1018260428
1018379621
1018498849
1018618122
1018737429
1018856765
1018976135
1019095534
1019214967
1019334452
1019453972
1019573549
1019693160
1019812800
1019932476
1020052180
1020171918
1020291686
1020411489
1020531321
1020651189
1020771086
1020891019
1021010980
1021130978
1021251006
1021371070
1021491164
1021611294
1021731452
1021851646
1021971868
1022092124
1022212424
1022332758
1022453122
1022573520
1022693948
1022814412
1022934905
1023055434
1023175993
1023296587
1023417210
1023537869
1023658603
1023779373
1023900171
1024021006
1024141869
1024262768
1024383696
1024504661
1024625656
1024746688
1024867749
1024988846
1025109973
1025231134
1025352346
1025473593
1025594877
1025716195
1025837543
1025958924
1026080335
1026201781
1026323255
1026444766
1026566305
1026687881
1026809485
1026931128
1027052799
1027174507
1027296244
1027418016
1027539836
1027661691
1027783575
1027905494
1028027443
1028149428
1028271443
1028393495
1028515576
1028637694
1028759859
1028882058
1029004298
1029126573
1029248986
1029371433
1029494016
1029616633
1029739280
1029861962
1029984673
1030107420
1030230231
1030353077
1030475984
1030598926
1030721899
1030844907
1030967944
1031091018
1031214142
1031337302
1031460492
1031583718
1031706974
1031830265
1031953587
1032076945
1032200334
1032323759
1032447214
1032570705
1032694226
1032817783
1032941409
1033065071
1033188780
1033312525
1033436300
1033560111
1033683951
1033807831
1033931739
1034055688
1034179667
1034303683
1034427730
1034551812
1034675959
1034800142
1034924355
1035048605
1035172884
1035297201
1035421548
1035545931
1035670345
1035794795
1035919275
1036043791
1036168360
1036292964
1036417633
1036542339
1036667074
1036791844
1036916645
1037041481
1037166347
1037291249
1037416181
1037541150
1037666150
1037791187
1037916254
1038041358
1038166493
1038291665
1038416910
1038542190
1038667520
1038792886
1038918281
1039043713
1039169175
1039294674
1039420204
1039545772
1039671370
1039797006
1039922753
1040048535
1040174426
1040300354
1040426312
1040552306
1040678330
1040804390
1040930480
1041056607
1041182765
1041308961
1041435190
1041561457
1041687754
1041814089
1041940455
1042066858
1042193311
1042319802
1042446353
1042572941
1042699560
1042826215
1042952900
1043079622
1043206374
1043333165
1043459987
1043586846
1043713736
1043840662
1043967619
1044094613
1044221734
1044348891
1044476204
1044603553
1044730933
1044858350
1044985797
1045113284
1045240806
1045368367
1045495960
1045623590
1045751251
1045878949
1046006720
1046134528
1046262396
1046390300
1046518236
1046646208
1046774212
1046902254
1047030326
1047158437
1047286578
1047414757
1047542966
1047671213
1047799490
1047927805
1048056151
1048184535
1048312949
1048441400
1048569885
1048698407
1048826960
1048955552
1049084174
1049212837
1049341531
1049470264
1049599028
1049727829
1049856712
1049985632
1050114614
1050243633
1050372683
1050501771
1050630889
1050760046
1050889233
1051018460
1051147717
1051277013
1051406400
1051535823
1051665431
1051795076
1051924752
1052054465
1052184210
1052313991
1052443808
1052573664
1052703551
1052833478
1052963440
1053093440
1053223471
1053353541
1053483642
1053613782
1053743954
1053874162
1054004402
1054134679
1054264988
1054395334
1054525712
1054656128
1054786575
1054917062
1055047581
1055178140
1055308730
1055439358
1055570018
1055700715
1055831466
1055962255
1056093115
1056224012
1056354941
1056485909
1056616908
1056747949
1056879025
1057010141
1057141288
1057272474
1057403691
1057534945
1057666325
1057797743
1057929283
1058060861
1058192471
1058324118
1058455798
1058587516
1058719265
1058851054
1058982874
1059114733
1059246623
1059378551
1059510510
1059642509
1059774569
1059906669
1060038872
1060171113
1060303389
1060435703
1060568049
1060700433
1060832854
1060965315
1061097808
1061230340
1061362903
1061495505
1061628247
1061761026
1061893901
1062026814
1062159760
1062292744
1062425760
1062558815
1062691903
1062825031
1062958192
1063091391
1063224629
1063357905
1063491272
1063624678
1063758116
1063891593
1064025119
1064158683
1064292283
1064425922
1064559593
1064693303
1064827052
1064960840
1065094661
1065228522
1065362416
1065496348
1065630312
1065764314
1065898349
1066032422
1066166527
1066300671
1066434848
1066569065
1066703314
1066837604
1066971926
1067106288
1067240689
1067375128
1067509651
1067644213
1067778829
1067913483
1068048208
1068182972
1068317774
1068452617
1068587492
1068722409
1068857359
1068992350
1069127373
1069262435
1069397530
1069532664
1069667830
1069803036
1069938274
1070073551
1070208860
1070344210
1070479592
1070615014
1070750469
1070885963
1071021491
1071157057
1071292657
1071428296
1071563990
1071699725
1071835516
1071971347
1072107250
1072243191
1072379169
1072515185
1072651235
1072787325
1072923454
1073059622
1073195823
1073332064
1073468337
1073604649
1073741824
1073604649
1073468337
1073332064
1073195823
1073059622
1072923454
1072787325
1072651235
1072515185
1072379169
1072243191
1072107250
1071971347
1071835516
1071699725
1071563990
1071428296
1071292657
1071157057
1071021491
1070885963
1070750469
1070615014
1070479592
1070344210
1070208860
1070073551
1069938274
1069803036
1069667830
1069532664
1069397530
1069262435
1069127373
1068992350
1068857359
1068722409
1068587492
1068452617
1068317774
1068182972
1068048208
1067913483
1067778829
1067644213
1067509651
1067375128
1067240689
1067106288
1066971926
1066837604
1066703314
1066569065
1066434848
1066300671
1066166527
1066032422
1065898349
1065764314
1065630312
1065496348
1065362416
1065228522
1065094661
1064960840
1064827052
1064693303
1064559593
1064425922
1064292283
1064158683
1064025119
1063891593
1063758116
1063624678
1063491272
1063357905
1063224629
1063091391
1062958192
1062825031
1062691903
1062558815
1062425760
1062292744
1062159760
1062026814
1061893901
1061761026
1061628247
1061495505
1061362903
1061230340
1061097808
1060965315
1060832854
1060700433
1060568049
1060435703
1060303389
1060171113
1060038872
1059906669
1059774569
1059642509
1059510510
1059378551
1059246623
1059114733
1058982874
1058851054
1058719265
1058587516
1058455798
1058324118
1058192471
1058060861
1057929283
1057797743
1057666325
1057534945
1057403691
1057272474
1057141288
1057010141
1056879025
1056747949
1056616908
1056485909
1056354941
1056224012
1056093115
1055962255
1055831466
1055700715
1055570018
1055439358
1055308730
1055178140
1055047581
1054917062
1054786575
1054656128
1054525712
1054395334
1054264988
1054134679
1054004402
1053874162
1053743954
1053613782
1053483642
1053353541
1053223471
1053093440
1052963440
1052833478
1052703551
1052573664
1052443808
1052313991
1052184210
1052054465
1051924752
1051795076
1051665431
1051535823
1051406400
1051277013
1051147717
1051018460
1050889233
1050760046
1050630889
1050501771
1050372683
1050243633
1050114614
1049985632
1049856712
1049727829
1049599028
1049470264
1049341531
1049212837
1049084174
1048955552
1048826960
1048698407
1048569885
1048441400
1048312949
1048184535
1048056151
1047927805
1047799490
1047671213
1047542966
1047414757
1047286578
1047158437
1047030326
1046902254
1046774212
1046646208
1046518236
1046390300
1046262396
1046134528
1046006720
1045878949
1045751251
1045623590
1045495960
1045368367
1045240806
1045113284
1044985797
1044858350
1044730933
1044603553
1044476204
1044348891
1044221734
1044094613
1043967619
1043840662
1043713736
1043586846
1043459987
1043333165
1043206374
1043079622
1042952900
1042826215
1042699560
1042572941
1042446353
1042319802
1042193311
1042066858
1041940455
1041814089
1041687754
1041561457
1041435190
1041308961
1041182765
1041056607
1040930480
1040804390
1040678330
1040552306
1040426312
1040300354
1040174426
1040048535
1039922753
1039797006
1039671370
1039545772
1039420204
1039294674
1039169175
1039043713
1038918281
1038792886
1038667520
1038542190
1038416910
1038291665
1038166493
1038041358
1037916254
1037791187
1037666150
1037541150
1037416181
1037291249
1037166347
1037041481
1036916645
1036791844
1036667074
1036542339
1036417633
1036292964
1036168360
1036043791
1035919275
1035794795
1035670345
1035545931
1035421548
1035297201
1035172884
1035048605
1034924355
1034800142
1034675959
1034551812
1034427730
1034303683
1034179667
1034055688
1033931739
1033807831
1033683951
1033560111
1033436300
1033312525
1033188780
1033065071
1032941409
1032817783
1032694226
1032570705
1032447214
1032323759
1032200334
1032076945
1031953587
1031830265
1031706974
1031583718
1031460492
1031337302
1031214142
1031091018
1030967944
1030844907
1030721899
1030598926
1030475984
1030353077
1030230231
1030107420
1029984673
1029861962
1029739280
1029616633
1029494016
1029371433
1029248986
1029126573
1029004298
1028882058
1028759859
1028637694
1028515576
1028393495
1028271443
1028149428
1028027443
1027905494
1027783575
1027661691
1027539836
1027418016
1027296244
1027174507
1027052799
1026931128
1026809485
1026687881
1026566305
1026444766
1026323255
1026201781
1026080335
1025958924
1025837543
1025716195
1025594877
1025473593
1025352346
1025231134
1025109973
1024988846
1024867749
1024746688
1024625656
1024504661
1024383696
1024262768
1024141869
1024021006
1023900171
1023779373
1023658603
1023537869
1023417210
1023296587
1023175993
1023055434
1022934905
1022814412
1022693948
1022573520
1022453122
1022332758
1022212424
1022092124
1021971868
1021851646
1021731452
1021611294
1021491164
1021371070
1021251006
1021130978
1021010980
1020891019
1020771086
1020651189
1020531321
1020411489
1020291686
1020171918
1020052180
1019932476
1019812800
1019693160
1019573549
1019453972
1019334452
1019214967
1019095534
1018976135
1018856765
1018737429
1018618122
1018498849
1018379621
1018260428
1018141285
1018022177
1017903097
1017784052
1017665035
1017546054
1017427102
1017308187
1017189300
1017070448
1016951625
1016832836
1016714076
1016595349
1016476703
1016358090
1016239506
1016120956
1016002435
1015883948
1015765548
1015647183
1015528871
1015410593
1015292343
1015174126
1015055938
1014937784
1014819681
1014701613
1014583573
1014465568
1014347592
1014229651
1014111738
1013993861
1013876012
1013758201
1013640418
1013522672
1013404954
1013287270
1013169615
1013051994
1012934402
1012816843
1012699323
1012581836
1012464400
1012346998
1012229625
1012112287
1011994988
1011877724
1011760489
1011643287
1011526113
1011408972
1011291860
1011174782
1011057732
1010940717
1010823730
1010706778
1010589854
1010472966
1010356106
1010239282
1010122487
1010005726
1009888994
1009772295
1009655624
1009538987
1009422379
1009305803
1009189278
1009072786
1008956341
1008839929
1008723609
1008607321
1008491125
1008374962
1008258826
1008142725
1008026653
1007910614
1007794603
1007678625
1007562676
1007446761
1007330873
1007215021
1007099196
1006983408
1006867648
1006751924
1006636228
1006520566
1006404933
1006289332
1006173777
1006058255
1005942824
1005827426
1005712056
1005596718
1005481414
1005366144
1005250929
1005135747
1005020607
1004905500
1004790421
1004675376
1004560358
1004445374
1004330419
1004215498
1004100604
1003985745
1003870914
1003756116
1003641347
1003526612
1003411905
1003297233
1003182589
1003067979
1002953396
1002838847
1002724346
1002609877
1002495471
1002381098
1002266761
1002152457
1002038198
1001923974
1001809790
1001695640
1001581517
1001467428
1001353367
1001239339
1001125338
1001011372
1000897433
1000783527
1000669650
1000555806
1000441990
1000328210
1000214456
1000100738
999987047
999873390
999759772
999646187
999532646
999419138
999305657
999192208
999078796
998965415
998852106
998738829
998625628
998512459
998399329
998286233
998173185
998060171
997947185
997834231
997721305
997608412
997495546
997382714
997269909
997157136
997044391
996931679
996818995
996706344
996593720
996481130
996368576
996256055
996143625
996031226
995918941
995806687
995694483
995582310
995470182
995358088
995246024
995133994
995021990
994910020
994798076
994686165
994574281
994462432
994350609
994238821
994127059
994015332
993903631
993791965
993680326
993568720
993457142
993345597
993234079
993122594
993011137
992899712
992788325
992676970
992565661
992454383
992343160
992231970
992120814
992009690
991898594
991787530
991676493
991565490
991454513
991343569
991232652
991121768
991010911
990900087
990789289
990678525
990567788
990457083
990346405
990235760
990125164
990014600
989904076
989793584
989683135
989572718
989462348
989352010
989241796
989131613
989021481
988911381
988801307
988691266
988581265
988471297
988361355
988251446
988141563
988031714
987921891
987812100
987702336
987592605
987482901
987373228
987263583
987153969
987044401
986934865
986825355
986715878
986606444
986497042
986387708
986278405
986169149
986059923
985950759
985841625
985732537
985623481
985514466
985405484
985296528
985187605
985078708
984969844
984861006
984752201
984643422
984534675
984425955
984317267
984208605
984099976
983991373
983882802
983774257
983665744
983557269
983448825
983340426
983232059
983123727
983015426
982907163
982798930
982690724
982582549
982474400
982366282
982258191
982150133
982042101
981934103
981826131
981718191
981610278
981502397
981394542
981286720
981178924
981071160
980963421
980855715
980748034
980640386
980532769
980425184
980317651
980210150
980102689
979995258
979887899
979780570
979673345
979566150
979459002
979351885
979244795
979137735
979030702
978923701
978816726
978709783
978602866
978495980
978389120
978282292
978175489
978068718
977961973
977855258
977748570
977641913
977535281
977428680
977322171
977215693
977109312
977002962
976896643
976790354
976684091
976577857
976471666
976365505
976259396
976153318
976047266
975941246
975835252
975729291
975623357
975517456
975411582
975305739
975199922
975094136
974988376
974882646
974776943
974671270
974565623
974460007
974354417
974248857
974143349
974037871
973932430
973827021
973721660
973616329
973511035
973405770
973300531
973195323
973090140
972984987
972879861
972774765
972669695
972564657
972459645
972354664
972249709
972144786
972039888
971935021
971830179
971725368
971620603
971515868
971411158
971306479
971201824
971097200
970992609
970888048
970783513
970679008
970574574
970470170
970365799
970261459
970157144
970052860
969948600
969844372
969740168
969635997
969531851
969427739
969323651
969219594
969115563
969011562
968907586
968803640
968699728
968595845
968492002
968388188
968284398
968180639
968076904
967973200
967869545
967765921
967662352
967558813
967455300
967351816
967248357
967144928
967041535
966938173
966834835
966731529
966628247
966524996
966421771
966318577
966215409
966112274
966009163
965906083
965803028
965700002
965597002
965494031
965391101
965288200
965185324
965082479
964979659
964876869
964774133
964671428
964568759
964466122
964363509
964260926
964158368
964055840
963953337
963850865
963748418
963646001
963543609
963441248
963338911
963236606
963134326
963032078
962929854
962827662
962725512
962623392
962521313
962419263
962317266
962215298
962113355
962011440
961909551
961807692
961705857
961604052
961502273
961400523
961298822
961197150
961095550
960993978
960892431
960790914
960689421
960587958
960486519
960385111
960283727
960182374
960081045
959979746
959878489
959777261
959676071
959574910
959473800
959372718
959271660
959170631
959069626
958968651
958867699
958766778
958665881
958565014
958464171
958363359
958262571
958161813
958061080
957960376
957859709
957759072
957658459
957557876
957457316
957356789
957256286
957155815
957055369
956954952
956854560
956754197
956653868
956553569
956453336
956353133
956252972
956152840
956052732
955952654
955852600
955752575
955652580
955552615
955452674
955352762
955252875
955153017
955053183
954953378
954853622
954753895
954654192
954554519
954454870
954355250
954255654
954156090
954056549
953957039
953857560
953758110
953658684
953559286
953459937
953360616
953261379
953162169
953062984
952963828
952864695
952765594
952666517
952567472
952468451
952369460
952270493
952171554
952072669
951973813
951874980
951776177
951677397
951578647
951479920
951381223
951282549
951183904
951085283
950986690
950888208
950789754
950691406
950593087
950494791
950396524
950298280
950200064
950101872
950003708
949905568
949807457
949709370
949611313
949513279
949415275
949317295
949219345
949121468
949023620
948925813
948828034
948730279
948632553
948534850
948437176
948339526
948241906
948144310
948046743
947949228
947851740
947754288
947656865
947559466
947462095
947364748
947267428
947170132
947072867
946975625
946878413
946781228
946684072
946586940
946489836
946392757
946295706
946198691
946101705
946004766
945907856
945810969
945714110
945617274
945520467
945423684
945326932
945230203
945133503
945036827
944940178
944843553
944746955
944650447
944553967
944457529
944361119
944264732
944168373
944072038
943975732
943879452
943783204
943686978
943590782
943494608
943398462
943302377
943206319
943110313
943014335
942918380
942822453
942726550
942630675
942534823
942439000
942343200
942247429
942151680
942055960
941960262
941864592
941768946
941673327
941577732
941482164
941386622
941291107
941195616
941100154
941004715
940909306
940813921
940718566
940623234
940527930
940432650
940337396
940242165
940146962
940051781
939956629
939861499
939766398
939671320
939576271
939481246
939386248
939291340
939196458
939101699
939006967
938912259
938817577
938722919
938628288
938533682
938439105
938344551
938250026
938155527
938061055
937966607
937872187
937777790
937683421
937589096
937494798
937400523
937306275
937212050
937117853
937023678
936929532
936835408
936741313
936647241
936553198
936459177
936365183
936271213
936177270
936083370
935989497
935895700
935801929
935708180
935614461
935520764
935427097
935333457
935239844
935146254
935052690
934959149
934865635
934772250
934678892
934585621
934492377
934399156
934305962
934212790
934119646
934026530
933933441
933840375
933747336
933654319
933561329
933468361
933375420
933282523
933189653
933096845
933004064
932911307
932818577
932725870
932633191
932540540
932447918
932355319
932262749
932170201
932077679
931985181
931892708
931800279
931707876
931615495
931523142
931430812
931338511
931246232
931153984
931061758
930969560
930877389
930785244
930693158
930601099
930509063
930417054
930325082
930233135
930141216
930049324
929957454
929865611
929773794
929682005
929590239
929498501
929406786
929315098
929223433
929131793
929040176
928948586
928857017
928765475
928673955
928582462
928490991
928399548
928308127
928216734
928125367
928034027
927942772
927851542
927760353
927669190
927578082
927487000
927395942
927304912
927213904
927122923
927031965
926941034
926850125
926759241
926668381
926577546
926486733
926395946
926305182
926214444
926123728
926033039
925942372
925851732
925761118
925670530
925579964
925489425
925398907
925308416
925217960
925127532
925037146
924946787
924856500
924766238
924676001
924585791
924495604
924405444
924315307
924225197
924135108
924045046
923955005
923864990
923775116
923685267
923595521
923505802
923416104
923326433
923236783
923147162
923057565
922967997
922878452
922788932
922699439
922609971
922520559
922431172
922341829
922252511
922163229
922073973
921984739
921895531
921806345
921717186
921628048
921538939
921449851
921360791
921271752
921182740
921093750
921004785
920915842
920826924
920738028
920649157
920560308
920471486
920382686
920293915
920205165
920116442
920027746
919939074
919850457
919761865
919673313
919584786
919496340
919407919
919319526
919231159
919142813
919054494
918966197
918877926
918789677
918701453
918613251
918525073
918436918
918348787
918260678
918172593
918084531
917996494
917908480
917820490
917732526
917644587
917556670
917468778
917380912
917293070
917205270
917117496
917029744
916942017
916854313
916766633
916678974
916591341
916503730
916416145
916328582
916241046
916153530
916066040
915978572
915891129
915803775
915716444
915629204
915541988
915454794
915367628
915280482
915193365
915106272
915019205
914932160
914845140
914758145
914671175
914584265
914497382
914410541
914323727
914236934
914150165
914063418
913976696
913889996
913803322
913716669
913630042
913543436
913456855
913370295
913283760
913197246
913110757
913024289
912937846
912851424
912765027
912678651
912592302
912505977
912419680
912333404
912247154
912160926
912074721
911988583
911902469
911816393
911730343
911644313
911558308
911472324
911386366
911300429
911214519
911128630
911042767
910956924
910871107
910785310
910699537
910613786
910528059
910442368
910356701
910271056
910185436
910099836
910014262
909928712
909843188
909757686
909672209
909586756
909501328
909415921
909330538
909245177
909159839
909074564
908989312
908904112
908818936
908733782
908648653
908563545
908478462
908393401
908308364
908223348
908138356
908053407
907968482
907883610
907798763
907713936
907629136
907544357
907459604
907374873
907290167
907205481
907120820
907036181
906951565
906866970
906782401
906697853
906613331
906528830
906444353
906359897
906275466
906191056
906106670
906022305
905937965
905853646
905769351
905685077
905600828
905516622
905432440
905348321
905264227
905180154
905096106
905012078
904928077
904844100
904760149
904676218
904592311
904508426
904424563
904340820
904257100
904173471
904089866
904006281
903922720
903839179
903755664
903672168
903588699
903505250
903421825
903338421
903255040
903171679
903088343
903005045
902921772
902838530
902755314
902672118
902588946
902505795
902422669
902339567
902256491
902173436
902090406
902007396
901924410
901841444
901758501
901675579
901592680
901509828
901426999
901344207
901261439
901178693
901095973
901013273
900930599
900847946
900765316
900682707
900600121
900517575
900435052
900352585
900270141
900187718
900105320
900022942
899940589
899858257
899775949
899693661
899611398
899529154
899446934
899364734
899282558
899200402
899118269
899036171
898954096
898872041
898790009
898707998
898626011
898544044
898462102
898380179
898298281
898216403
898134549
898052716
897970906
897889144
897807406
897725688
897643994
897562320
897480672
897399043
897317439
897235854
897154293
897072753
896991235
896909812
896828412
896747107
896665826
896584565
896503328
896422117
896340930
896259763
896178621
896097498
896016399
895935319
895854263
895773227
895692215
895611240
895530288
895449356
895368447
895287558
895206694
895125860
895045050
894964307
894883587
894802888
894722212
894641555
894560921
894480340
894399782
894319265
894238770
894158311
894077874
893997457
893917065
893836693
893756347
893676021
893595720
893515439
893435181
893354943
893274728
893194547
893114388
893034249
892954134
892874038
892793968
892713917
892633890
892553884
892473901
892393938
892313998
892234078
892154180
892074302
891994447
891914611
891834799
891755006
891675236
891595486
891515759
891436053
891356371
891276709
891197071
891117453
891037859
890958285
890878733
890799202
890719693
890640259
890560847
890481475
890402125
890322795
890243488
890164201
890084937
890005692
889926470
889847268
889768088
889688939
889609812
889530722
889451655
889372607
889293582
889214576
889135595
889056633
888977695
888898777
888819881
888741005
888662152
888583319
888504509
888425718
888346950
888268202
888189476
888110770
888032086
887953457
887874850
887796279
887717729
887639199
887560692
887482204
887403739
887325313
887246910
887168526
887090165
887011823
886933504
886855205
886776930
886698674
886620443
886542231
886464043
886385874
886307728
886229602
886151497
886073426
885995376
885917346
885839339
885761351
885683386
885605454
885527545
885449685
885371848
885294030
885216234
885138457
885060701
884982965
884905252
884827558
884749887
884672236
884594607
884516998
884439412
884361846
884284304
884206782
884129284
884051805
883974349
883896912
883819497
883742102
883664729
883587392
883510076
883432793
883355532
883278290
883201071
883123893
883046738
882969602
882892488
882815393
882738319
882661265
882584233
882507220
882430229
882353257
882276308
882199378
882122471
882045583
881968718
881891873
881815050
881738267
881661506
881584764
881508044
881431343
881354663
881278050
881201458
881124902
881048367
880971872
880895399
880818957
880742537
880666136
880589757
880513398
880437061
880360744
880284449
880208173
880131919
880055685
879979473
879903280
879827112
879750963
879674837
879598731
879522647
879446581
879370538
879294528
879218539
879142594
879066670
878990766
878914883
878839025
878763190
878687384
878611600
878535836
878460092
878384367
878308665
878232981
878157320
878081677
878006057
877930456
877854878
877779318
877703780
877628262
877552766
877477289
877401834
877326399
877250985
877175590
877100216
877024896
876949598
876874339
876799101
876723920
876648760
876573658
876498577
876423526
876348496
876273491
876198508
876123544
876048601
875973676
875898774
875823890
875749028
875674186
875599365
875524562
875449782
875375021
875300282
875225561
875150863
875076189
875001535
874926943
874852371
874777818
874703286
874628780
874554294
874479842
874405411
874331007
874256624
874182274
874107945
874033635
873959347
873885078
873810830
873736602
873662396
873588209
873514043
873439896
873365770
873291664
873217579
873143512
873069468
872995442
872921438
872847461
872773506
872699598
872625712
872551858
872478025
872404234
872330464
872256719
872182997
872109292
872035609
871961945
871888302
871814678
871741075
871667490
871593928
871520384
871446862
871373359
871299878
871226416
871152977
871079555
871006156
870932791
870859448
870786133
870712838
870639562
870566306
870493076
870419867
870346758
870273670
870200652
870127654
870054682
869981731
869908810
869835911
869763030
869690170
869617329
869544508
869471706
869398925
869326163
869253421
869180698
869107995
869035311
868962648
868890003
868817379
868744786
868672213
868599706
868527218
868454772
868382346
868309955
868237583
868165263
868092962
868020685
867948428
867876190
867803973
867731774
867659596
867587437
867515299
867443180
867371082
867299003
867226945
867154906
867082888
867010889
866938911
866866952
866795012
866723091
866651191
866579308
866507447
866435610
866363794
866292004
866220233
866148504
866076794
866005116
865933458
865861818
865790198
865718596
865647016
865575453
865503913
865432391
865360890
865289406
865217944
865146499
865075076
865003671
864932287
864860921
864789576
864718248
864646942
864575669
864504416
864433202
864362008
864290843
864219698
864148611
864077544
864006514
863935503
863864511
863793538
863722601
863651684
863580785
863509907
863439047
863368208
863297387
863226587
863155804
863085042
863014299
862943575
862872870
862802185
862731517
862660870
862590240
862519631
862449058
862378504
862308022
862237560
862167126
862096712
862026329
861955965
861885634
861815324
861745057
861674811
861604582
861534374
861464184
861394016
861323865
861253735
861183624
861113532
861043459
860973406
860903371
860833356
860763359
860693382
860623422
860553483
860483561
860413659
860343796
860273954
860204140
860134346
860064576
859994825
859925093
859855380
859785684
859716008
859646350
859576711
859507091
859437491
859367909
859298348
859228806
859159285
859089782
859020301
858950836
858881392
858811966
858742559
858673169
858603800
858534449
858465117
858395803
858326509
858257247
858188005
858118827
858049668
857980572
857911495
857842445
857773413
857704399
857635405
857566428
857497471
857428531
857359611
857290709
857221826
857152962
857084117
857015290
856946483
856877694
856808923
856740192
856671481
856602798
856534134
856465488
856396860
856328250
856259660
856191093
856122546
856054016
855985505
855917021
855848556
855780119
855711701
855643301
855574920
855506557
855438214
855369889
855301585
855233299
855165034
855096787
855028560
854960350
854892160
854823988
854755835
854687699
854619583
854551497
854483430
854415380
854347349
854279335
854211341
854143392
854075462
854007561
853939681
853871817
853803973
853736146
853668338
853600554
853532789
853465041
853397313
853329602
853261911
853194237
853126585
853058950
852991335
852923738
852856161
852788615
852721088
852653593
852586116
852518684
852451270
852383873
852316495
852249134
852181793
852114507
852047242
851980003
851912783
851845581
851778397
851711231
851644083
851576953
851509843
851442750
851375676
851308620
851241583
851174562
851107561
851040577
850973613
850906671
850839749
850772853
850705975
850639167
850572377
850505654
850438949
850372262
850305593
850238941
850172308
850105692
850039095
849972516
849905955
849839411
849772886
849706404
849639940
849573493
849507066
849440655
849374264
849307889
849241535
849175198
849108881
849042581
848976300
848910036
848843790
848777572
848711372
848645200
848579046
848512909
848446790
848380688
848314605
848248539
848182492
848116462
848050451
847984457
847918482
847852525
847786587
847720666
847654763
847588892
847523040
847457205
847391388
847325588
847259809
847194047
847128306
847062582
846996878
846931202
846865544
846799924
846734322
846668760
846603216
846537749
846472300
846406867
846341453
846276056
846210678
846145344
846080029
846014731
845949451
845884189
845818944
845753716
845688506
845623321
845558155
845493005
845427874
845362759
845297662
845232582
845167521
845102477
845037451
844972461
844907488
844842533
844777595
844712694
844647812
844582971
844518149
844453343
844388556
844323785
844259034
844194299
844129584
844064887
844000209
843935548
843870905
843806306
843741726
843677163
843612618
843548091
843483582
843419089
843354615
843290157
843225718
843161295
843096890
843032529
842968185
842903870
842839573
842775293
842711031
842646785
842582557
842518346
842454152
842389976
842325817
842261676
842197552
842133446
842069358
842005287
841941234
841877230
841813244
841749292
841685358
841621440
841557540
841493657
841429793
841365945
841302118
841238307
841174514
841110756
841047015
840983325
840919652
840855996
840792357
840728735
840665130
840601542
840537973
840474421
840410887
840347373
840283876
840220396
840156934
840093488
840030060
839966660
839903277
839839933
839776606
839713296
839650002
839586725
839523466
839460224
839397000
839333792
839270603
839207430
839144274
839081135
839018012
838954952
838891910
838828977
838766061
838703162
838640280
838577415
838514569
838451742
838388935
838326144
838263371
838200615
838137876
838075154
838012449
837949760
837887088
837824433
837761796
837699175
837636571
837573984
837511415
837448863
837386328
837323810
837261308
837198823
837136357
837073906
837011474
836949058
836886660
836824279
836761916
836699570
836637241
836574929
836512636
836450359
836388102
836325861
836263637
836201476
836139332
836077246
836015177
835953124
835891089
835829070
835767069
835705084
835643117
835581166
835519232
835457348
835395479
835333637
835271812
835210002
835148210
835086434
835024674
834962933
834901210
834839503
834777814
834716144
834654491
834592854
834531234
834469630
834408043
834346491
834284957
834223438
834161936
834100451
834038982
833977529
833916094
833854675
833793274
833731889
833670521
833609170
833547835
833486516
833425214
833363941
833302685
833241474
833180280
833119102
833057942
832996799
832935674
832874571
832813485
832752415
832691362
832630325
832569305
832508301
832447313
832386361
832325426
832264506
832203605
832142718
832081850
832020998
831960163
831899344
831838542
831777757
831716987
831656233
831595496
831534795
831474110
831413477
831352859
831292261
831231679
831171114
831110566
831050037
830989527
830929034
830868558
830808099
830747657
830687251
830626862
830566521
830506197
830445889
830385597
830325322
830265064
830204821
830144598
830084390
830024200
829964029
829903874
829843776
829783695
829723630
829663582
829603561
829543556
829483570
829423601
829363647
829303710
829243791
829183889
829124003
829064133
829004280
828944443
828884621
828824815
828765026
828705252
828645494
828585753
828526027
828466318
828406624
828346948
828287287
828227642
828168017
828108408
828048849
827989306
827929793
827870296
827810857
827751434
827692028
827632640
827573268
827513914
827454575
827395254
827335948
827276658
827217384
827158125
827098883
827039656
826980445
826921252
826862074
826802913
826743769
826684642
826625533
826566441
826507365
826448305
826389260
826330231
826271230
826212245
826153293
826094357
826035463
825976586
825917726
825858884
825800058
825741250
825682457
825623682
825564923
825506180
825447453
825388742
825330086
825271444
825212863
825154297
825095746
825037212
824978693
824920191
824861709
824803245
824744797
824686365
824627953
824569555
824511199
824452860
824394552
824336261
824277999
824219752
824161520
824103304
824045104
823986921
823928755
823870607
823812474
823754357
823696255
823638170
823580099
823522045
823464006
823405982
823347974
823289981
823232004
823174043
823116097
823058169
823000257
822942362
822884485
822826623
822768819
822711031
822653276
822595538
822537814
822480107
822422415
822364739
822307078
822249434
822191805
822134192
822076595
822019013
821961447
821903896
821846360
821788839
821731334
821673845
821616371
821558914
821501472
821444048
821386641
821329250
821271874
821214514
821157172
821099846
821042545
820985261
820927992
820870739
820813538
820756352
820699185
820642034
820584899
820527781
820470679
820413593
820356522
820299467
820242427
820185403
820128394
820071399
820014420
819957456
819900508
819843577
819786661
819729762
819672882
819616018
819559170
819502336
819445521
819388721
819331978
819275251
819218557
819161877
819105213
819048564
818991930
818935312
818878709
818822122
818765550
818708994
818652453
818595927
818539416
818482921
818426469
818370031
818313658
818257300
818200956
818144628
818088315
818032018
817975740
817919478
817863232
817807002
817750788
817694588
817638403
817582233
817526078
817469938
817413814
817357704
817301609
817245531
817189467
817133421
817077390
817021375
816965376
816909391
816853421
816797466
816741526
816685601
816629703
816573821
816517953
816462102
816406265
816350444
816294640
816238852
816183080
816127324
816071582
816015856
815960144
815904448
815848766
815793100
815737465
815681844
815626273
815570718
815515178
815459654
815404144
815348650
815293171
815237707
815182258
815126823
815071425
815016041
814960709
814905393
814850091
814794806
814739536
814684283
814629044
814573821
814518613
814463419
814408241
814353077
814297927
814242793
814187673
814132569
814077479
814022404
813967344
813912299
813857269
813802254
813747254
813692269
813637299
813582343
813527403
813472477
813417583
813362703
813307864
813253040
813198230
813143436
813088657
813033894
812979151
812924424
812869712
812815015
812760333
812705665
812651069
812596487
812541950
812487427
812432919
812378425
812323947
812269484
812215035
812160604
812106187
812051786
811997399
811943027
811888669
811834326
811780014
811725718
811671446
811617189
811562947
811508719
811454507
811400310
811346130
811291966
811237817
811183684
811129565
811075461
811021371
810967296
810913236
810859190
810805167
810751159
810697165
810643186
810589221
810535274
810481341
810427423
810373521
810319633
810265759
810211900
810158069
810104253
810050479
809996721
809942977
809889247
809835533
809781833
809728148
809674478
809620822
809567180
809513553
809459940
809406341
809352756
809299186
809245630
809192101
809138586
809085103
809031635
808978181
808924742
808871317
808817907
808764511
808711129
808657763
808604411
808551073
808497750
808444470
808391203
808337951
808284715
808231493
808178287
808125096
808071919
808018757
807965609
807912476
807859357
807806274
807753205
807700166
807647141
807594130
807541134
807488152
807435185
807382233
807329297
807276375
807223467
807170574
807117695
807064831
807011981
806959160
806906353
806853561
806800782
806748018
806695269
806642548
806589841
806537183
806484540
806431911
806379297
806326697
806274110
806221552
806169007
806116477
806063961
806011459
805958970
805906496
805854037
805801592
805749164
805696750
805644352
805591968
805539598
805487243
805434902
805382583
805330278
805277988
805225711
805173449
805121200
805068966
805016747
804964541
804912350
804860173
804808010
804755861
804703725
804651603
804599495
804547407
804495333
804443273
804391227
804339196
804287178
804235175
804183187
804131213
804079254
804027310
803975379
803923463
803871560
803819672
803767797
803715947
803664110
803612337
803560577
803508832
803457101
803405384
803353680
803301991
803250315
803198654
803147006
803095388
803043783
802992191
802940614
802889050
802837502
802785967
802734448
802682942
802631452
802579976
802528514
802477066
802425632
802374213
802322807
802271416
802220038
802168675
802117325
802065990
802014668
801963370
801912086
801860837
801809601
801758380
801707172
801655979
801604799
801553633
801502480
801451342
801400217
801349106
801298009
801246926
801195859
801144805
801093767
801042743
800991733
800940737
800889755
800838817
800787893
800737001
800686121
800635256
800584404
800533565
800482740
800431986
800381245
800330575
800279918
800229276
800178647
800128031
800077429
800026840
799976265
799925704
799875156
799824622
799774102
799723596
799673104
799622626
799572163
799521714
799471279
799420859
799370452
799320059
799269680
799219314
799168961
799118654
799068360
799018092
798967836
798917595
798867367
798817157
798766961
798716779
798666610
798616455
798566312
798516184
798466070
798415969
798365881
798315808
798265748
798215703
798165671
798115654
798065651
798015662
797965686
797915724
797865775
797815840
797765918
797716010
797666115
797616241
797566381
797516552
797466735
797416942
797367161
797317394
797267639
797217899
797168173
797118460
797068761
797019076
796969404
796919746
796870102
796820471
796770855
796721252
796671664
796622089
796572528
796522982
796473448
796423929
796374422
796324954
796275499
796226071
796176656
796127255
796077866
796028505
795979157
795929832
795880520
795831233
795781959
795732700
795683452
795634219
795584999
795535793
795486599
795437420
795388253
795339100
795289960
795240834
795191722
795142640
795093572
795044517
794995476
794946448
794897433
794848492
794799564
794750668
794701783
794652925
794604079
794555253
794506440
794457654
794408881
794360122
794311376
794262644
794213926
794165221
794116529
794067851
794019186
793970535
793921897
793873273
793824662
793776065
793727481
793678911
793630355
793581818
793533293
793484804
793436327
793387863
793339412
793290982
793242565
793194167
793145782
793097411
793049052
793000706
792952374
792904055
792855749
792807458
792759179
792710914
792662662
792614424
792566199
792517988
792469789
792421604
792373432
792325273
792277128
792228995
792180876
792132784
792084705
792036657
791988622
791940658
791892706
791844810
791796926
791749062
791701210
791653376
791605554
791557745
791509949
791462167
791414396
791366640
791318897
791271167
791223450
791175747
791128056
791080380
791032715
790985065
790937426
790889810
790842206
790794647
790747099
790699565
790652044
790604541
790557049
790509598
790462159
790414743
790367340
790319958
790272588
790225232
790177888
790130558
790083241
790035938
789988647
789941370
789894105
789846854
789799616
789752391
789705179
789657980
789610793
789563620
789516459
789469321
789422196
789375102
789328019
789280956
789233905
789186887
789139881
789092901
789045933
788998978
788952035
788905106
788858190
788811287
788764397
788717520
788670656
788623806
788576969
788530145
788483334
788436536
788389752
788342981
788296223
788249477
788202744
788156035
788109338
788062654
788015981
787969326
787922683
787876087
787829503
787782976
787736459
787689969
787643489
787597039
787550601
787504177
787457764
787411366
787364979
787318606
787272246
787225898
787179563
787133241
787086930
787040634
786994349
786948077
786901818
786855572
786809337
786763167
786717009
786670905
786624811
786578741
786532682
786486649
786440628
786394623
786348631
786302651
786256683
786210728
786164786
786118856
786072940
786027037
785981147
785935270
785889405
785843554
785797716
785751891
785706078
785660278
785614490
785568715
785522951
785477201
785431463
785385745
785340039
785294354
785248682
785203035
785157399
785111781
785066175
785020582
784975000
784929432
784883875
784838331
784792799
784747281
784701775
784656283
784610802
784565335
784519880
784474438
784429008
784383591
784338186
784292813
784247451
784202103
784156766
784111442
784066129
784020842
783975566
783930349
783885143
783839961
783794790
783749633
783704486
783659367
783614258
783569163
783524079
783479009
783433950
783388904
783343870
783298849
783253841
783208846
783163863
783118893
783073934
783029005
782984087
782939182
782894289
782849408
782804539
782759683
782714837
782670017
782625208
782580427
782535657
782490909
782446171
782401457
782356754
782312064
782267386
782222720
782178066
782133426
782088797
782044181
781999577
781954986
781910407
781865842
781821288
781776747
781732218
781687701
781643195
781598713
781554241
781509782
781465333
781420898
781376475
781332071
781287678
781243299
781198931
781154576
781110232
781065901
781021581
780977274
780932978
780888696
780844425
780800167
780755921
780711689
780667470
780623264
780579069
780534887
780490717
780446559
780402413
780358284
780314166
780270083
780226010
780181950
780137901
780093864
780049839
780005866
779961904
779917966
779874039
779830125
779786221
779742331
779698451
779654591
779610742
779566906
779523081
779479269
779435468
779391680
779347903
779304139
779260387
779216662
779172949
779129256
779085574
779041954
778998345
778954798
778911261
778867737
778824223
778780723
778737233
778693766
778650311
778606881
778563463
778520057
778476662
778433280
778389909
778346551
778303205
778259872
778216550
778173241
778129942
778086657
778043383
778000122
777956872
777913635
777870409
777827204
777784009
777740850
777697700
777654573
777611455
777568351
777525257
777482175
777439105
777396048
777353001
777309968
777266946
777223936
777180937
777137973
777095019
777052078
777009147
776966230
776923323
776880429
776837547
776794678
776751821
776708976
776666142
776623332
776580531
776537762
776495004
776452264
776409534
776366817
776324109
776281415
776238730
776196059
776153398
776110750
776068113
776025489
775982876
775940275
775897686
775855109
775812543
775769996
775727460
775684936
775642423
775599922
775557432
775514955
775472489
775430037
775387594
775345200
775302816
775260477
775218149
775175853
775133567
775091320
775049082
775006856
774964641
774922439
774880247
774838070
774795903
774753749
774711606
774669476
774627356
774585248
774543151
774501074
774459007
774416953
774374909
774332879
774290857
774248849
774206851
774164866
774122891
774080935
774038990
773997057
773955134
773913248
773871371
773829517
773787673
773745842
773704021
773662212
773620415
773578630
773536857
773495097
773453348
773411611
773369885
773328194
773286513
773244844
773203186
773161541
773119907
773078285
773036673
772995074
772953485
772911909
772870343
772828808
772787282
772745804
772704335
772662879
772621433
772579999
772538575
772497165
772455765
772414377
772373000
772331635
772290280
772248938
772207606
772166287
772124977
772083701
772042434
772001194
771959963
771918744
771877535
771836339
771795153
771753980
771712817
771671667
771630527
771589413
771548310
771507236
771466173
771425121
771384080
771343050
771302031
771261023
771220027
771179044
771138071
771097113
771056164
771015229
770974303
770933390
770892487
770851597
770810717
770769849
770728991
770688145
770647309
770606485
770565671
770524869
770484078
770443299
770402531
770361775
770321028
770280294
770239569
770198871
770158183
770117543
770076913
770036295
769995687
769955091
769914506
769873935
769833377
769792830
769752294
769711770
769671256
769630791
769590335
769549930
769509535
769469153
769428780
769388419
769348069
769307730
769267402
769227086
769186779
769146485
769106200
769065928
769025666
768985416
768945176
768904949
768864731
768824527
768784333
768744151
768703978
768663818
768623668
768583530
768543403
768503287
768463181
768423131
768383090
768343086
768303091
768263109
768223136
768183176
768143225
768103286
768063358
768023442
767983535
767943666
767903807
767864031
767824264
767784509
767744764
767705031
767665307
767625598
767585898
767546211
767506534
767466872
767427219
767387579
767347948
767308330
767268720
767229123
767189535
767149960
767110393
767070839
767031294
766991761
766952239
766912728
766873228
766833740
766794261
766754795
766715338
766675893
766636457
766597045
766557642
766518271
766478909
766439559
766400220
766360893
766321577
766282275
766242984
766203705
766164435
766125177
766085929
766046713
766007506
765968344
765929192
765890051
765850920
765811801
765772691
765733593
765694505
765655429
765616362
765577307
765538261
765499227
765460202
765421201
765382209
765343256
765304311
765265381
765226459
765187549
765148648
765109762
765070885
765032021
764993166
764954323
764915490
764876789
764838097
764799504
764760919
764722346
764683782
764645230
764606687
764568156
764529636
764491127
764452628
764414143
764375666
764337224
764298791
764260371
764221960
764183574
764145197
764106835
764068481
764030140
763991807
763953487
763915176
763876876
763838586
763800308
763762038
763723781
763685532
763647294
763609066
763570850
763532642
763494447
763456261
763418086
763379921
763341768
763303624
763265495
763227375
763189294
763151222
763113175
763075136
763037133
762999138
762961158
762923188
762885229
762847281
762809345
762771419
762733504
762695598
762657704
762619819
762581946
762544081
762506228
762468383
762430551
762392728
762354918
762317116
762279329
762241551
762203784
762166026
762128280
762090543
762052826
762015119
761977436
761939762
761902126
761864498
761826884
761789278
761751685
761714100
761676531
761638970
761601421
761563881
761526352
761488832
761451431
761414037
761376824
761339618
761302425
761265239
761228066
761190901
761153750
761116609
761079480
761042360
761005254
760968155
760931101
760894056
760857034
760820022
760783022
760746029
760709049
760672077
760635117
760598165
760561226
760524295
760487375
760450465
760413565
760376675
760339796
760302925
760266066
760229215
760192376
760155545
760118726
760081915
760045116
760008327
759971550
759934782
759898027
759861281
759824567
759787862
759751179
759714505
759677878
759641260
759604657
759568062
759531480
759494906
759458344
759421791
759385249
759348715
759312193
759275679
759239177
759202682
759166199
759129724
759093261
759056806
759020364
758983930
758947510
758911098
758874697
758838304
758801926
758765555
758729205
758692863
758656533
758620210
758583927
758547652
758511391
758475139
758438898
758402667
758366447
758330235
758294035
758257843
758221663
758185491
758149350
758113216
758077128
758041049
758004981
757968922
757932874
757896837
757860813
757824798
757788794
757752799
757716817
757680843
757644881
757608927
757572984
757537049
757501126
757465211
757429307
757393411
757357527
757321651
757285787
757249931
757214086
757178249
757142424
757106607
757070820
757035041
756999305
756963577
756927860
756892151
756856453
756820764
756785089
756749423
756713769
756678124
756642490
756606863
756571281
756535707
756500154
756464609
756429076
756393551
756358037
756322532
756287038
756251554
756216080
756180615
756145162
756109715
756074280
756038853
756003438
755968029
755932645
755897269
755861904
755826547
755791202
755755865
755720541
755685226
755649922
755614626
755579341
755544063
755508797
755473539
755438292
755403052
755367973
755332902
755297932
755262969
755228018
755193075
755158144
755123220
755088308
755053403
755018509
754983623
754948760
754913904
754879081
754844264
754809460
754774664
754739879
754705103
754670339
754635583
754600838
754566101
754531375
754496656
754461949
754427248
754392560
754357878
754323208
754288546
754253895
754219251
754184619
754149995
754115382
754080777
754046183
754011596
753977021
753942454
753907913
753873379
753838879
753804385
753769903
753735429
753700967
753666513
753632074
753597643
753563223
753528811
753494410
753460017
753425650
753391290
753356981
753322678
753288387
753254103
753219830
753185565
753151311
753117066
753082832
753048606
753014391
752980183
752945987
752911797
752877632
752843473
752809333
752775201
752741079
752706965
752672863
752638768
752604686
752570612
752536550
752502494
752468450
752434412
752400386
752366367
752332359
752298358
752264377
752230403
752196454
752162512
752128581
752094658
752060747
752026844
751992952
751959066
751925192
751891325
751857482
751823645
751789847
751756057
751722278
751688507
751654748
751620996
751587255
751553521
751519799
751486083
751452379
751418681
751384995
751351315
751317646
751283985
751250350
751216722
751183105
751149496
751115897
751082306
751048727
751015154
750981592
750948038
750914496
750880960
750847436
750813918
750780431
750746950
750713481
750680019
750646569
750613127
750579697
750546275
750512864
750479460
750446068
750412682
750379317
750345959
750312612
750279271
750245942
750212620
750179309
750146006
750112715
750079431
750046158
750012892
749979638
749946391
749913155
749879926
749846717
749813515
749780324
749747140
749713967
749680801
749647669
749614544
749581453
749548368
749515295
749482228
749449173
749416123
749383097
749350076
749317084
749284098
749251123
749218154
749185197
749152247
749119308
749086377
749053458
749020546
748987645
748954751
748921868
748888992
748856134
748823283
748790443
748757610
748724787
748691972
748659168
748626371
748593585
748560806
748528038
748495276
748462525
748429781
748397047
748364320
748331605
748298896
748266198
748233507
748200827
748168154
748135493
748102839
748070196
748037561
748004937
747972319
747939713
747907113
747874525
747841943
747809399
747776861
747744357
747711860
747679374
747646896
747614428
747581967
747549517
747517074
747484642
747452215
747419801
747387392
747354994
747322603
747290223
747257849
747225487
747193133
747160789
747128453
747096128
747063810
747031504
746999203
746966914
746934631
746902360
746870094
746837840
746805592
746773354
746741124
746708943
746676768
746644645
746612528
746580422
746548322
746516234
746484151
746452080
746420015
746387961
746355913
746323877
746291847
746259828
746227816
746195816
746163823
746131841
746099865
746067901
746035943
746004009
745972080
745940200
745908325
745876462
745844604
745812758
745780917
745749105
745717298
745685514
745653735
745621968
745590207
745558457
745526712
745494979
745463253
745431537
745399828
745368130
745336439
745304758
745273085
745241423
745209768
745178125
745146489
745114863
745083244
745051636
745020034
744988443
744956858
744925290
744893728
744862190
744830658
744799137
744767622
744736119
744704622
744673136
744641656
744610187
744578724
744547272
744515827
744484392
744452964
744421546
744390136
744358736
744327343
744295962
744264586
744233230
744201879
744170551
744139229
744107918
744076612
744045318
744014028
743982786
743951549
743920359
743889175
743858009
743826848
743795709
743764575
743733452
743702336
743671231
743640131
743609043
743577961
743546890
743515824
743484770
743453722
743422685
743391655
743360636
743329624
743298623
743267629
743236645
743205667
743174738
743143814
743112915
743082020
743051137
743020260
742989396
742958537
742927701
742896871
742866051
742835238
742804435
742773639
742742853
742712074
742681306
742650544
742619793
742589048
742558314
742527586
742496870
742466159
742435460
742404767
742374085
742343409
742312744
742282084
742251447
742220816
742190217
742159623
742129045
742098472
742067911
742037355
742006810
741976271
741945743
741915222
741884711
741854206
741823712
741793225
741762748
741732277
741701818
741671364
741640921
741610485
741580059
741549639
741519231
741488828
741458446
741428069
741397716
741367368
741337032
741306700
741276393
741246092
741215807
741185528
741155266
741125010
741094765
741064526
741034297
741004074
740973863
740943657
740913462
740883273
740853095
740822922
740792760
740762604
740732478
740702358
740672248
740642144
740612051
740581964
740551900
740521842
740491806
740461776
740431777
740401783
740371809
740341840
740311889
740281944
740252010
740222081
740192164
740162252
740132351
740102456
740072572
740042694
740012827
739982966
739953116
739923272
739893438
739863610
739833794
739803982
739774190
739744403
739714639
739684880
739655133
739625391
739595666
739565946
739536248
739506554
739476871
739447194
739417527
739387866
739358216
739328571
739298938
739269310
739239693
739210082
739180482
739150887
739121304
739091726
739062159
739032597
739003047
738973501
738943966
738914437
738884936
738855441
738825967
738796498
738767065
738737635
738708251
738678871
738649513
738620159
738590821
738561487
738532165
738502848
738473541
738444241
738414951
738385667
738356394
738327127
738297870
738268619
738239379
738210144
738180920
738151701
738122493
738093290
738064134
738034983
738005842
737976706
737947584
737918467
737889371
737860279
737831207
737802140
737773098
737744060
737715033
737686012
737657001
737627996
737599002
737570014
737541037
737512066
737483105
737454149
737425205
737396266
737367337
737338414
737309501
737280594
737251697
737222805
737193943
737165087
737136248
737107414
737078601
737049794
737021002
736992215
736963439
736934667
736905907
736877151
736848406
736819666
736790937
736762213
736733500
736704793
736676097
736647407
736618727
736590053
736561390
736532731
736504096
736475465
736446845
736418230
736389625
736361025
736332441
736303861
736275329
736246802
736218311
736189824
736161353
736132886
736104443
736076005
736047577
736019154
735990742
735962335
735933939
735905548
735877168
735848792
735820428
735792069
735763720
735735376
735707043
735678715
735650406
735622102
735593809
735565520
735537242
735508968
735480716
735452469
735424248
735396031
735367827
735339628
735311439
735283255
735255081
735226912
735198754
735170601
735142459
735114322
735086195
735058075
735029965
735001861
734973769
734945681
734917604
734889532
734861471
734833414
734805368
734777327
734749296
734721270
734693254
734665244
734637257
734609275
734581310
734553349
734525399
734497454
734469519
734441588
734413669
734385754
734357849
734329950
734302061
734274177
734246304
734218436
734190579
734162727
734134886
734107049
734079237
734051429
734023644
733995863
733968109
733940359
733912620
733884885
733857161
733829441
733801742
733774047
733746363
733718684
733691023
733663366
733635720
733608078
733580447
733552820
733525204
733497593
733469992
733442396
733414811
733387231
733359661
733332096
733304553
733277015
733249487
733221963
733194462
733166965
733139513
733112065
733084627
733057193
733029770
733002352
732974954
732947560
732920190
732892824
732865468
732838117
732810777
732783441
732756120
732728804
732701498
732674197
732646906
732619621
732592345
732565075
732537815
732510560
732483316
732456076
732428853
732401633
732374443
732347256
732320090
732292927
732265775
732238627
732211490
732184357
732157235
732130117
732103010
732075907
732048815
732021727
731994650
731967578
731940516
731913459
731886412
731859370
731832339
731805312
731778295
731751284
731724283
731697288
731670306
731643328
731616377
731589430
731562506
731535585
731508708
731481835
731454972
731428114
731401266
731374422
731347589
731320760
731293942
731267128
731240325
731213526
731186751
731159981
731133221
731106466
731079721
731052979
731026249
730999523
730972807
730946096
730919395
730892699
730866050
730839404
730812804
730786207
730759626
730733048
730706480
730679917
730653363
730626814
730600275
730573741
730547217
730520697
730494187
730467683
730441189
730414700
730388221
730361747
730335287
730308831
730282387
730255945
730229515
730203089
730176673
730150262
730123861
730097465
730071092
730044723
730018371
729992022
729965707
729939395
729913104
729886816
729860539
729834266
729808003
729781745
729755498
729729256
729703024
729676795
729650578
729624364
729598161
729571962
729545785
729519612
729493449
729467290
729441142
729414998
729388864
729362734
729336615
729310499
729284399
729258302
729232216
729206134
729180084
729154039
729128011
729101987
729075973
729049963
729023963
728997967
728971983
728946003
728920033
728894068
728868114
728842163
728816233
728790307
728764392
728738480
728712579
728686682
728660795
728634912
728609039
728583170
728557312
728531457
728505627
728479800
728454001
728428206
728402421
728376640
728350869
728325101
728299344
728273591
728247848
728222109
728196381
728170657
728144943
728119233
728093534
728067839
728042154
728016473
727990802
727965135
727939478
727913824
727888181
727862542
727836913
727811289
727785675
727760064
727734481
727708901
727683337
727657778
727632228
727606682
727581147
727555615
727530093
727504576
727479069
727453566
727428076
727402589
727377113
727351640
727326179
727300721
727275283
727249849
727224453
727199061
727173680
727148302
727122934
727097569
727072215
727046865
727021526
726996190
726970864
726945541
726920229
726894921
726869653
726844389
726819166
726793947
726768738
726743532
726718337
726693145
726667965
726642789
726617623
726592461
726567309
726542160
726517059
726491960
726466899
726441841
726416793
726391749
726366715
726341684
726316664
726291648
726266642
726241639
726216647
726191657
726166678
726141703
726116738
726091776
726066826
726041878
726016941
725992007
725967083
725942163
725917254
725892349
725867455
725842564
725817684
725792807
725767940
725743077
725718233
725693392
725668561
725643734
725618917
725594104
725569301
725544502
725519714
725494928
725470156
725445387
725420658
725395932
725371217
725346505
725321803
725297104
725272417
725247733
725223060
725198391
725173734
725149080
725124437
725099797
725075168
725050542
725025930
725001322
724976723
724952128
724927543
724902961
724878389
724853821
724829263
724804708
724780164
724755623
724731093
724706565
724682048
724657534
724633038
724608546
724584080
724559617
724535164
724510715
724486276
724461840
724437417
724412997
724388588
724364181
724339785
724315391
724291127
724266866
724242700
724218538
724194385
724170235
724146096
724121959
724097834
724073713
724049601
724025492
724001394
723977298
723953212
723929130
723905067
723881008
723856987
723832970
723808962
723784957
723760963
723736971
723712990
723689012
723665045
723641080
723617126
723593174
723569251
723545330
723521430
723497533
723473646
723449762
723425888
723402017
723378157
723354301
723330456
723306614
723282784
723258957
723235159
723211364
723187579
723163798
723140034
723116274
723092525
723068779
723045044
723021311
722997589
722973871
722950162
722926457
722902762
722879070
722855389
722831709
722808040
722784374
722760717
722737064
722713420
722689780
722666149
722642522
722618905
722595290
722571688
722548088
722524521
722500956
722477410
722453867
722430355
722406845
722383346
722359850
722336365
722312883
722289411
722265942
722242483
722219026
722195580
722172137
722148703
722125272
722101851
722078433
722055025
722031620
722008225
721984833
721961453
721938075
721914707
721891342
721867987
721844635
721821304
721797976
721774670
721751367
721728075
721704784
721681504
721658226
721634958
721611694
721588439
721565188
721541946
721518707
721495479
721472252
721449129
721426008
721402970
721379934
721356909
721333885
721310873
721287862
721264864
721241868
721218883
721195901
721172930
721149962
721127022
721104084
721081168
721058254
721035358
721012465
720989582
720966701
720943831
720920964
720898107
720875253
720852408
720829567
720806735
720783906
720761086
720738269
720715463
720692658
720669864
720647071
720624289
720601509
720578740
720555974
720533218
720510465
720487725
720464986
720442280
720419576
720396891
720374208
720351563
720328919
720306289
720283661
720261044
720238429
720215824
720193222
720170630
720148040
720125461
720102883
720080315
720057749
720035193
720012640
719990096
719967556
719945025
719922498
719899982
719877467
719854964
719832462
719809972
719787485
719765007
719742532
719720067
719697604
719675152
719652701
719630260
719607822
719585393
719562968
719540552
719518139
719495736
719473335
719450945
719428556
719406191
719383827
719361496
719339166
719316847
719294531
719272225
719249922
719227631
719205342
719183064
719160788
719138522
719116257
719094035
719071816
719049616
719027418
719005231
718983046
718960871
718938698
718916535
718894375
718872224
718850076
718827938
718805801
718783675
718761550
718739451
718717353
718695294
718673237
718651190
718629145
718607110
718585077
718563055
718541036
718519027
718497020
718475023
718453028
718431057
718409087
718387138
718365190
718343252
718321317
718299391
718277468
718255554
718233644
718211744
718189845
718167957
718146071
718124194
718102320
718080455
718058592
718036746
718014903
717993069
717971238
717949417
717927598
717905791
717883986
717862192
717840399
717818617
717796836
717775066
717753296
717731537
717709780
717688049
717666320
717644616
717622914
717601222
717579532
717557852
717536174
717514506
717492840
717471184
717449529
717427896
717406265
717384661
717363059
717341467
717319877
717298298
717276721
717255155
717233590
717212036
717190484
717168942
717147401
717125870
717104342
717082823
717061306
717039799
717018294
716996799
716975306
716953823
716932342
716910871
716889401
716867942
716846484
716825036
716803591
716782165
716760742
716739344
716717948
716696562
716675177
716653803
716632431
716611071
716589713
716568364
716547018
716525681
716504346
716483117
716461890
716440750
716419612
716398483
716377356
716356239
716335123
716314018
716292915
716271822
716250730
716229649
716208568
716187498
716166429
716145381
716124333
716103303
716082275
716061256
716040240
716019233
715998228
715977233
715956240
715935257
715914275
715893304
715872333
715851372
715830412
715809463
715788515
715767588
715746662
715725746
715704832
715683928
715663027
715642135
715621246
715600367
715579489
715558621
715537755
715516907
715496060
715475242
715454424
715433618
715412812
715392018
715371224
715350441
715329660
715308889
715288120
715267360
715246601
715225853
715205105
715184367
715163631
715142904
715122179
715101464
715080751
715060047
715039345
715018652
714997961
714977281
714956601
714935932
714915264
714894606
714873949
714853315
714832682
714812059
714791437
714770825
714750215
714729615
714709017
714688428
714667841
714647263
714626687
714606129
714585571
714565036
714544501
714523977
714503454
714482941
714462430
714441928
714421429
714400939
714380451
714359973
714339495
714319028
714298563
714278115
714257668
714237231
714216796
714196370
714175946
714155541
714135138
714114756
714094376
714074005
714053636
714033276
714012917
713992582
713972249
713951925
713931602
713911289
713890977
713870676
713850375
713830085
713809797
713789519
713769243
713748976
713728711
713708456
713688202
713667964
713647726
713627499
713607274
713587058
713566844
713546641
713526438
713506246
713486055
713465874
713445694
713425523
713405354
713385194
713365035
713344887
713324739
713304602
713284465
713264338
713244213
713224098
713203985
713183882
713163780
713143688
713123597
713103516
713083437
713063367
713043298
713023271
713003244
712983241
712963239
712943248
712923257
712903276
712883296
712863326
712843357
712823399
712803440
712783492
712763545
712743607
712723670
712703743
712683818
712663902
712643988
712624084
712604181
712584289
712564397
712544516
712524635
712504765
712484895
712465035
712445176
712425327
712405478
712385640
712365802
712345985
712326169
712306371
712286573
712266785
712246998
712227221
712207445
712187679
712167913
712148158
712128404
712108659
712088916
712069183
712049451
712029729
712010009
711990298
711970589
711950890
711931192
711911514
711891838
711872191
711852544
711832908
711813272
711793647
711774022
711754413
711734806
711715208
711695612
711676025
711656438
711636862
711617286
711597720
711578155
711558600
711539046
711519502
711499959
711480426
711460894
711441372
711421851
711402340
711382831
711363331
711343831
711324342
711304853
711285374
711265896
711246453
711227010
711207603
711188196
711168800
711149404
711130022
711110640
711091269
711071898
711052537
711033177
711013826
710994476
710975136
710955797
710936468
710917140
710897821
710878504
710859196
710839890
710820596
710801303
710782031
710762760
710743498
710724237
710704986
710685734
710666504
710647273
710628059
710608846
710589651
710570456
710551271
710532087
710512912
710493739
710474576
710455413
710436261
710417109
710397968
710378827
710359696
710340566
710321445
710302327
710283218
710264110
710245012
710225915
710206829
710187742
710168673
710149605
710130561
710111517
710092482
710073448
710054424
710035401
710016387
709997374
709978371
709959369
709940376
709921384
709902403
709883421
709864450
709845480
709826519
709807560
709788610
709769661
709750736
709731812
709712907
709694004
709675110
709656216
709637332
709618449
709599619
709580789
709562001
709543214
709524440
709505667
709486909
709468151
709449404
709430657
709411920
709393184
709374457
709355731
709337015
709318300
709299594
709280889
709262194
709243499
709224814
709206130
709187455
709168781
709150117
709131453
709112805
709094158
709075530
709056902
709038284
709019666
709001061
708982456
708963867
708945279
708926700
708908122
708889553
708870985
708852427
708833869
708815322
708796775
708778238
708759702
708741176
708722650
708704134
708685618
708667112
708648607
708630111
708611616
708593131
708574646
708556176
708537706
708519263
708500819
708482394
708463969
708445553
708427138
708408732
708390327
708371932
708353537
708335152
708316767
708298393
708280019
708261655
708243291
708224937
708206584
708188241
708169899
708151566
708133234
708114911
708096590
708078290
708059991
708041709
708023428
708005156
707986884
707968634
707950383
707932152
707913920
707895707
707877494
707859291
707841087
707822894
707804701
707786518
707768336
707750163
707731991
707713828
707695666
707677514
707659361
707641219
707623077
707604944
707586812
707568689
707550567
707532482
707514396
707496330
707478263
707460213
707442163
707424130
707406097
707388087
707370077
707352076
707334076
707316086
707298096
707280116
707262137
707244167
707226198
707208239
707190280
707172331
707154383
707136444
707118506
707100578
707082649
707064731
707046812
707028916
707011020
706993134
706975248
706957375
706939503
706921644
706903784
706885935
706868085
706850245
706832405
706814575
706796745
706778924
706761104
706743294
706725484
706707685
706689885
706672096
706654306
706636527
706618747
706600977
706583208
706565448
706547688
706529938
706512187
706494458
706476728
706459037
706441345
706423684
706406022
706388374
706370726
706353091
706335456
706317831
706300205
706282590
706264974
706247368
706229763
706212167
706194571
706176986
706159400
706141824
706124249
706106683
706089117
706071565
706054014
706036472
706018929
706001397
705983864
705966344
705948824
705931325
705913826
705896342
705878856
705861386
705843916
705826456
705808995
705791544
705774093
705756652
705739211
705721780
705704349
705686928
705669508
705652097
705634686
705617285
705599884
705582492
705565101
705547727
705530353
705512989
705495625
705478270
705460915
705443583
705426250
705408932
705391615
705374307
705356999
705339701
705322402
705305113
705287824
705270545
705253266
705235996
705218726
705201467
705184207
705166958
705149709
705132470
705115231
705098011
705080790
705063588
705046386
705029193
705012000
704994816
704977633
704960458
704943284
704926142
704908999
704891872
704874744
704857633
704840522
704823421
704806318
704789226
704772134
704755051
704737968
704720895
704703822
704686758
704669694
704652640
704635585
704618541
704601496
704584466
704567437
704550448
704533458
704516499
704499539
704482590
704465639
704448698
704431757
704414828
704397898
704380978
704364058
704347148
704330237
704313335
704296434
704279542
704262650
704245768
704228885
704212012
704195140
704178277
704161415
704144563
704127710
704110867
704094024
704077190
704060356
704043537
704026718
704009916
703993112
703976319
703959525
703942741
703925955
703909180
703892404
703875638
703858872
703842115
703825358
703808610
703791862
703775129
703758395
703741671
703724947
703708232
703691517
703674812
703658107
703641411
703624716
703608039
703591361
703574705
703558048
703541412
703524775
703508177
703491578
703474989
703458399
703441819
703425239
703408677
703392114
703375561
703359007
703342463
703325919
703309384
703292848
703276323
703259797
703243280
703226764
703210257
703193749
703177251
703160752
703144263
703127774
703111303
703094830
703078390
703061950
703045528
703029104
703012703
702996300
702979907
702963513
702947128
702930743
702914368
702897993
702881627
702865260
702848904
702832547
702816205
702799863
702783531
702767198
702750875
702734551
702718237
702701922
702685617
702669312
702653016
702636720
702620445
702604169
702587909
702571648
702555403
702539156
702522919
702506681
702490453
702474224
702458005
702441785
702425575
702409364
702393163
702376962
702360770
702344578
702328395
702312212
702296045
702279877
702263719
702247561
702231412
702215262
702199123
702182984
702166854
702150723
702134611
702118498
702102415
702086330
702070277
702054223
702038186
702022147
702006118
701990089
701974069
701958049
701942039
701926028
701910027
701894025
701878033
701862040
701846056
701830072
701814102
701798131
701782169
701766207
701750255
701734301
701718357
701702412
701686477
701670541
701654618
701638694
701622779
701606864
701590967
701575068
701559190
701543311
701527442
701511572
701495711
701479850
701463999
701448148
701432307
701416465
701400633
701384800
701368977
701353152
701337338
701321522
701305717
701289910
701274113
701258315
701242527
701226738
701210959
701195178
701179423
701163667
701147927
701132186
701116455
701100722
701084999
701069276
701053561
701037846
701022141
701006434
700990737
700975040
700959352
700943663
700927984
700912304
700896659
700881013
700865395
700849776
700834167
700818556
700802955
700787354
700771762
700756169
700740586
700725002
700709439
700693874
700678324
700662772
700647229
700631685
700616151
700600616
700585091
700569565
700554049
700538532
700523026
700507519
700492021
700476522
700461033
700445543
700430071
700414599
700399153
700383706
700368268
700352830
700337401
700321970
700306550
700291128
700275716
700260303
700244900
700229495
700214100
700198703
700183323
700167941
700152585
700137228
700121881
700106532
700091194
700075854
700060525
700045196
700029876
700014556
699999245
699983933
699968631
699953327
699938041
699922753
699907476
699892197
699876928
699861657
699846397
699831135
699815884
699800631
699785387
699770142
699754907
699739671
699724444
699709216
699693999
699678780
699663571
699648361
699633161
699617960
699602769
699587577
699572395
699557213
699542040
699526866
699511710
699496552
699481419
699466284
699451159
699436032
699420915
699405797
699390689
699375579
699360480
699345379
699330300
699315220
699300175
699285129
699270093
699255055
699240027
699224998
699209978
699194957
699179945
699164933
699149931
699134928
699119935
699104940
699089955
699074969
699060011
699045051
699030101
699015150
699000208
698985265
698970331
698955396
698940471
698925544
698910627
698895709
698880800
698865890
698850990
698836088
698821201
698806312
698791452
698776589
698761737
698746884
698732040
698717196
698702361
698687525
698672699
698657871
698643052
698628232
698613438
698598642
698583866
698569089
698554321
698539552
698524793
698510032
698495282
698480531
698465789
698451046
698436312
698421576
698406850
698392123
698377415
698362707
698348027
698333346
698318675
698304003
698289341
698274677
698260023
698245368
698230723
698216076
698201440
698186802
698172178
698157552
698142953
698128351
698113759
698099166
698084582
698069997
698055422
698040846
698026280
698011712
697997156
697982597
697968062
697953526
697938999
697924470
697909959
697895445
697880943
697866439
697851944
697837448
697822963
697808477
697794000
697779521
697765052
697750582
697736121
697721658
697707205
697692750
697678304
697663857
697649420
697634980
697620551
697606120
697591698
697577275
697562863
697548450
697534071
697519691
697505327
697490961
697476605
697462246
697447898
697433548
697419208
697404866
697390534
697376200
697361876
697347551
697333234
697318916
697304608
697290298
697275997
697261694
697247402
697233108
697218824
697204539
697190264
697175987
697161721
697147452
697133193
697118932
697104686
697090439
697076210
697061980
697047776
697033570
697019375
697005178
696990991
696976803
696962624
696948444
696934273
696920101
696905938
696891773
696877618
696863461
696849320
696835177
696821044
696806909
696792784
696778657
696764541
696750424
696736317
696722208
696708110
696694009
696679934
696665857
696651798
696637737
696623692
696609644
696595607
696581567
696567537
696553506
696539484
696525461
696511447
696497431
696483425
696469417
696455419
696441418
696427427
696413434
696399451
696385466
696371490
696357513
696343545
696329577
696315618
696301657
696287708
696273757
696259816
696245872
696231938
696218002
696204076
696190147
696176228
696162308
696148397
696134485
696120582
696106677
696092782
696078885
696064998
696051108
696037228
696023346
696009473
695995599
695981734
695967867
695954010
695940152
695926305
695912456
695898616
695884774
695870942
695857108
695843291
695829473
695815665
695801854
695788054
695774251
695760458
695746663
695732878
695719091
695705314
695691535
695677765
695663994
695650232
695636468
695622724
695608977
695595259
695581539
695567828
695554117
695540414
695526711
695513018
695499324
695485639
695471952
695458275
695444595
695430939
695417280
695403641
695390000
695376368
695362734
695349110
695335484
695321867
695308249
695294640
695281029
695267427
695253824
695240230
695226633
695213056
695199476
695185921
695172365
695158818
695145269
695131729
695118188
695104658
695091126
695077603
695064079
695050565
695037048
695023541
695010032
694996532
694983029
694969537
694956042
694942557
694929070
694915592
694902114
694888644
694875174
694861712
694848248
694834794
694821338
694807891
694794442
694781008
694767573
694754147
694740719
694727301
694713881
694700471
694687060
694673659
694660256
694646862
694633466
694620080
694606692
694593313
694579931
694566565
694553196
694539837
694526475
694513124
694499770
694486426
694473079
694459742
694446403
694433074
694419742
694406428
694393111
694379815
694366517
694353229
694339939
694326659
694313376
694300103
694286828
694273563
694260295
694247037
694233776
694220525
694207272
694194028
694180782
694167546
694154307
694141078
694127846
694114625
694101401
694088186
694074969
694061762
694048553
694035353
694022151
694008968
693995781
693982620
693969456
693956302
693943145
693929998
693916850
693903711
693890570
693877438
693864305
693851180
693838053
693824955
693811853
693798775
693785695
693772624
693759550
693746486
693733421
693720364
693707306
693694258
693681208
693668167
693655123
693642089
693629053
693616034
693603012
693590004
693576994
693563993
693550991
693537998
693525003
693512017
693499030
693486052
693473073
693460102
693447129
693434166
693421200
693408244
693395285
693382336
693369384
693356441
693343497
693330562
693317626
693304699
693291770
693278851
693265929
693253017
693240103
693227203
693214301
693201419
693188536
693175662
693162785
693149918
693137049
693124189
693111327
693098475
693085620
693072774
693059926
693047087
693034246
693021414
693008580
692995755
692982927
692970110
692957289
692944479
692931666
692918862
692906056
692893260
692880461
692867672
692854880
692842098
692829313
692816538
692803760
692790992
692778221
692765460
692752697
692739943
692727186
692714440
692701690
692688951
692676208
692663485
692650759
692638043
692625324
692612615
692599903
692587201
692574496
692561802
692549105
692536418
692523728
692511048
692498365
692485692
692473017
692460357
692447694
692435041
692422385
692409739
692397091
692384457
692371821
692359207
692346591
692333984
692321374
692308774
692296171
692283578
692270982
692258395
692245806
692233227
692220644
692208071
692195496
692182930
692170363
692157805
692145246
692132695
692120142
692107599
692095053
692082517
692069978
692057448
692044916
692032393
692019867
692007351
691994833
691982324
691969813
691957311
691944807
691932312
691919814
691907326
691894834
691882353
691869869
691857394
691844917
691832449
691819979
691807518
691795055
691782602
691770147
691757701
691745252
691732814
691720372
691707940
691695505
691683096
691670684
691658292
691645897
691633511
691621123
691608745
691596363
691583991
691571617
691559252
691546884
691534526
691522165
691509813
691497459
691485114
691472767
691460429
691448089
691435759
691423426
691411103
691398778
691386462
691374143
691361834
691349522
691337219
691324914
691312619
691300320
691288031
691275740
691263461
691251180
691238908
691226633
691214368
691202101
691189843
691177582
691165331
691153076
691140832
691128585
691116347
691104107
691091876
691079642
691067419
691055193
691042976
691030757
691018547
691006335
690994149
690981961
690969793
690957622
690945460
690933296
690921141
690908983
690896840
690884695
690872568
690860438
690848318
690836194
690824081
690811964
690799857
690787746
690775646
690763543
690751449
690739352
690727266
690715176
690703096
690691014
690678941
690666866
690654800
690642732
690630672
690618610
690606557
690594502
690582463
690570422
690558395
690546365
690534345
690522321
690510308
690498291
690486284
690474275
690462275
690450272
690438278
690426282
690414295
690402306
690390326
690378343
690366370
690354394
690342428
690330460
690318504
690306545
690294609
690282670
690270741
690258809
690246886
690234960
690223048
690211133
690199228
690187319
690175420
690163518
690151625
690139730
690127844
690115955
690104076
690092194
690080322
690068447
690056582
690044714
690032855
690020994
690009142
689997287
689985442
689973594
689961755
689949913
689938081
689926246
689914449
689902649
689890880
689879107
689867344
689855578
689843823
689832066
689820318
689808566
689796825
689785080
689773345
689761607
689749879
689738148
689726426
689714701
689702986
689691268
689679559
689667847
689656151
689644451
689632778
689621102
689609435
689597765
689586105
689574442
689562805
689551165
689539541
689527915
689516303
689504688
689493082
689481473
689469873
689458271
689446679
689435083
689423498
689411909
689400330
689388748
689377175
689365600
689354034
689342465
689330906
689319343
689307791
689296235
689284689
689273140
689261603
689250062
689238542
689227018
689215504
689203986
689192478
689180966
689169464
689157959
689146463
689134965
689123476
689111983
689100501
689089015
689077539
689066060
689054591
689043119
689031657
689020191
689008735
688997276
688985835
688974390
688962956
688951518
688940089
688928658
688917254
688905847
688894476
688883102
688871744
688860382
688849037
688837689
688826350
688815007
688803675
688792339
688781013
688769684
688758364
688747041
688735727
688724411
688713104
688701794
688690494
688679190
688667896
688656599
688645311
688634020
688622755
688611486
688600232
688588975
688577727
688566475
688555236
688543993
688532770
688521544
688510327
688499107
688487897
688476683
688465479
688454272
688443074
688431873
688420682
688409488
688398304
688387116
688375938
688364757
688353585
688342410
688331244
688320075
688308916
688297753
688286606
688275455
688264324
688253189
688242067
688230940
688219823
688208703
688197592
688186477
688175372
688164264
688153166
688142064
688130972
688119877
688108791
688097702
688086623
688075541
688064468
688053392
688042326
688031257
688020197
688009134
687998080
687987023
687975983
687964939
687953905
687942867
687931846
687920821
687909809
687898793
687887795
687876793
687865800
687854804
687843818
687832827
687821847
687810863
687799889
687788912
687777944
687766972
687756011
687745046
687734102
687723154
687712216
687701274
687690342
687679407
687668481
687657551
687646640
687635725
687624830
687613930
687603045
687592156
687581281
687570403
687559534
687548662
687537799
687526933
687516076
687505216
687494366
687483513
687472669
687461822
687450985
687440144
687429313
687418479
687407654
687396826
687386011
687375194
687364385
687353573
687342771
687331965
687321172
687310376
687299593
687288807
687278031
687267251
687256480
687245706
687234941
687224173
687213414
687202651
687191899
687181143
687170396
687159647
687148907
687138163
687127430
687116692
687105965
687095234
687084512
687073787
687063084
687052377
687041680
687030979
687020288
687009593
686998925
686988254
686977597
686966937
686956289
686945636
686934993
686924347
686913710
686903069
686892438
686881803
686871179
686860550
686849931
686839309
686828696
686818080
686807473
686796863
686786266
686775664
686765094
686754519
686743954
686733385
686722826
686712263
686701709
686691151
686680609
686670062
686659532
686648997
686638472
686627944
686617425
686606902
686596389
686585872
686575365
686564855
686554354
686543849
686533355
686522856
686512367
686501875
686491392
686480905
686470434
686459958
686449506
686439049
686428608
686418163
686407727
686397288
686386858
686376424
686365999
686355571
686345153
686334731
686324318
686313902
686303495
686293084
686282683
686272278
686261883
686251485
686241096
686230704
686220321
686209935
686199559
686189179
686178814
686168445
686158085
686147722
686137371
686127017
686116697
686106372
686096058
686085739
686075430
686065117
686054821
686044522
686034232
686023939
686013655
686003367
685993089
685982806
685972534
685962257
685951991
685941720
685931459
685921194
685910939
685900679
685890430
685880177
685869958
685859736
685849537
685839335
685829150
685818961
685808795
685798624
685788463
685778298
685768143
685757983
685747834
685737680
685727536
685717388
685707250
685697108
685686976
685676839
685666713
685656583
685646463
685636338
685626224
685616105
685605997
685595884
685585781
685575673
685565579
685555481
685545398
685535310
685525242
685515170
685505112
685495049
685484997
685474940
685464893
685454842
685444801
685434755
685424720
685414680
685404650
685394616
685384604
685374588
685364582
685354572
685344571
685334567
685324572
685314574
685304585
685294592
685284609
685274622
685264653
685254679
685244732
685234781
685224846
685214906
685204976
685195041
685185117
685175188
685165269
685155346
685145432
685135514
685125606
685115694
685105792
685095885
685085988
685076087
685066200
685056308
685046426
685036540
685026663
685016783
685006912
684997037
684987172
684977302
684967448
684957590
684947749
684937904
684928077
684918245
684908433
684898618
684888811
684879001
684869201
684859396
684849602
684839804
684830015
684820223
684810440
684800653
684790876
684781094
684771322
684761546
684751780
684742009
684732249
684722483
684712728
684702968
684693218
684683464
684673722
684663977
684654241
684644501
684634770
684625035
684615310
684605581
684595861
684586137
684576422
684566704
684556995
684547283
684537580
684527874
684518177
684508476
684498797
684489115
684479442
684469765
684460097
684450426
684440764
684431098
684421442
684411781
684402130
684392475
684382840
684373201
684363575
684353945
684344324
684334699
684325084
684315465
684305855
684296240
684286636
684277027
684267428
684257824
684248230
684238632
684229044
684219451
684209889
684200323
684190779
684181231
684171693
684162150
684152616
684143078
684133550
684124018
684114496
684104969
684095458
684085942
684076443
684066940
684057446
684047948
684038459
684028966
684019483
684009996
684000519
683991038
683981568
683972093
683962628
683953158
683943698
683934234
683924779
683915320
683905877
683896429
683886991
683877548
683868115
683858677
683849250
683839818
683830395
683820968
683811551
683802130
683792717
683783301
683773897
683764489
683755107
683745719
683736341
683726959
683717587
683708210
683698845
683689475
683680116
683670752
683661398
683652039
683642698
683633351
683624028
683614701
683605384
683596062
683586750
683577433
683568127
683558815
683549514
683540208
683530911
683521610
683512319
683503023
683493737
683484447
683475166
683465881
683456606
683447326
683438056
683428781
683419516
683410247
683400987
683391723
683382468
683373209
683364000
683354786
683345609
683336428
683327256
683318080
683308913
683299742
683290580
683281415
683272258
683263097
683253947
683244792
683235658
683226520
683217391
683208258
683199134
683190007
683180888
683171766
683162652
683153535
683144428
683135316
683126213
683117106
683108008
683098906
683089817
683080724
683071639
683062551
683053471
683044388
683035314
683026236
683017167
683008094
682999030
682989962
682980902
682971839
682962785
682953727
682944684
682935637
682926610
682917579
682908557
682899532
682890516
682881497
682872486
682863472
682854467
682845458
682836458
682827454
682818463
682809469
682800498
682791524
682782559
682773590
682764630
682755666
682746713
682737755
682728806
682719853
682710909
682701961
682693022
682684079
682675148
682666214
682657303
682648388
682639482
682630573
682621672
682612768
682603874
682594976
682586087
682577194
682568310
682559422
682550552
682541679
682532828
682523972
682515126
682506276
682497434
682488589
682479752
682470913
682462082
682453247
682444423
682435594
682426787
682417976
682409174
682400369
682391572
682382772
682373980
682365185
682356398
682347608
682338826
682330041
682321264
682312484
682303712
682294936
682286169
682277398
682268636
682259869
682251112
682242350
682233598
682224841
682216094
682207342
682198599
682189852
682181116
682172375
682163657
682154936
682146229
682137519
682128833
682120143
682111463
682102779
682094104
682085425
682076755
682068082
682059417
682050748
682042088
682033424
682024768
682016109
682007458
681998803
681990158
681981508
681972868
681964224
681955590
681946951
681938321
681929687
681921062
681912433
681903818
681895198
681886594
681877986
681869397
681860805
681852222
681843635
681835056
681826474
681817901
681809324
681800756
681792184
681783620
681775052
681766513
681757969
681749471
681740970
681732477
681723980
681715492
681707000
681698518
681690033
681681556
681673075
681664604
681656129
681647663
681639192
681630730
681622264
681613807
681605346
681596894
681588438
681579990
681571539
681563096
681554649
681546211
681537769
681529336
681520899
681512470
681504037
681495613
681487185
681478766
681470342
681461927
681453509
681445099
681436685
681428281
681419872
681411472
681403068
681394690
681386307
681377937
681369564
681361199
681352830
681344470
681336106
681327751
681319392
681311041
681302687
681294341
681285992
681277651
681269305
681260969
681252628
681244296
681235960
681227632
681219301
681210979
681202653
681194336
681186015
681177703
681169387
681161079
681152767
681144467
681136162
681127867
681119567
681111294
681103017
681094750
681086479
681078216
681069950
681061692
681053430
681045177
681036920
681028672
681020419
681012181
681003938
680995715
680987487
680979269
680971047
680962834
680954617
680946410
680938199
680929997
680921791
680913594
680905392
680897199
680889002
680880813
680872620
680864436
680856248
680848069
680839885
680831710
680823531
680815361
680807187
680799021
680790851
680782690
680774524
680766376
680758224
680750096
680741964
680733840
680725712
680717593
680709470
680701357
680693240
680685133
680677021
680668918
680660810
680652711
680644608
680636514
680628416
680620326
680612232
680604147
680596057
680587977
680579893
680571817
680563738
680555667
680547592
680539525
680531454
680523392
680515326
680507273
680499215
680491166
680483113
680475069
680467020
680458981
680450938
680442904
680434865
680426835
680418801
680410776
680402746
680394724
680386699
680378689
680370675
680362683
680354686
680346699
680338706
680330723
680322735
680314757
680306773
680298799
680290820
680282856
680274887
680266939
680258987
680251043
680243096
680235158
680227215
680219281
680211343
680203414
680195480
680187555
680179626
680171705
680163780
680155864
680147943
680140031
680132114
680124207
680116295
680108392
680100484
680092585
680084682
680076788
680068889
680060999
680053105
680045226
680037342
680029477
680021607
680013746
680005881
679998025
679990165
679982314
679974459
679966613
679958762
679950921
679943074
679935243
679927406
679919579
679911747
679903924
679896096
679888277
679880454
679872639
679864821
679857011
679849198
679841393
679833583
679825782
679817977
679810185
679802389
679794604
679786815
679779034
679771249
679763473
679755693
679747922
679740147
679732381
679724610
679716848
679709081
679701323
679693561
679685807
679678049
679670299
679662545
679654800
679647050
679639309
679631565
679623829
679616089
679608358
679600622
679592895
679585164
679577445
679569722
679562008
679554289
679546579
679538864
679531159
679523448
679515747
679508041
679500344
679492643
679484950
679477252
679469563
679461870
679454185
679446496
679438815
679431130
679423454
679415774
679408102
679400426
679392758
679385086
679377423
679369755
679362096
679354433
679346778
679339119
679331474
679323825
679316184
679308539
679300903
679293263
679285632
679277996
679270369
679262737
679255115
679247487
679239869
679232246
679224631
679217012
679209402
679201787
679194181
679186571
679178969
679171364
679163767
679156166
679148573
679140976
679133388
679125795
679118211
679110622
679103042
679095458
679087882
679080302
679072756
679065206
679057694
679050177
679042669
679035157
679027653
679020144
679012644
679005140
678997644
678990144
678982652
678975155
678967668
678960176
678952693
678945205
678937727
678930244
678922770
678915292
678907822
678900348
678892882
678885412
678877950
678870483
678863026
678855563
678848110
678840652
678833202
678825748
678818303
678810853
678803412
678795966
678788529
678781087
678773654
678766216
678758787
678751353
678743928
678736499
678729079
678721654
678714238
678706818
678699407
678691991
678684583
678677172
678669768
678662361
678654967
678647568
678640190
678632807
678625433
678618054
678610685
678603310
678595944
678588574
678581212
678573846
678566489
678559126
678551773
678544414
678537065
678529711
678522365
678515016
678507675
678500329
678492993
678485651
678478319
678470982
678463653
678456320
678448995
678441666
678434345
678427020
678419703
678412382
678405073
678397759
678390460
678383157
678375863
678368563
678361273
678353978
678346692
678339400
678332118
678324831
678317553
678310270
678302995
678295717
678288447
678281173
678273907
678266638
678259376
678252111
678244867
678237619
678230386
678223148
678215920
678208686
678201461
678194231
678187017
678179799
678172589
678165375
678158169
678150959
678143757
678136551
678129353
678122151
678114957
678107759
678100570
678093376
678086190
678079000
678071819
678064634
678057457
678050276
678043104
678035927
678028758
678021585
678014421
678007251
678000094
677992931
677985777
677978619
677971469
677964314
677957169
677950018
677942877
677935730
677928593
677921450
677914317
677907178
677900049
677892915
677885789
677878659
677871537
677864411
677857294
677850172
677843064
677835951
677828855
677821754
677814662
677807564
677800476
677793382
677786301
677779215
677772142
677765065
677757997
677750924
677743859
677736790
677729730
677722664
677715608
677708547
677701495
677694437
677687389
677680336
677673291
677666242
677659202
677652156
677645120
677638079
677631046
677624009
677616980
677609947
677602932
677595911
677588905
677581894
677574892
677567884
677560885
677553882
677546887
677539888
677532897
677525902
677518915
677511924
677504941
677497954
677490975
677483992
677477018
677470038
677463068
677456092
677449130
677442164
677435217
677428265
677421322
677414374
677407435
677400491
677393561
677386626
677379700
677372769
677365847
677358920
677352001
677345078
677338163
677331244
677324333
677317418
677310512
677303600
677296698
677289791
677282892
677275989
677269095
677262195
677255305
677248409
677241522
677234631
677227748
677220860
677213992
677207120
677200274
677193424
677186582
677179735
677172899
677166059
677159227
677152390
677145561
677138728
677131904
677125075
677118254
677111429
677104613
677097791
677090979
677084162
677077353
677070540
677063735
677056925
677050143
677043356
677036577
677029793
677023018
677016238
677009471
677002699
676995941
676989178
676982432
676975681
676968938
676962191
676955452
676948708
676941973
676935234
676928503
676921767
676915040
676908308
676901585
676894857
676888138
676881415
676874700
676867979
676861268
676854552
676847844
676841132
676834432
676827728
676821039
676814345
676807660
676800970
676794288
676787601
676780924
676774241
676767566
676760887
676754217
676747541
676740874
676734203
676727540
676720872
676714214
676707550
676700895
676694235
676687592
676680943
676674303
676667659
676661022
676654381
676647748
676641111
676634505
676627895
676621310
676614720
676608142
676601558
676594989
676588415
676581849
676575279
676568717
676562150
676555592
676549029
676542475
676535916
676529365
676522810
676516263
676509712
676503169
676496621
676490082
676483538
676477003
676470463
676463931
676457394
676450873
676444347
676437829
676431306
676424793
676418275
676411769
676405259
676398757
676392250
676385752
676379249
676372754
676366255
676359764
676353268
676346781
676340290
676333807
676327319
676320840
676314356
676307880
676301400
676294928
676288451
676281983
676275510
676269046
676262576
676256127
676249672
676243229
676236782
676230343
676223899
676217463
676211023
676204591
676198154
676191726
676185293
676178868
676172438
676166018
676159592
676153175
676146753
676140340
676133922
676127512
676121098
676114692
676108282
676101889
676095490
676089100
676082705
676076319
676069928
676063551
676057169
676050800
676044426
676038064
676031698
676025340
676018976
676012622
676006262
675999911
675993555
675987208
675980855
675974512
675968163
675961823
675955477
675949149
675942816
675936492
675930163
675923842
675917516
675911211
675904900
675898598
675892291
675885993
675879689
675873399
675867104
675860823
675854537
675848260
675841978
675835705
675829426
675823156
675816881
675810615
675804343
675798081
675791813
675785554
675779290
675773035
675766774
675760523
675754266
675748022
675741772
675735541
675729305
675723077
675716845
675710620
675704391
675698170
675691944
675685727
675679504
675673290
675667071
675660860
675654645
675648438
675642225
675636022
675629813
675623613
675617408
675611212
675605011
675598818
675592620
675586431
675580237
675574052
675567861
675561687
675555508
675549346
675543178
675537037
675530891
675524754
675518611
675512476
675506337
675500208
675494074
675487949
675481818
675475696
675469569
675463451
675457327
675451212
675445092
675438981
675432864
675426756
675420643
675414539
675408429
675402329
675396222
675390142
675384057
675377980
675371898
675365826
675359750
675353691
675347626
675341570
675335509
675329456
675323398
675317349
675311295
675305249
675299198
675293155
675287108
675281069
675275025
675268990
675262949
675256917
675250880
675244852
675238818
675232793
675226763
675220741
675214714
675208705
675202690
675196687
675190679
675184689
675178695
675172713
675166727
675160749
675154766
675148791
675142811
675136840
675130863
675124895
675118922
675112958
675106988
675101027
675095061
675089104
675083141
675077187
675071228
675065278
675059322
675053375
675047423
675041479
675035530
675029592
675023649
675017729
675011804
675005899
674999989
674994092
674988189
674982295
674976395
674970504
674964608
674958721
674952828
674946944
674941054
674935173
674929287
674923412
674917532
674911661
674905784
674899916
674894043
674888178
674882308
674876446
674870580
674864722
674858858
674853009
674847155
674841318
674835476
674829644
674823807
674817979
674812145
674806319
674800489
674794667
674788839
674783021
674777197
674771381
674765561
674759749
674753932
674748124
674742310
674736505
674730695
674724893
674719086
674713288
674707484
674701689
674695888
674690097
674684299
674678518
674672731
674666955
674661174
674655402
674649624
674643854
674638079
674632313
674626542
674620779
674615011
674609252
674603487
674597732
674591971
674586219
674580461
674574712
674568958
674563224
674557484
674551753
674546017
674540290
674534557
674528832
674523102
674517381
674511654
674505939
674500218
674494506
674488788
674483085
674477377
674471678
674465973
674460276
674454575
674448882
674443183
674437493
674431798
674426111
674420419
674414736
674409047
674403379
674397706
674392041
674386371
674380710
674375043
674369384
674363721
674358065
674352405
674346753
674341095
674335452
674329804
674324171
674318532
674312902
674307267
674301640
674296008
674290385
674284755
674279135
674273509
674267892
674262270
674256656
674251037
674245426
674239810
674234203
674228590
674222990
674217384
674211787
674206184
674200590
674194991
674189400
674183804
674178217
674172624
674167039
674161449
674155868
674150281
674144703
674139119
674133543
674127963
674122391
674116813
674111245
674105671
674100107
674094536
674088975
674083409
674077851
674072287
674066734
674061176
674055636
674050090
674044553
674039011
674033477
674027937
674022406
674016870
674011342
674005809
674000284
673994754
673989232
673983705
673978189
673972667
673967161
673961650
673956147
673950639
673945140
673939635
673934139
673928638
673923146
673917648
673912159
673906664
673901219
673895768
673890359
673884944
673879537
673874125
673868721
673863312
673857912
673852506
673847109
673841706
673836311
673830911
673825520
673820123
673814735
673809341
673803956
673798566
673793184
673787797
673782418
673777034
673771659
673766277
673760905
673755527
673750158
673744782
673739424
673734059
673728708
673723350
673718002
673712647
673707302
673701950
673696608
673691260
673685920
673680575
673675239
673669898
673664576
673659249
673653931
673648606
673643291
673637970
673632658
673627341
673622032
673616718
673611413
673606101
673600799
673595491
673590191
673584886
673579591
673574290
673568998
673563699
673558410
673553115
673547828
673542536
673537253
673531964
673526683
673521397
673516119
673510836
673505561
673500281
673495012
673489737
673484476
673479210
673473952
673468688
673463433
673458173
673452922
673447666
673442418
673437165
673431920
673426670
673421438
673416200
673410984
673405763
673400550
673395332
673390122
673384907
673379700
673374488
673369284
673364074
673358873
673353667
673348469
673343265
673338072
673332874
673327685
673322490
673317304
673312112
673306928
673301739
673296558
673291372
673286194
673281011
673275836
673270656
673265493
673260325
673255171
673250011
673244859
673239701
673234553
673229398
673224253
673219101
673213959
673208811
673203672
673198528
673193402
673188270
673183148
673178019
673172904
673167783
673162671
673157554
673152445
673147330
673142225
673137113
673132010
673126902
673121802
673116696
673111599
673106496
673101402
673096301
673091210
673086112
673081024
673075929
673070844
673065752
673060669
673055580
673050500
673045415
673040348
673035275
673030216
673025151
673020104
673015051
673010008
673004959
672999918
672994872
672989835
672984791
672979757
672974716
672969685
672964647
672959618
672954583
672949557
672944524
672939501
672934472
672929452
672924426
672919409
672914386
672909372
672904351
672899340
672894322
672889313
672884299
672879293
672874281
672869278
672864268
672859268
672854262
672849264
672844261
672839266
672834265
672829274
672824276
672819287
672814292
672809313
672804328
672799368
672794403
672789446
672784483
672779529
672774570
672769619
672764663
672759716
672754763
672749819
672744869
672739941
672735007
672730086
672725159
672720240
672715316
672710400
672705479
672700566
672695648
672690738
672685822
672680915
672676002
672671098
672666187
672661286
672656378
672651479
672646574
672641678
672636776
672631882
672626983
672622092
672617195
672612308
672607414
672602529
672597637
672592762
672587880
672583012
672578138
672573290
672568437
672563593
672558744
672553903
672549057
672544220
672539376
672534541
672529700
672524868
672520029
672515200
672510364
672505537
672500704
672495880
672491050
672486229
672481402
672476583
672471759
672466944
672462122
672457309
672452490
672447679
672442863
672438055
672433241
672428436
672423625
672418822
672414014
672409214
672404409
672399612
672394809
672390015
672385215
672380423
672375626
672370842
672366053
672361282
672356505
672351737
672346963
672342198
672337427
672332666
672327900
672323142
672318377
672313622
672308860
672304108
672299349
672294599
672289843
672285095
672280342
672275597
672270847
672266105
672261357
672256618
672251872
672247136
672242393
672237659
672232919
672228192
672223459
672218745
672214024
672209313
672204595
672199885
672195170
672190464
672185753
672181049
672176340
672171640
672166933
672162247
672157554
672152873
672148187
672143509
672138825
672134150
672129469
672124796
672120118
672115448
672110773
672106106
672101433
672096769
672092099
672087437
672082769
672078114
672073453
672068801
672064143
672059493
672054838
672050191
672045538
672040894
672036244
672031602
672026954
672022315
672017670
672013033
672008391
672003765
671999133
671994510
671989880
671985259
671980633
671976015
671971390
671966775
671962153
671957541
671952922
671948316
671943704
671939108
671934506
671929913
671925314
671920724
671916128
671911541
671906948
671902363
671897773
671893191
671888603
671884024
671879438
671874861
671870278
671865704
671861124
671856552
671851975
671847406
671842830
671838264
671833691
671829127
671824557
671819996
671815428
671810874
671806312
671801766
671797214
671792670
671788120
671783579
671779032
671774494
671769951
671765416
671760875
671756342
671751804
671747280
671742749
671738238
671733721
671729213
671724698
671720192
671715680
671711177
671706667
671702167
671697661
671693163
671688659
671684164
671679662
671675173
671670677
671666190
671661697
671657212
671652722
671648240
671643751
671639272
671634787
671630310
671625827
671621352
671616871
671612399
671607921
671603451
671598976
671594508
671590035
671585570
671581099
671576637
671572169
671567710
671563245
671558789
671554326
671549872
671545412
671540964
671536509
671532069
671527622
671523184
671518740
671514305
671509864
671505432
671500993
671496563
671492127
671487700
671483266
671478841
671474409
671469987
671465558
671461137
671456711
671452293
671447869
671443454
671439032
671434620
671430201
671425790
671421373
671416966
671412551
671408146
671403734
671399336
671394931
671390535
671386132
671381738
671377339
671372947
671368550
671364162
671359767
671355381
671350988
671346605
671342215
671337833
671333446
671329067
671324682
671320305
671315923
671311549
671307170
671302799
671298421
671294053
671289678
671285312
671280940
671276577
671272207
671267845
671263478
671259119
671254754
671250401
671246041
671241696
671237344
671233002
671228652
671224312
671219965
671215627
671211282
671206947
671202605
671198271
671193931
671189600
671185263
671180935
671176601
671172275
671167944
671163621
671159291
671154971
671150644
671146326
671142002
671137686
671133364
671129051
671124731
671120421
671116104
671111795
671107481
671103175
671098863
671094560
671090250
671085949
671081641
671077342
671073037
671068741
671064438
671060145
671055845
671051553
671047256
671042967
671038672
671034385
671030093
671025809
671021518
671017237
671012949
671008697
671004439
671000211
670995977
670991751
670987519
670983296
670979066
670974845
670970618
670966399
670962174
670957958
670953735
670949521
670945301
670941089
670936871
670932662
670928447
670924240
670920027
670915823
670911613
670907411
670903203
670899004
670894798
670890600
670886397
670882202
670878000
670873808
670869608
670865423
670861231
670857047
670852858
670848677
670844489
670840311
670836126
670831950
670827767
670823594
670819413
670815242
670811064
670806895
670802720
670798554
670794381
670790217
670786047
670781886
670777718
670773564
670769404
670765262
670761113
670756973
670752826
670748688
670744544
670740408
670736266
670732133
670727994
670723863
670719725
670715597
670711462
670707335
670703203
670699079
670694948
670690827
670686699
670682580
670678454
670674337
670670214
670666100
670661979
670657867
670653748
670649638
670645522
670641414
670637300
670633197
670629088
670624991
670620888
670616793
670612693
670608600
670604502
670600412
670596316
670592229
670588135
670584050
670579958
670575876
670571786
670567706
670563619
670559541
670555456
670551380
670547298
670543224
670539144
670535076
670531001
670526935
670522862
670518798
670514728
670510670
670506606
670502551
670498489
670494437
670490377
670486326
670482269
670478221
670474166
670470120
670466068
670462024
670457974
670453933
670449885
670445846
670441801
670437764
670433721
670429687
670425646
670421615
670417577
670413548
670409512
670405489
670401460
670397439
670393412
670389394
670385369
670381353
670377330
670373316
670369296
670365285
670361267
670357258
670353242
670349235
670345222
670341217
670337207
670333204
670329196
670325196
670321190
670317200
670313204
670309223
670305236
670301258
670297273
670293296
670289313
670285344
670281368
670277407
670273439
670269480
670265514
670261557
670257593
670253638
670249677
670245725
670241766
670237816
670233859
670229911
670225957
670222011
670218059
670214116
670210166
670206225
670202277
670198338
670194392
670190456
670186512
670182580
670178641
670174715
670170782
670166858
670162927
670159005
670155077
670151157
670147231
670143314
670139390
670135475
670131553
670127640
670123721
670119811
670115894
670111986
670108071
670104165
670100253
670096349
670092439
670088545
670084645
670080753
670076855
670072966
670069069
670065184
670061291
670057408
670053517
670049636
670045748
670041868
670037982
670034105
670030221
670026346
670022464
670018591
670014712
670010842
670006965
670003097
669999222
669995356
669991484
669987620
669983750
669979888
669976020
669972161
669968295
669964454
669960606
669956779
669952945
669949120
669945288
669941467
669937640
669933821
669929995
669926179
669922355
669918541
669914720
669910907
669907088
669903278
669899462
669895654
669891839
669888034
669884221
669880421
669876614
669872815
669869010
669865214
669861411
669857616
669853815
669850030
669846239
669842460
669838675
669834901
669831121
669827349
669823571
669819802
669816026
669812258
669808484
669804719
669800948
669797185
669793416
669789655
669785888
669782130
669778365
669774609
669770847
669767093
669763333
669759581
669755823
669752074
669748318
669744578
669740831
669737093
669733349
669729613
669725871
669722137
669718397
669714665
669710926
669707197
669703461
669699733
669695999
669692274
669688542
669684819
669681089
669677368
669673641
669669927
669666207
669662499
669658786
669655081
669651369
669647666
669643956
669640255
669636547
669632863
669629171
669625492
669621806
669618133
669614452
669610780
669607102
669603432
669599756
669596088
669592414
669588749
669585076
669581413
669577743
669574082
669570414
669566755
669563089
669559432
669555768
669552114
669548452
669544805
669541152
669537507
669533856
669530213
669526563
669522924
669519278
669515645
669512006
669508376
669504738
669501110
669497475
669493848
669490215
669486591
669482960
669479338
669475709
669472089
669468463
669464845
669461220
669457605
669453982
669450369
669446749
669443137
669439519
669435914
669432302
669428699
669425089
669421487
669417879
669414280
669410674
669407076
669403472
669399877
669396274
669392681
669389081
669385490
669381892
669378302
669374706
669371119
669367526
669363941
669360349
669356766
669353177
669349597
669346010
669342437
669338857
669335292
669331720
669328157
669324587
669321026
669317458
669313898
669310332
669306779
669303220
669299669
669296112
669292563
669289007
669285460
669281907
669278362
669274810
669271268
669267718
669264177
669260630
669257091
669253546
669250009
669246466
669242931
669239390
669235865
669232334
669228817
669225293
669221784
669218269
669214762
669211249
669207744
669204233
669200730
669197221
669193720
669190213
669186714
669183209
669179712
669176209
669172714
669169213
669165720
669162221
669158730
669155233
669151745
669148250
669144763
669141270
669137791
669134306
669130829
669127345
669123873
669120394
669116927
669113453
669109988
669106516
669103053
669099583
669096121
669092653
669089194
669085728
669082271
669078807
669075351
669071889
669068438
669064980
669061531
669058075
669054628
669051174
669047729
669044277
669040834
669037384
669033949
669030507
669027084
669023655
669020244
669016827
669013421
669010009
669006606
669003196
668999794
668996386
668992986
668989580
668986183
668982778
668979383
668975980
668972587
668969186
668965794
668962396
668959006
668955610
668952222
668948828
668945442
668942049
668938665
668935274
668931894
668928506
668925133
668921754
668918387
668915013
668911653
668908286
668904928
668901563
668898206
668894843
668891489
668888128
668884776
668881416
668878066
668874709
668871361
668868005
668864659
668861306
668857961
668854610
668851267
668847918
668844577
668841229
668837891
668834545
668831215
668827879
668824554
668821222
668817899
668814570
668811248
668807921
668804601
668801275
668797958
668794634
668791318
668787996
668784682
668781362
668778051
668774732
668771423
668768107
668764806
668761499
668758200
668754895
668751598
668748295
668745000
668741698
668738405
668735105
668731820
668728528
668725246
668721958
668718685
668715404
668712133
668708854
668705584
668702308
668699040
668695765
668692499
668689226
668685962
668682691
668679429
668676160
668672899
668669632
668666379
668663120
668659869
668656611
668653362
668650107
668646859
668643605
668640360
668637107
668633865
668630616
668627376
668624128
668620890
668617644
668614407
668611164
668607929
668604687
668601454
668598214
668594983
668591745
668588516
668585280
668582053
668578820
668575594
668572362
668569139
668565909
668562687
668559459
668556240
668553013
668549795
668546571
668543355
668540132
668536918
668533697
668530484
668527265
668524054
668520837
668517628
668514412
668511205
668507991
668504786
668501574
668498371
668495160
668491959
668488751
668485551
668482345
668479151
668475951
668472765
668469573
668466389
668463198
668460015
668456826
668453646
668450459
668447280
668444095
668440921
668437741
668434570
668431391
668428221
668425044
668421876
668418701
668415535
668412362
668409198
668406026
668402865
668399696
668396536
668393369
668390210
668387045
668383896
668380739
668377609
668374473
668371345
668368210
668365084
668361951
668358826
668355695
668352572
668349442
668346321
668343193
668340074
668336948
668333832
668330710
668327600
668324484
668321376
668318262
668315156
668312043
668308938
668305828
668302725
668299616
668296515
668293408
668290314
668287214
668284127
668281032
668277947
668274854
668271770
668268679
668265597
668262508
668259428
668256341
668253262
668250176
668247099
668244016
668240940
668237858
668234785
668231705
668228634
668225555
668222485
668219409
668216341
668213267
668210201
668207128
668204064
668200993
668197933
668194866
668191816
668188759
668185710
668182655
668179608
668176554
668173509
668170457
668167414
668164364
668161322
668158274
668155242
668152202
668149171
668146134
668143104
668140068
668137041
668134007
668130981
668127948
668124925
668121895
668118873
668115845
668112825
668109799
668106782
668103759
668100744
668097722
668094709
668091689
668088678
668085659
668082650
668079633
668076625
668073610
668070604
668067591
668064586
668061574
668058574
668055566
668052567
668049561
668046563
668043559
668040563
668037561
668034567
668031566
668028574
668025575
668022584
668019587
668016607
668013621
668010647
668007667
668004696
668001717
667998747
667995771
667992802
667989827
667986861
667983888
667980923
667977951
667974987
667972017
667969060
667966096
667963151
667960199
667957255
667954305
667951363
667948415
667945474
667942528
667939589
667936644
667933707
667930764
667927829
667924887
667921956
667919018
667916089
667913153
667910225
667907291
667904365
667901433
667898509
667895579
667892657
667889729
667886814
667883893
667880980
667878060
667875152
667872237
667869331
667866418
667863513
667860602
667857699
667854790
667851889
667848981
667846081
667843175
667840277
667837372
667834476
667831573
667828678
667825777
667822884
667819984
667817092
667814194
667811305
667808408
667805520
667802626
667799740
667796847
667793963
667791072
667788189
667785299
667782418
667779530
667776650
667773764
667770886
667768002
667765126
667762243
667759368
667756487
667753614
667750734
667747863
667744985
667742115
667739239
667736371
667733496
667730631
667727758
667724894
667722024
667719161
667716292
667713435
667710572
667707720
667704862
667702011
667699154
667696306
667693450
667690604
667687750
667684905
667682053
667679209
667676359
667673517
667670668
667667832
667664989
667662165
667659335
667656512
667653684
667650863
667648036
667645217
667642391
667639574
667636750
667633934
667631111
667628303
667625487
667622685
667619876
667617078
667614275
667611479
667608677
667605883
667603082
667600290
667597491
667594701
667591903
667589114
667586318
667583531
667580736
667577950
667575158
667572373
667569582
667566799
667564010
667561228
667558441
667555661
667552876
667550098
667547314
667544537
667541755
667538980
667536199
667533425
667530646
667527874
667525096
667522326
667519550
667516781
667514006
667511240
667508466
667505701
667502929
667500166
667497395
667494633
667491864
667489104
667486337
667483578
667480813
667478056
667475293
667472538
667469776
667467023
667464263
667461511
667458752
667456002
667453245
667450496
667447741
667444993
667442240
667439494
667436742
667433998
667431247
667428504
667425755
667423014
667420267
667417531
667414788
667412060
667409325
667406598
667403865
667401139
667398408
667395685
667392955
667390234
667387506
667384787
667382060
667379353
667376639
667373937
667371229
667368528
667365821
667363123
667360417
667357720
667355016
667352320
667349618
667346924
667344223
667341530
667338831
667336143
667333449
667330773
667328090
667325415
667322734
667320061
667317381
667314709
667312030
667309360
667306683
667304015
667301339
667298672
667295998
667293332
667290660
667287995
667285324
667282661
667279992
667277331
667274663
667272004
667269338
667266680
667264015
667261359
667258696
667256041
667253379
667250728
667248071
667245422
667242766
667240118
667237464
667234818
667232166
667229521
667226871
667224228
667221578
667218937
667216289
667213649
667211003
667208364
667205719
667203082
667200439
667197803
667195161
667192528
667189887
667187255
667184616
667181985
667179347
667176720
667174087
667171466
667168839
667166220
667163595
667160978
667158354
667155738
667153116
667150501
667147880
667145268
667142648
667140037
667137419
667134809
667132192
667129583
667126968
667124361
667121748
667119142
667116530
667113926
667111315
667108713
667106104
667103503
667100895
667098298
667095695
667093100
667090499
667087905
667085305
667082713
667080114
667077524
667074926
667072337
667069742
667067154
667064560
667061982
667059397
667056820
667054237
667051661
667049079
667046505
667043925
667041353
667038774
667036203
667033626
667031057
667028481
667025913
667023339
667020776
667018206
667015645
667013078
667010519
667007954
667005397
667002833
667000277
666997715
666995160
666992600
666990047
666987487
666984936
666982378
666979827
666977271
666974722
666972167
666969619
666967066
666964520
666961968
666959424
666956873
666954331
666951782
666949241
666946693
666944153
666941607
666939073
666936533
666934000
666931461
666928930
666926393
666923863
666921327
666918799
666916264
666913737
666911204
666908679
666906147
666903623
666901092
666898570
666896041
666893520
666890992
666888472
666885946
666883428
666880903
666878386
666875863
666873347
666870825
666868312
666865791
666863278
666860759
666858248
666855730
666853220
666850704
666848195
666845680
666843173
666840660
666838154
666835642
666833138
666830627
666828124
666825615
666823113
666820605
666818106
666815599
666813101
666810596
666808099
666805596
666803101
666800599
666798105
666795604
666793112
666790613
666788122
666785624
666783134
666780638
666778152
666775659
666773174
666770683
666768199
666765709
666763227
666760738
666758258
666755770
666753291
666750805
666748327
666745842
666743366
666740882
666738407
666735926
666733452
666730972
666728500
666726021
666723550
666721072
666718603
666716127
666713659
666711184
666708717
666706244
666703779
666701307
666698843
666696372
666693910
666691441
666688980
666686512
666684052
666681586
666679128
666676663
666674206
666671742
666669287
666666824
666664370
666661910
666659457
666656998
666654547
666652090
666649640
666647184
666644735
666642280
666639839
666637390
666634954
666632511
666630077
666627635
666625202
666622762
666620330
666617892
666615461
666613024
666610595
666608159
666605731
666603297
666600871
666598437
666596013
666593581
666591158
666588728
666586306
666583877
666581457
666579029
666576610
666574184
666571767
666569342
666566926
666564502
666562087
666559665
666557251
666554831
666552418
666549999
666547588
666545170
666542761
666540344
666537936
666535521
666533114
666530701
666528295
666525883
666523479
666521068
666518665
666516256
666513855
666511447
666509047
666506640
666504258
666501868
666499500
666497125
666494758
666492385
666490019
666487647
666485282
666482911
666480548
666478179
666475817
666473449
666471088
666468721
666466362
666463996
666461639
666459274
666456918
666454555
666452200
666449838
666447485
666445124
666442772
666440413
666438062
666435704
666433354
666430998
666428649
666426294
666423950
666421599
666419257
666416907
666414566
666412218
666409878
666407531
666405193
666402847
666400510
666398166
666395830
666393488
666391153
666388812
666386479
666384139
666381807
666379469
666377138
666374801
666372473
666370139
666367816
666365485
666363163
666360834
666358513
666356186
666353866
666351539
666349221
666346896
666344579
666342255
666339939
666337616
666335301
666332980
666330667
666328347
666326036
666323717
666321407
666319090
666316781
666314465
666312157
666309843
666307536
666305223
666302918
666300606
666298302
666295992
666293692
666291386
666289092
666286791
666284498
666282198
666279906
666277607
666275317
666273020
666270731
666268435
666266147
666263853
666261566
666259273
666256988
666254696
666252412
666250122
666247839
666245550
666243273
666240990
666238719
666236441
666234170
666231894
666229625
666227349
666225088
666222821
666220561
666218295
666216036
666213771
666211513
666209250
666206994
666204731
666202477
666200215
666197962
666195702
666193451
666191192
666188942
666186684
666184435
666182179
666179931
666177677
666175430
666173177
666170932
666168680
666166437
666164187
666161946
666159697
666157457
666155210
666152971
666150725
666148487
666146243
666144006
666141763
666139528
666137286
666135052
666132811
666130579
666128339
666126108
666123870
666121640
666119404
666117175
666114940
666112718
666110489
666108267
666106040
666103820
666101593
666099376
666097153
666094942
666092725
666090516
666088300
666086091
666083877
666081670
666079456
666077251
666075038
666072834
666070623
666068420
666066210
666064009
666061800
666059600
666057393
666055194
666052988
666050790
666048586
666046389
666044185
666041995
666039798
666037612
666035419
666033233
666031041
666028857
666026666
666024483
666022294
666020112
666017924
666015743
666013556
666011377
666009191
666007013
666004829
666002652
666000469
665998294
665996112
665993941
665991763
665989593
665987416
665985247
665983071
665980904
665978729
665976566
665974395
665972233
665970064
665967903
665965735
665963575
665961408
665959249
665957083
665954926
665952762
665950605
665948442
665946287
665944126
665941972
665939812
665937659
665935500
665933349
665931191
665929042
665926885
665924736
665922581
665920433
665918279
665916143
665913999
665911864
665909722
665907588
665905448
665903316
665901178
665899047
665896909
665894780
665892643
665890515
665888380
665886252
665884119
665881993
665879860
665877735
665875604
665873482
665871354
665869239
665867118
665865004
665862884
665860772
665858653
665856541
665854423
665852317
665850204
665848103
665845995
665843895
665841789
665839690
665837585
665835487
665833383
665831287
665829184
665827089
665824988
665822894
665820794
665818701
665816602
665814511
665812413
665810323
665808227
665806138
665804043
665801957
665799865
665797781
665795690
665793606
665791517
665789434
665787346
665785265
665783177
665781097
665779011
665776932
665774847
665772770
665770686
665768609
665766526
665764451
665762370
665760296
665758216
665756144
665754065
665751997
665749922
665747855
665745781
665743716
665741643
665739592
665737534
665735484
665733427
665731378
665729323
665727279
665725228
665723185
665721136
665719094
665717046
665715005
665712958
665710919
665708873
665706835
665704790
665702753
665700710
665698674
665696632
665694597
665692556
665690522
665688483
665686454
665684420
665682397
665680368
665678347
665676319
665674299
665672272
665670253
665668227
665666209
665664184
665662167
665660143
665658128
665656105
665654091
665652069
665650056
665648036
665646024
665644005
665641994
665639976
665637967
665635950
665633942
665631926
665629919
665627905
665625901
665623891
665621896
665619894
665617902
665615903
665613913
665611915
665609925
665607929
665605940
665603945
665601958
665599963
665597977
665595984
665593999
665592007
665590023
665588032
665586049
665584060
665582078
665580090
665578110
665576123
665574144
665572158
665570184
665568202
665566229
665564249
665562280
665560304
665558340
665556368
665554404
665552434
665550471
665548502
665546540
665544572
665542612
665540644
665538685
665536719
665534761
665532796
665530839
665528875
665526919
665524956
665523002
665521040
665519086
665517126
665515173
665513214
665511267
665509313
665507372
665505424
665503488
665501545
665499615
665497678
665495750
665493814
665491886
665489952
665488026
665486092
665484167
665482235
665480311
665478380
665476457
665474527
665472605
665470677
665468756
665466828
665464909
665462982
665461064
665459139
665457221
665455297
665453382
665451461
665449549
665447631
665445721
665443803
665441894
665439978
665438069
665436154
665434247
665432333
665430427
665428514
665426609
665424697
665422793
665420883
665418983
665417076
665415177
665413271
665411374
665409469
665407573
665405669
665403774
665401871
665399977
665398076
665396187
665394291
665392406
665390513
665388631
665386741
665384859
665382971
665381090
665379203
665377323
665375437
665373558
665371673
665369796
665367912
665366035
665364152
665362277
665360395
665358525
665356648
665354778
665352902
665351034
665349159
665347292
665345418
665343552
665341679
665339817
665337948
665336090
665334225
665332368
665330504
665328648
665326785
665324930
665323069
665321215
665319354
665317502
665315642
665313791
665311932
665310082
665308224
665306375
665304519
665302672
665300819
665298974
665297122
665295277
665293426
665291583
665289733
665287890
665286042
665284200
665282352
665280512
665278665
665276826
665274980
665273141
665271296
665269459
665267615
665265779
665263936
665262102
665260260
665258426
665256586
665254754
665252914
665251085
665249249
665247420
665245585
665243758
665241924
665240098
665238265
665236440
665234608
665232784
665230953
665229133
665227306
665225487
665223662
665221844
665220020
665218203
665216379
665214563
665212741
665210926
665209105
665207291
665205471
665203658
665201839
665200027
665198209
665196418
665194621
665192844
665191059
665189283
665187499
665185723
665183941
665182166
665180385
665178611
665176831
665175058
665173279
665171507
665169728
665167958
665166180
665164410
665162634
665160865
665159090
665157323
665155549
665153782
665152009
665150244
665148472
665146707
665144936
665143175
665141406
665139649
665137884
665136127
665134364
665132608
665130845
665129090
665127329
665125575
665123814
665122061
665120302
665118549
665116791
665115041
665113286
665111545
665109799
665108059
665106314
665104576
665102831
665101094
665099350
665097614
665095872
665094137
665092395
665090664
665088925
665087203
665085473
665083751
665082023
665080302
665078574
665076854
665075128
665073409
665071683
665069965
665068241
665066524
665064800
665063084
665061361
665059646
665057925
665056211
665054490
665052777
665051057
665049345
665047626
665045915
665044198
665042487
665040771
665039065
665037352
665035652
665033945
665032246
665030540
665028842
665027137
665025439
665023735
665022039
665020336
665018641
665016939
665015248
665013550
665011860
665010163
665008474
665006778
665005089
665003395
665001707
665000013
664998327
664996634
664994949
664993257
664991572
664989881
664988199
664986511
664984830
664983142
664981462
664979776
664978097
664976411
664974733
664973049
664971372
664969688
664968012
664966329
664964654
664962972
664961300
664959621
664957957
664956287
664954624
664952954
664951292
664949624
664947963
664946296
664944636
664942969
664941310
664939645
664937987
664936322
664934667
664933006
664931353
664929692
664928040
664926380
664924729
664923070
664921420
664919762
664918112
664916456
664914807
664913151
664911505
664909852
664908213
664906568
664904930
664903286
664901650
664900007
664898371
664896729
664895094
664893453
664891820
664890179
664888549
664886911
664885285
664883653
664882028
664880397
664878773
664877143
664875520
664873891
664872269
664870641
664869021
664867394
664865775
664864149
664862531
664860906
664859288
664857664
664856048
664854425
664852809
664851187
664849573
664847951
664846338
664844718
664843105
664841485
664839874
664838255
664836644
664835026
664833416
664831800
664830190
664828575
664826966
664825351
664823744
664822130
664820524
664818910
664817316
664815714
664814122
664812523
664810932
664809334
664807743
664806146
664804557
664802961
664801373
664799778
664798190
664796596
664795009
664793416
664791830
664790238
664788653
664787061
664785477
664783887
664782304
664780715
664779133
664777544
664775963
664774375
664772795
664771208
664769631
664768046
664766472
664764892
664763326
664761753
664760188
664758616
664757052
664755481
664753918
664752348
664750786
664749217
664747655
664746087
664744529
664742964
664741413
664739855
664738304
664736747
664735198
664733642
664732093
664730538
664728991
664727437
664725890
664724337
664722791
664721239
664719694
664718143
664716599
664715048
664713505
664711955
664710413
664708864
664707323
664705775
664704235
664702688
664701148
664699602
664698063
664696518
664694980
664693436
664691899
664690355
664688819
664687276
664685741
664684200
664682666
664681125
664679592
664678052
664676520
664674981
664673450
664671911
664670381
664668844
664667314
664665778
664664249
664662714
664661186
664659652
664658125
664656591
664655065
664653533
664652007
664650475
664648951
664647420
664645896
664644366
664642844
664641314
664639793
664638265
664636745
664635217
664633698
664632171
664630655
664629131
664627616
664626093
664624578
664623057
664621543
664620022
664618509
664616989
664615477
664613958
664612447
664610929
664609418
664607901
664606394
664604880
664603379
664601872
664600372
664598866
664597367
664595862
664594364
664592859
664591363
664589859
664588363
664586860
664585365
664583863
664582369
664580868
664579374
664577874
664576381
664574882
664573390
664571891
664570400
664568902
664567412
664565915
664564426
664562930
664561445
664559953
664558475
664556990
664555513
664554029
664552552
664551069
664549594
664548112
664546638
664545156
664543683
664542203
664540730
664539251
664537779
664536300
664534829
664533351
664531881
664530404
664528935
664527459
664525990
664524515
664523048
664521574
664520107
664518634
664517168
664515695
664514232
664512762
664511300
664509830
664508369
664506900
664505440
664503973
664502513
664501047
664499588
664498123
664496665
664495200
664493743
664492279
664490823
664489360
664487904
664486442
664484987
664483526
664482072
664480612
664479159
664477699
664476247
664474788
664473338
664471882
664470433
664468977
664467529
664466074
664464627
664463173
664461727
664460274
664458828
664457376
664455931
664454480
664453036
664451585
664450142
664448692
664447250
664445801
664444360
664442912
664441471
664440023
664438584
664437137
664435698
664434252
664432814
664431369
664429934
664428493
664427061
664425623
664424193
664422756
664421326
664419890
664418461
664417026
664415598
664414164
664412737
664411303
664409877
664408444
664407019
664405587
664404162
664402731
664401307
664399877
664398454
664397024
664395602
664394173
664392752
664391325
664389904
664388477
664387058
664385631
664384214
664382789
664381372
664379949
664378533
664377110
664375695
664374273
664372858
664371437
664370024
664368603
664367190
664365771
664364359
664362940
664361529
664360111
664358700
664357283
664355873
664354457
664353049
664351634
664350226
664348812
664347405
664345991
664344585
664343172
664341767
664340355
664338950
664337539
664336135
664334725
664333322
664331912
664330510
664329101
664327700
664326292
664324891
664323484
664322084
664320677
664319278
664317873
664316474
664315069
664313672
664312268
664310871
664309468
664308072
664306669
664305274
664303872
664302478
664301077
664299683
664298283
664296891
664295491
664294099
664292701
664291310
664289912
664288522
664287125
664285735
664284339
664282951
664281555
664280167
664278773
664277386
664275992
664274605
664273213
664271827
664270435
664269050
664267659
664266275
664264885
664263502
664262112
664260729
664259340
664257959
664256571
664255190
664253802
664252424
664251040
664249666
664248287
664246914
664245535
664244163
664242785
664241414
664240036
664238666
664237289
664235920
664234544
664233175
664231800
664230432
664229058
664227691
664226317
664224951
664223579
664222213
664220842
664219477
664218106
664216742
664215372
664214008
664212639
664211276
664209908
664208546
664207178
664205817
664204450
664203090
664201724
664200364
664198999
664197640
664196275
664194918
664193553
664192197
664190833
664189477
664188115
664186760
664185398
664184044
664182683
664181329
664179969
664178617
664177257
664175907
664174550
664173201
664171845
664170496
664169141
664167793
664166439
664165091
664163738
664162391
664161038
664159693
664158341
664156996
664155644
664154300
664152950
664151606
664150257
664148914
664147565
664146223
664144875
664143534
664142186
664140846
664139499
664138160
664136814
664135475
664134130
664132791
664131447
664130109
664128766
664127429
664126086
664124750
664123408
664122073
664120731
664119397
664118056
664116723
664115383
664114050
664112711
664111379
664110040
664108709
664107371
664106041
664104704
664103374
664102038
664100714
664099383
664098062
664096734
664095414
664094087
664092768
664091442
664090123
664088798
664087480
664086156
664084838
664083515
664082198
664080875
664079560
664078237
664076923
664075601
664074287
664072966
664071653
664070333
664069020
664067702
664066390
664065072
664063761
664062444
664061133
664059817
664058507
664057191
664055882
664054567
664053259
664051945
664050637
664049324
664048017
664046704
664045398
664044086
664042781
664041470
664040166
664038855
664037552
664036242
664034939
664033630
664032328
664031020
664029719
664028411
664027116
664025815
664024530
664023239
664021956
664020666
664019383
664018093
664016811
664015522
664014240
664012952
664011671
664010384
664009104
664007817
664006538
664005252
664003973
664002688
664001410
664000126
663998849
663997565
663996289
663995006
663993730
663992448
663991173
663989892
663988617
663987336
663986063
663984783
663983514
663982238
663980970
663979696
663978428
663977154
663975887
663974614
663973348
663972076
663970810
663969539
663968274
663967003
663965740
663964469
663963207
663961937
663960675
663959406
663958145
663956877
663955618
663954353
663953100
663951840
663950587
663949328
663948076
663946817
663945566
663944308
663943057
663941800
663940550
663939293
663938044
663936788
663935539
663934284
663933037
663931782
663930535
663929282
663928036
663926783
663925537
663924285
663923040
663921789
663920545
663919294
663918051
663916801
663915558
663914309
663913068
663911820
663910583
663909340
663908103
663906860
663905624
663904382
663903147
663901906
663900671
663899431
663898197
663896957
663895724
663894485
663893252
663892014
663890782
663889545
663888314
663887077
663885847
663884611
663883385
663882153
663880928
663879697
663878472
663877242
663876021
663874793
663873572
663872346
663871126
663869899
663868680
663867455
663866236
663865011
663863793
663862569
663861352
663860129
663858913
663857690
663856474
663855252
663854038
663852817
663851603
663850382
663849169
663847949
663846736
663845517
663844307
663843090
663841880
663840664
663839454
663838239
663837030
663835816
663834608
663833394
663832186
663830973
663829766
663828554
663827348
663826136
663824931
663823720
663822515
663821305
663820101
663818891
663817692
663816487
663815288
663814084
663812886
663811682
663810485
663809281
663808087
663806887
663805697
663804501
663803312
663802116
663800927
663799732
663798544
663797349
663796162
663794968
663793782
663792589
663791403
663790210
663789025
663787834
663786649
663785458
663784274
663783084
663781901
663780711
663779529
663778340
663777158
663775970
663774792
663773607
663772429
663771245
663770068
663768885
663767709
663766526
663765350
663764168
663762993
663761812
663760638
663759457
663758284
663757104
663755931
663754752
663753580
663752401
663751231
663750054
663748889
663747718
663746553
663745383
663744219
663743049
663741886
663740717
663739554
663738386
663737224
663736056
663734895
663733727
663732567
663731400
663730240
663729074
663727915
663726750
663725591
663724426
663723269
663722105
663720948
663719784
663718628
663717466
663716310
663715148
663713993
663712832
663711686
663710534
663709389
663708238
663707093
663705942
663704800
663703651
663702509
663701360
663700219
663699071
663697931
663696784
663695644
663694497
663693358
663692212
663691073
663689928
663688790
663687646
663686509
663685365
663684237
663683102
663681975
663680841
663679714
663678581
663677458
663676330
663675208
663674080
663672959
663671831
663670711
663669584
663668464
663667338
663666219
663665093
663663975
663662850
663661732
663660608
663659490
663658367
663657251
663656128
663655012
663653890
663652774
663651653
663650539
663649418
663648305
663647187
663646080
663644967
663643861
663642749
663641643
663640532
663639427
663638316
663637212
663636101
663634997
663633888
663632785
663631675
663630573
663629464
663628363
663627255
663626154
663625047
663623946
663622840
663621740
663620634
663619535
663618430
663617332
663616227
663615137
663614041
663612960
663611872
663610793
663609709
663608631
663607546
663606469
663605385
663604309
663603226
663602149
663601067
663599991
663598910
663597835
663596754
663595679
663594599
663593525
663592445
663591372
663590293
663589221
663588142
663587070
663585993
663584924
663583849
663582781
663581708
663580641
663579569
663578507
663577439
663576378
663575311
663574250
663573183
663572123
663571057
663569998
663568932
663567874
663566809
663565751
663564686
663563629
663562565
663561509
663560446
663559390
663558327
663557272
663556210
663555155
663554094
663553044
663551989
663550941
663549888
663548841
663547788
663546741
663545689
663544643
663543591
663542546
663541494
663540450
663539399
663538355
663537305
663536262
663535212
663534169
663533120
663532078
663531030
663529989
663528941
663527901
663526854
663525814
663524767
663523728
663522682
663521645
663520601
663519566
663518524
663517493
663516456
663515426
663514389
663513359
663512323
663511294
663510258
663509229
663508195
663507166
663506132
663505104
663504071
663503049
663502021
663501000
663499973
663498953
663497926
663496906
663495880
663494861
663493836
663492817
663491792
663490777
663489755
663488744
663487726
663486715
663485698
663484688
663483671
663482662
663481646
663480637
663479621
663478613
663477598
663476590
663475576
663474569
663473556
663472549
663471536
663470531
663469520
663468515
663467505
663466501
663465491
663464488
663463478
663462475
663461466
663460464
663459456
663458454
663457446
663456445
663455438
663454437
663453431
663452431
663451425
663450425
663449420
663448421
663447417
663446419
663445415
663444418
663443415
663442418
663441415
663440422
663439423
663438431
663437433
663436441
663435443
663434452
663433455
663432464
663431467
663430478
663429483
663428494
663427499
663426511
663425517
663424529
663423535
663422548
663421555
663420569
663419576
663418590
663417599
663416613
663415622
663414637
663413646
663412674
663411695
663410723
663409745
663408773
663407796
663406824
663405847
663404877
663403900
663402930
663401954
663400985
663400010
663399041
663398066
663397097
663396123
663395155
663394182
663393215
663392241
663391275
663390302
663389336
663388364
663387399
663386427
663385462
663384491
663383531
663382564
663381606
663380642
663379685
663378721
663377764
663376802
663375845
663374883
663373927
663372965
663372010
663371049
663370094
663369133
663368179
663367219
663366265
663365306
663364353
663363394
663362441
663361483
663360531
663359573
663358622
663357665
663356714
663355757
663354808
663353852
663352910
663351961
663351019
663350070
663349129
663348181
663347240
663346292
663345352
663344405
663343465
663342519
663341579
663340633
663339694
663338749
663337813
663336872
663335937
663334995
663334061
663333120
663332187
663331247
663330314
663329375
663328442
663327504
663326575
663325641
663324719
663323791
663322869
663321942
663321021
663320094
663319174
663318247
663317327
663316401
663315482
663314557
663313638
663312713
663311795
663310871
663309953
663309030
663308113
663307190
663306273
663305350
663304435
663303513
663302597
663301676
663300761
663299840
663298929
663298012
663297103
663296189
663295281
663294366
663293459
663292545
663291638
663290725
663289818
663288906
663288000
663287088
663286188
663285283
663284383
663283478
663282579
663281675
663280777
663279873
663278975
663278072
663277175
663276272
663275375
663274473
663273577
663272675
663271779
663270878
663269983
663269082
663268187
663267287
663266393
663265493
663264599
663263700
663262807
663261908
663261016
663260117
663259225
663258327
663257437
663256541
663255654
663254761
663253875
663252982
663252096
663251204
663250319
663249427
663248542
663247652
663246767
663245877
663244995
663244107
663243230
663242346
663241469
663240587
663239710
663238828
663237952
663237070
663236195
663235314
663234439
663233558
663232684
663231804
663230930
663230050
663229177
663228297
663227425
663226546
663225673
663224795
663223923
663223046
663222174
663221297
663220426
663219549
663218679
663217803
663216933
663216057
663215188
663214312
663213443
663212569
663211700
663210826
663209958
663209085
663208218
663207344
663206483
663205617
663204756
663203890
663203030
663202164
663201305
663200440
663199581
663198716
663197858
663196994
663196136
663195272
663194415
663193552
663192695
663191832
663190976
663190114
663189258
663188396
663187541
663186679
663185825
663184964
663184109
663183249
663182395
663181535
663180685
663179829
663178982
663178129
663177289
663176444
663175604
663174760
663173921
663173077
663172239
663171395
663170558
663169715
663168878
663168035
663167198
663166356
663165520
663164678
663163843
663163001
663162167
663161326
663160492
663159651
663158818
663157978
663157145
663156305
663155472
663154634
663153801
663152963
663152131
663151293
663150461
663149624
663148793
663147956
663147126
663146289
663145459
663144623
663143794
663142958
663142131
663141298
663140477
663139651
663138831
663138006
663137187
663136361
663135543
663134719
663133901
663133078
663132260
663131437
663130620
663129798
663128981
663128159
663127343
663126522
663125706
663124885
663124070
663123249
663122435
663121615
663120801
663119981
663119168
663118348
663117535
663116716
663115904
663115085
663114273
663113455
663112644
663111826
663111015
663110198
663109387
663108571
663107760
663106944
663106139
663105329
663104526
663103717
663102914
663102106
663101304
663100496
663099694
663098887
663098086
663097279
663096479
663095672
663094872
663094066
663093267
663092461
663091662
663090857
663090058
663089253
663088455
663087651
663086854
663086050
663085253
663084450
663083653
663082850
663082054
663081252
663080456
663079654
663078859
663078057
663077262
663076461
663075667
663074866
663074072
663073272
663072479
663071679
663070886
663070087
663069296
663068500
663067714
663066922
663066136
663065344
663064559
663063768
663062984
663062193
663061409
663060620
663059836
663059047
663058263
663057474
663056692
663055903
663055121
663054333
663053551
663052763
663051982
663051195
663050414
663049627
663048847
663048061
663047280
663046495
663045716
663044931
663044157
663043376
663042602
663041822
663041048
663040268
663039495
663038717
663037944
663037166
663036394
663035616
663034844
663034067
663033295
663032518
663031747
663030971
663030201
663029424
663028655
663027879
663027110
663026335
663025566
663024791
663024023
663023249
663022481
663021707
663020940
663020166
663019399
663018626
663017860
663017087
663016321
663015549
663014783
663014012
663013246
663012475
663011710
663010940
663010175
663009405
663008641
663007871
663007107
663006338
663005575
663004806
663004043
663003274
663002512
663001744
663000982
663000215
662999455
662998689
662997932
662997170
662996413
662995651
662994896
662994134
662993379
662992618
662991863
662991102
662990348
662989587
662988833
662988074
662987320
662986560
662985807
662985048
662984295
662983537
662982785
662982027
662981275
662980517
662979766
662979008
662978257
662977500
662976750
662975993
662975245
662974492
662973744
662972991
662972243
662971490
662970743
662969991
662969245
662968493
662967747
662966995
662966250
662965499
662964754
662964003
662963258
662962508
662961764
662961014
662960270
662959521
662958777
662958029
662957286
662956537
662955795
662955047
662954305
662953558
662952816
662952069
662951328
662950581
662949840
662949094
662948354
662947608
662946868
662946122
662945383
662944638
662943899
662943154
662942415
662941671
662940933
662940189
662939451
662938708
662937971
662937228
662936491
662935749
662935012
662934270
662933535
662932793
662932058
662931317
662930582
662929841
662929106
662928366
662927632
662926892
662926158
662925419
662924686
662923947
662923214
662922476
662921743
662921005
662920273
662919535
662918804
662918066
662917335
662916598
662915867
662915131
662914401
662913665
662912935
662912199
662911469
662910734
662910005
662909270
662908544
662907812
662907085
662906354
662905628
662904897
662904172
662903441
662902717
662901986
662901262
662900532
662899808
662899079
662898355
662897626
662896903
662896174
662895452
662894723
662894001
662893274
662892552
662891825
662891103
662890377
662889656
662888929
662888209
662887483
662886762
662886037
662885317
662884592
662883874
662883151
662882434
662881712
662880995
662880273
662879556
662878835
662878119
662877397
662876682
662875961
662875246
662874525
662873810
662873090
662872376
662871656
662870943
662870224
662869510
662868792
662868079
662867360
662866648
662865930
662865218
662864500
662863789
662863072
662862360
662861644
662860933
662860217
662859506
662858790
662858080
662857365
662856655
662855940
662855231
662854516
662853807
662853093
662852385
662851671
662850963
662850250
662849542
662848829
662848122
662847410
662846703
662845991
662845284
662844572
662843868
662843159
662842459
662841754
662841054
662840349
662839650
662838946
662838247
662837543
662836845
662836141
662835443
662834740
662834042
662833339
662832642
662831939
662831243
662830541
662829844
662829143
662828447
662827745
662827050
662826349
662825654
662824953
662824258
662823558
662822864
662822164
662821470
662820771
662820077
662819378
662818685
662817986
662817293
662816595
662815903
662815205
662814513
662813815
662813124
662812427
662811736
662811039
662810348
662809652
662808962
662808266
662807576
662806881
662806192
662805497
662804809
662804116
662803429
662802737
662802050
662801357
662800671
662799979
662799293
662798601
662797916
662797225
662796539
662795849
662795164
662794473
662793789
662793099
662792415
662791725
662791042
662790353
662789669
662788981
662788298
662787609
662786927
662786239
662785557
662784869
662784187
662783500
662782819
662782132
662781451
662780765
662780084
662779398
662778717
662778032
662777352
662776667
662775987
662775303
662774624
662773939
662773261
662772577
662771898
662771215
662770537
662769854
662769176
662768494
662767816
662767134
662766457
662765775
662765100
662764420
662763746
662763066
662762392
662761713
662761039
662760360
662759687
662759008
662758335
662757657
662756985
662756307
662755635
662754957
662754286
662753609
662752937
662752261
662751590
662750914
662750243
662749567
662748897
662748222
662747552
662746877
662746208
662745533
662744864
662744190
662743521
662742848
662742179
662741506
662740838
662740165
662739497
662738825
662738157
662737485
662736818
662736147
662735480
662734809
662734143
662733472
662732806
662732136
662731470
662730800
662730135
662729466
662728810
662728149
662727503
662726852
662726206
662725555
662724909
662724259
662723614
662722963
662722318
662721669
662721024
662720375
662719730
662719081
662718437
662717789
662717145
662716497
662715854
662715206
662714563
662713916
662713274
662712626
662711985
662711338
662710696
662710050
662709408
662708762
662708121
662707476
662706836
662706192
662705553
662704910
662704271
662703627
662702989
662702346
662701708
662701066
662700428
662699786
662699149
662698507
662697870
662697229
662696592
662695951
662695316
662694675
662694039
662693399
662692764
662692124
662691494
662690859
662690229
662689594
662688965
662688331
662687702
662687068
662686439
662685805
662685177
662684544
662683916
662683283
662682655
662682022
662681395
662680763
662680136
662679504
662678878
662678246
662677620
662676989
662676364
662675733
662675108
662674477
662673852
662673222
662672598
662671968
662671346
662670718
662670098
662669473
662668854
662668229
662667610
662666986
662666367
662665743
662665124
662664501
662663883
662663260
662662642
662662019
662661402
662660779
662660162
662659540
662658923
662658302
662657685
662657064
662656448
662655827
662655212
662654591
662653976
662653355
662652744
662652128
662651517
662650901
662650290
662649674
662649064
662648449
662647839
662647224
662646614
662646000
662645391
662644776
662644168
662643554
662642945
662642332
662641724
662641111
662640503
662639891
662639283
662638671
662638064
662637452
662636845
662636234
662635628
662635016
662634410
662633799
662633194
662632583
662631978
662631368
662630763
662630153
662629548
662628939
662628334
662627725
662627121
662626513
662625909
662625301
662624698
662624090
662623489
662622883
662622285
662621683
662621086
662620483
662619886
662619285
662618688
662618086
662617493
662616895
662616303
662615705
662615113
662614515
662613923
662613327
662612735
662612138
662611547
662610951
662610360
662609764
662609173
662608578
662607987
662607392
662606802
662606208
662605618
662605023
662604434
662603840
662603253
662602662
662602075
662601484
662600898
662600307
662599721
662599131
662598545
662597955
662597370
662596780
662596195
662595606
662595021
662594432
662593848
662593259
662592675
662592087
662591503
662590915
662590332
662589744
662589164
662588580
662588000
662587416
662586836
662586252
662585674
662585092
662584515
662583933
662583356
662582774
662582197
662581616
662581039
662580458
662579882
662579302
662578726
662578145
662577570
662576990
662576415
662575835
662575261
662574681
662574107
662573528
662572954
662572376
662571802
662571224
662570656
662570083
662569520
662568953
662568391
662567824
662567262
662566696
662566134
662565568
662565007
662564441
662563880
662563315
662562754
662562189
662561628
662561064
662560504
662559939
662559379
662558815
662558256
662557692
662557133
662556570
662556011
662555448
662554889
662554326
662553771
662553211
662552658
662552101
662551552
662550998
662550449
662549896
662549347
662548794
662548246
662547693
662547145
662546593
662546045
662545493
662544946
662544394
662543847
662543296
662542749
662542198
662541652
662541101
662540555
662540005
662539459
662538909
662538367
662537821
662537279
662536733
662536192
662535646
662535105
662534560
662534019
662533474
662532933
662532389
662531849
662531304
662530764
662530220
662529681
662529137
662528598
662528054
662527517
662526976
662526440
662525899
662525363
662524822
662524286
662523746
662523210
662522670
662522139
662521604
662521074
662520540
662520013
662519483
662518957
662518426
662517901
662517371
662516845
662516315
662515790
662515261
662514736
662514207
662513682
662513153
662512629
662512101
662511577
662511048
662510525
662509997
662509474
662508946
662508423
662507896
662507373
662506846
662506324
662505798
662505279
662504756
662504237
662503714
662503196
662502673
662502155
662501632
662501115
662500592
662500075
662499553
662499036
662498515
662497998
662497477
662496960
662496439
662495923
662495402
662494886
662494366
662493851
662493331
662492815
662492296
662491781
662491261
662490746
662490227
662489713
662489194
662488680
662488161
662487647
662487129
662486616
662486098
662485584
662485067
662484554
662484036
662483524
662483007
662482495
662481978
662481466
662480950
662480439
662479924
662479414
662478900
662478390
662477876
662477366
662476852
662476343
662475829
662475322
662474810
662474303
662473792
662473285
662472774
662472267
662471757
662471250
662470740
662470234
662469724
662469218
662468708
662468203
662467693
662467188
662466679
662466174
662465665
662465166
662464663
662464165
662463662
662463164
662462661
662462163
662461661
662461163
662460661
662460164
662459662
662459165
662458664
662458167
662457666
662457169
662456668
662456172
662455671
662455176
662454675
662454180
662453680
662453184
662452685
662452190
662451690
662451197
662450699
662450206
662449708
662449215
662448718
662448225
662447728
662447236
662446739
662446247
662445750
662445258
662444762
662444271
662443775
662443283
662442788
662442297
662441801
662441311
662440816
662440325
662439831
662439341
662438846
662438356
662437862
662437373
662436879
662436391
662435899
662435416
662434928
662434445
662433958
662433476
662432989
662432506
662432019
662431537
662431051
662430569
662430083
662429601
662429115
662428634
662428148
662427667
662427182
662426701
662426216
662425736
662425251
662424771
662424287
662423808
662423324
662422844
662422361
662421882
662421400
662420925
662420446
662419972
662419493
662419019
662418540
662418066
662417588
662417114
662416636
662416163
662415685
662415212
662414735
662414262
662413785
662413312
662412835
662412363
662411886
662411414
662410938
662410466
662409990
662409519
662409043
662408572
662408096
662407628
662407157
662406691
662406222
662405756
662405287
662404822
662404353
662403888
662403420
662402955
662402487
662402023
662401554
662401091
662400623
662400159
662399692
662399228
662398761
662398298
662397831
662397369
662396902
662396439
662395973
662395511
662395045
662394583
662394117
662393655
662393190
662392730
662392266
662391806
662391343
662390883
662390420
662389961
662389498
662389039
662388576
662388118
662387655
662387199
662386738
662386282
662385822
662385366
662384906
662384450
662383991
662383535
662383076
662382621
662382162
662381707
662381248
662380793
662380335
662379881
662379423
662378969
662378512
662378058
662377601
662377148
662376691
662376238
662375781
662375329
662374872
662374420
662373963
662373511
662373055
662372603
662372147
662371696
662371240
662370789
662370334
662369883
662369428
662368977
662368522
662368072
662367617
662367167
662366713
662366263
662365809
662365359
662364905
662364456
662364002
662363553
662363100
662362651
662362198
662361749
662361296
662360848
662360396
662359947
662359495
662359048
662358597
662358150
662357699
662357253
662356802
662356356
662355906
662355460
662355010
662354564
662354114
662353668
662353219
662352774
662352324
662351879
662351430
662350985
662350537
662350092
662349644
662349199
662348751
662348307
662347859
662347415
662346968
662346526
662346081
662345640
662345195
662344755
662344312
662343873
662343430
662342991
662342549
662342111
662341668
662341230
662340788
662340350
662339908
662339471
662339029
662338592
662338150
662337713
662337272
662336835
662336394
662335958
662335517
662335081
662334640
662334204
662333764
662333328
662332888
662332453
662332013
662331578
662331138
662330703
662330264
662329829
662329390
662328956
662328517
662328083
662327644
662327210
662326772
662326338
662325901
662325467
662325029
662324596
662324159
662323726
662323289
662322856
662322419
662321987
662321550
662321118
662320682
662320250
662319814
662319382
662318946
662318515
662318079
662317648
662317213
662316782
662316347
662315916
662315481
662315051
662314617
662314186
662313752
662313323
662312890
662312464
662312034
662311609
662311179
662310754
662310325
662309900
662309471
662309046
662308618
662308193
662307765
662307344
662306921
662306502
662306080
662305662
662305241
662304823
662304401
662303984
662303562
662303145
662302724
662302307
662301886
662301469
662301049
662300632
662300212
662299795
662299375
662298959
662298539
662298124
662297704
662297288
662296869
662296453
662296034
662295619
662295200
662294785
662294367
662293952
662293534
662293119
662292701
662292287
662291869
662291455
662291037
662290623
662290206
662289793
662289375
662288962
662288545
662288132
662287715
662287303
662286886
662286474
662286057
662285645
662285229
662284818
662284402
662283990
662283575
662283163
662282748
662282337
662281922
662281511
662281096
662280685
662280271
662279860
662279446
662279036
662278622
662278212
662277798
662277388
662276975
662276565
662276152
662275743
662275331
662274924
662274514
662274108
662273698
662273292
662272882
662272477
662272068
662271662
662271254
662270849
662270440
662270035
662269627
662269222
662268814
662268410
662268002
662267598
662267190
662266786
662266379
662265975
662265568
662265164
662264757
662264354
662263947
662263545
662263139
662262737
662262332
662261930
662261525
662261123
662260718
662260317
662259912
662259511
662259106
662258705
662258301
662257900
662257496
662257095
662256691
662256291
662255887
662255487
662255084
662254684
662254281
662253881
662253478
662253079
662252676
662252277
662251875
662251476
662251074
662250676
662250275
662249877
662249476
662249079
662248678
662248281
662247881
662247484
662247083
662246687
662246287
662245891
662245491
662245095
662244695
662244299
662243900
662243504
662243105
662242709
662242311
662241915
662241517
662241122
662240723
662240328
662239930
662239535
662239137
662238745
662238349
662237957
662237562
662237170
662236774
662236383
662235988
662235596
662235202
662234810
662234416
662234025
662233630
662233240
662232846
662232455
662232061
662231671
662231277
662230887
662230494
662230104
662229711
662229321
662228928
662228539
662228146
662227757
662227364
662226975
662226583
662226194
662225802
662225413
662225021
662224633
662224241
662223853
662223462
662223074
662222683
662222295
662221904
662221517
662221126
662220739
662220348
662219961
662219571
662219184
662218794
662218408
662218018
662217632
662217242
662216856
662216467
662216081
662215692
662215306
662214917
662214532
662214143
662213758
662213370
662212985
662212597
662212212
662211824
662211440
662211052
662210668
662210280
662209896
662209509
662209125
662208738
662208354
662207968
662207584
662207198
662206814
662206428
662206045
662205659
662205276
662204890
662204508
662204122
662203742
662203359
662202979
662202597
662202217
662201834
662201455
662201073
662200694
662200312
662199933
662199551
662199172
662198790
662198412
662198031
662197652
662197271
662196893
662196512
662196134
662195753
662195376
662194995
662194618
662194237
662193860
662193480
662193103
662192723
662192346
662191966
662191590
662191210
662190834
662190455
662190079
662189699
662189324
662188945
662188569
662188190
662187815
662187436
662187061
662186683
662186308
662185930
662185555
662185177
662184803
662184425
662184051
662183674
662183300
662182922
662182549
662182172
662181798
662181422
662181048
662180672
662180299
662179922
662179549
662179173
662178801
662178425
662178052
662177677
662177305
662176929
662176557
662176182
662175810
662175435
662175063
662174689
662174317
662173943
662173571
662173197
662172826
662172452
662172081
662171707
662171337
662170963
662170593
662170219
662169849
662169476
662169106
662168733
662168363
662167990
662167621
662167248
662166879
662166507
662166137
662165765
662165396
662165024
662164656
662164284
662163916
662163544
662163176
662162804
662162436
662162065
662161697
662161327
662160959
662160588
662160221
662159851
662159483
662159113
662158748
662158381
662158016
662157649
662157285
662156917
662156553
662156186
662155823
662155456
662155092
662154726
662154362
662153996
662153633
662153266
662152904
662152538
662152175
662151809
662151447
662151081
662150719
662150354
662149992
662149627
662149265
662148900
662148538
662148174
662147812
662147448
662147087
662146722
662146361
662145997
662145636
662145273
662144912
662144549
662144188
662143825
662143465
662143101
662142741
662142379
662142019
662141656
662141296
662140934
662140575
662140212
662139853
662139491
662139132
662138770
662138413
662138053
662137699
662137341
662136987
662136630
662136276
662135919
662135565
662135208
662134854
662134498
662134144
662133788
662133434
662133078
662132725
662132369
662132016
662131660
662131308
662130952
662130599
662130244
662129892
662129537
662129184
662128830
662128478
662128123
662127771
662127416
662127065
662126710
662126359
662126005
662125654
662125300
662124949
662124595
662124244
662123891
662123540
662123187
662122836
662122483
662122133
662121780
662121430
662121078
662120728
662120375
662120026
662119674
662119324
662118972
662118623
662118271
662117922
662117571
662117222
662116871
662116522
662116171
662115822
662115471
662115123
662114772
662114424
662114073
662113726
662113375
662113028
662112677
662112330
662111980
662111633
662111283
662110936
662110587
662110240
662109890
662109544
662109195
662108848
662108499
662108153
662107804
662107458
662107110
662106764
662106415
662106070
662105721
662105376
662105028
662104683
662104335
662103990
662103642
662103298
662102950
662102606
662102258
662101914
662101567
662101223
662100876
662100532
662100185
662099842
662099495
662099153
662098809
662098469
662098126
662097787
662097444
662097105
662096763
662096423
662096082
662095742
662095401
662095062
662094720
662094382
662094040
662093702
662093360
662093022
662092681
662092343
662092003
662091665
662091324
662090987
662090646
662090309
662089969
662089632
662089292
662088955
662088615
662088278
662087939
662087602
662087263
662086926
662086587
662086250
662085912
662085575
662085237
662084901
662084562
662084226
662083888
662083553
662083214
662082879
662082541
662082206
662081868
662081533
662081196
662080861
662080524
662080189
662079852
662079523
662079192
662078863
662078532
662078203
662077872
662077543
662077212
662076884
662076553
662076225
662075895
662075567
662075236
662074909
662074578
662074251
662073921
662073593
662073264
662072936
662072607
662072280
662071951
662071624
662071295
662070968
662070639
662070312
662069984
662069657
662069329
662069005
662068679
662068355
662068029
662067706
662067380
662067057
662066731
662066408
662066083
662065760
662065435
662065112
662064787
662064465
662064140
662063818
662063493
662063171
662062847
662062525
662062201
662061881
662061558
662061238
662060915
662060595
662060273
662059953
662059631
662059311
662058989
662058669
662058348
662058028
662057707
662057387
662057066
662056747
662056426
662056107
662055786
662055467
662055146
662054828
662054507
662054189
662053868
662053550
662053230
662052912
662052592
662052275
662051955
662051637
662051318
662051000
662050681
662050366
662050049
662049734
662049417
662049103
662048786
662048472
662048155
662047841
662047525
662047211
662046895
662046581
662046265
662045951
662045635
662045322
662045006
662044693
662044378
662044065
662043750
662043438
662043124
662042813
662042499
662042188
662041875
662041564
662041250
662040939
662040626
662040316
662040003
662039692
662039380
662039069
662038757
662038447
662038134
662037824
662037512
662037202
662036890
662036581
662036269
662035960
662035648
662035339
662035027
662034718
662034407
662034098
662033787
662033480
662033170
662032863
662032553
662032246
662031936
662031629
662031320
662031013
662030704
662030397
662030088
662029782
662029473
662029166
662028858
662028552
662028243
662027937
662027629
662027323
662027016
662026710
662026402
662026099
662025793
662025489
662025184
662024881
662024575
662024274
662023971
662023669
662023366
662023065
662022762
662022461
662022158
662021857
662021554
662021254
662020951
662020651
662020348
662020048
662019746
662019446
662019144
662018844
662018542
662018242
662017940
662017641
662017339
662017040
662016739
662016441
662016141
662015845
662015548
662015253
662014955
662014660
662014363
662014068
662013771
662013476
662013179
662012885
662012588
662012294
662011997
662011703
662011407
662011112
662010816
662010522
662010226
662009933
662009637
662009343
662009048
662008754
662008459
662008166
662007871
662007578
662007284
662006992
662006698
662006406
662006113
662005821
662005527
662005236
662004942
662004651
662004357
662004066
662003773
662003482
662003189
662002898
662002605
662002315
662002022
662001732
662001439
662001149
662000857
662000566
662000274
661999984
661999693
661999405
661999116
661998829
661998540
661998254
661997966
661997680
661997392
661997107
661996819
661996534
661996246
661995961
661995674
661995388
661995101
661994816
661994529
661994244
661993958
661993674
661993388
661993104
661992818
661992534
661992249
661991965
661991680
661991396
661991111
661990830
661990547
661990268
661989987
661989708
661989428
661989149
661988869
661988590
661988310
661988032
661987752
661987474
661987194
661986916
661986636
661986358
661986079
661985801
661985522
661985244
661984965
661984688
661984409
661984132
661983853
661983576
661983297
661983020
661982742
661982465
661982187
661981910
661981632
661981356
661981078
661980802
661980524
661980248
661979970
661979694
661979416
661979141
661978863
661978588
661978311
661978035
661977758
661977484
661977208
661976934
661976658
661976384
661976108
661975834
661975559
661975285
661975009
661974736
661974461
661974189
661973915
661973644
661973370
661973099
661972826
661972554
661972281
661972010
661971737
661971466
661971193
661970922
661970650
661970379
661970107
661969836
661969564
661969293
661969021
661968754
661968485
661968218
661967950
661967683
661967414
661967148
661966879
661966613
661966344
661966078
661965810
661965544
661965276
661965009
661964742
661964476
661964208
661963942
661963675
661963409
661963142
661962876
661962609
661962344
661962077
661961812
661961545
661961280
661961013
661960749
661960484
661960220
661959955
661959692
661959427
661959163
661958898
661958635
661958370
661958107
661957842
661957579
661957315
661957052
661956788
661956525
661956261
661955998
661955734
661955472
661955208
661954946
661954682
661954420
661954157
661953895
661953632
661953371
661953109
661952848
661952586
661952325
661952063
661951803
661951541
661951281
661951019
661950759
661950497
661950237
661949976
661949716
661949455
661949195
661948934
661948675
661948414
661948154
661947894
661947634
661947374
661947115
661946854
661946595
661946335
661946076
661945816
661945559
661945301
661945047
661944791
661944537
661944281
661944027
661943772
661943518
661943262
661943009
661942753
661942500
661942245
661941991
661941736
661941483
661941228
661940975
661940720
661940467
661940213
661939960
661939706
661939453
661939199
661938946
661938693
661938440
661938186
661937935
661937682
661937431
661937180
661936930
661936678
661936428
661936177
661935927
661935676
661935426
661935175
661934925
661934674
661934425
661934174
661933925
661933676
661933429
661933181
661932935
661932688
661932441
661932194
661931948
661931701
661931455
661931208
661930962
661930715
661930469
661930222
661929978
661929733
661929489
661929244
661929001
661928756
661928512
661928267
661928024
661927779
661927536
661927292
661927048
661926804
661926561
661926317
661926074
661925830
661925587
661925343
661925101
661924857
661924614
661924371
661924129
661923885
661923643
661923400
661923158
661922916
661922677
661922436
661922197
661921957
661921718
661921478
661921239
661920999
661920760
661920520
661920282
661920042
661919803
661919564
661919325
661919086
661918848
661918608
661918370
661918131
661917893
661917654
661917416
661917177
661916940
661916701
661916463
661916225
661915987
661915749
661915511
661915273
661915036
661914798
661914561
661914323
661914086
661913848
661913611
661913373
661913137
661912899
661912663
661912425
661912189
661911952
661911717
661911480
661911245
661911008
661910773
661910537
661910302
661910065
661909830
661909594
661909359
661909123
661908889
661908653
661908418
661908183
661907948
661907713
661907478
661907243
661907009
661906774
661906539
661906304
661906070
661905835
661905602
661905367
661905134
661904900
661904672
661904442
661904214
661903985
661903757
661903528
661903299
661903071
661902843
661902614
661902386
661902157
661901930
661901701
661901473
661901245
661901018
661900789
661900562
661900334
661900107
661899879
661899652
661899424
661899197
661898970
661898743
661898515
661898289
661898061
661897835
661897608
661897381
661897154
661896928
661896701
661896475
661896248
661896023
661895796
661895570
661895343
661895118
661894891
661894666
661894440
661894214
661893988
661893763
661893537
661893312
661893086
661892861
661892635
661892410
661892184
661891960
661891734
661891509
661891284
661891059
661890834
661890610
661890385
661890160
661889935
661889711
661889486
661889262
661889038
661888814
661888589
661888365
661888141
661887917
661887693
661887470
661887245
661887022
661886798
661886575
661886351
661886128
661885904
661885681
661885457
661885235
661885013
661884792
661884571
661884350
661884129
661883908
661883687
661883467
661883246
661883026
661882805
661882585
661882364
661882144
661881923
661881704
661881484
661881267
661881049
661880832
661880614
661880397
661880179
661879963
661879745
661879528
661879311
661879094
661878877
661878660
661878443
661878227
661878010
661877793
661877576
661877360
661877144
661876928
661876711
661876495
661876278
661876063
661875846
661875631
661875414
661875199
661874983
661874767
661874551
661874336
661874120
661873905
661873689
661873474
661873259
661873044
661872828
661872614
661872398
661872184
661871969
661871754
661871539
661871325
661871110
661870895
661870681
661870467
661870252
661870038
661869823
661869610
661869395
661869181
661868967
661868753
661868539
661868326
661868112
661867898
661867684
661867471
661867257
661867044
661866831
661866618
661866405
661866192
661865979
661865766
661865553
661865340
661865128
661864915
661864702
661864490
661864277
661864065
661863853
661863641
661863428
661863216
661863004
661862792
661862580
661862369
661862157
661861946
661861735
661861524
661861313
661861102
661860891
661860680
661860469
661860259
661860048
661859838
661859627
661859417
661859206
661858996
661858785
661858575
661858365
661858155
661857945
661857735
661857525
661857315
661857105
661856896
661856686
661856476
661856267
661856059
661855850
661855644
661855438
661855232
661855026
661854821
661854615
661854409
661854203
661853998
661853792
661853587
661853382
661853176
661852971
661852766
661852561
661852356
661852151
661851946
661851741
661851536
661851331
661851127
661850922
661850717
661850513
661850308
661850104
661849900
661849695
661849492
661849288
661849085
661848881
661848678
661848474
661848271
661848068
661847865
661847662
661847459
661847256
661847053
661846850
661846647
661846445
661846242
661846039
661845837
661845634
661845432
661845229
661845027
661844825
661844623
661844420
661844218
661844016
661843814
661843612
661843411
661843209
661843007
661842805
661842604
661842402
661842200
661841999
661841798
661841596
661841395
661841194
661840993
661840791
661840590
661840389
661840188
661839987
661839787
661839586
661839385
661839185
661838984
661838783
661838583
661838382
661838182
661837982
661837782
661837581
661837381
661837181
661836981
661836781
661836581
661836381
661836182
661835982
661835782
661835583
661835383
661835184
661834984
661834785
661834586
661834386
661834187
661833988
661833789
661833590
661833391
661833192
661832993
661832794
661832596
661832397
661832198
661832000
661831801
661831603
661831405
661831207
661831009
661830812
661830614
661830417
661830219
661830022
661829824
661829627
661829430
661829233
661829035
661828838
661828641
661828444
661828247
661828050
661827854
661827657
661827460
661827264
661827067
661826871
661826674
661826478
661826282
661826086
661825889
661825693
661825497
661825301
661825105
661824910
661824714
661824518
661824322
661824127
661823931
661823736
661823540
661823345
661823149
661822954
661822759
661822563
661822368
661822173
661821978
661821783
661821588
661821393
661821199
661821004
661820809
661820615
661820420
661820225
661820031
661819837
661819642
661819448
661819253
661819059
661818865
661818671
661818477
661818283
661818089
661817895
661817702
661817508
661817314
661817121
661816927
661816733
661816540
661816347
661816153
661815960
661815767
661815574
661815380
661815187
661814994
661814801
661814608
661814416
661814223
661814030
661813837
661813645
661813452
661813260
661813067
661812875
661812682
661812490
661812298
661812106
661811914
661811722
661811529
661811338
661811146
661810954
661810762
661810570
661810378
661810187
661809995
661809804
661809612
661809421
661809229
661809038
661808847
661808656
661808464
661808273
661808082
661807891
661807700
661807510
661807318
661807128
661806937
661806747
661806556
661806365
661806175
661805985
661805794
661805604
661805413
661805223
661805033
661804843
661804653
661804463
661804273
661804083
661803893
661803704
661803514
661803325
661803135
661802946
661802756
661802567
661802377
661802188
661801999
661801810
661801620
661801432
661801242
661801054
661800864
661800676
661800487
661800298
661800109
661799921
661799732
661799544
661799355
661799167
661798978
661798790
661798602
661798414
661798226
661798038
661797849
661797662
661797474
661797286
661797098
661796910
661796722
661796535
661796347
661796160
661795972
661795785
661795597
661795410
661795223
661795036
661794848
661794661
661794474
661794287
661794100
661793914
661793726
661793540
661793353
661793167
661792979
661792793
661792606
661792420
661792234
661792048
661791863
661791679
661791495
661791311
661791127
661790943
661790759
661790575
661790391
661790208
661790024
661789841
661789657
661789473
661789290
661789107
661788923
661788740
661788556
661788374
661788190
661788007
661787824
661787641
661787458
661787276
661787092
661786910
661786727
661786545
661786362
661786179
661785996
661785815
661785632
661785450
661785267
661785085
661784903
661784721
661784538
661784357
661784174
661783993
661783811
661783629
661783447
661783266
661783084
661782903
661782721
661782540
661782358
661782177
661781995
661781814
661781633
661781453
661781273
661781094
661780914
661780735
661780556
661780377
661780197
661780019
661779839
661779661
661779481
661779303
661779123
661778945
661778766
661778588
661778409
661778231
661778052
661777874
661777695
661777517
661777338
661777160
661776981
661776804
661776625
661776448
661776269
661776092
661775913
661775736
661775558
661775380
661775202
661775025
661774847
661774670
661774492
661774315
661774137
661773960
661773782
661773605
661773428
661773251
661773074
661772897
661772720
661772543
661772366
661772189
661772012
661771836
661771660
661771485
661771308
661771134
661770957
661770783
661770607
661770432
661770256
661770081
661769906
661769731
661769555
661769381
661769205
661769031
661768855
661768681
661768506
661768332
661768156
661767982
661767807
661767633
661767458
661767284
661767109
661766936
661766761
661766587
661766412
661766239
661766064
661765891
661765716
661765543
661765368
661765195
661765021
661764848
661764673
661764500
661764326
661764153
661763979
661763806
661763632
661763460
661763286
661763113
661762939
661762767
661762593
661762421
661762247
661762075
661761901
661761729
661761557
661761387
661761215
661761045
661760874
661760703
661760532
661760362
661760191
661760020
661759849
661759679
661759508
661759338
661759167
661758998
661758827
661758657
661758486
661758317
661758146
661757977
661757806
661757637
661757466
661757297
661757127
661756958
661756787
661756618
661756448
661756279
661756109
661755940
661755770
661755601
661755431
661755263
661755093
661754924
661754755
661754586
661754417
661754248
661754079
661753911
661753741
661753573
661753404
661753236
661753067
661752899
661752730
661752562
661752396
661752232
661752067
661751903
661751738
661751574
661751409
661751246
661751080
661750917
661750752
661750589
661750424
661750260
661750095
661749932
661749767
661749604
661749440
661749277
661749112
661748949
661748785
661748622
661748457
661748295
661748130
661747968
661747804
661747641
661747477
661747315
661747151
661746988
661746824
661746662
661746498
661746336
661746172
661746010
661745847
661745685
661745521
661745359
661745196
661745034
661744871
661744709
661744546
661744384
661744221
661744059
661743896
661743735
661743572
661743411
661743248
661743088
661742927
661742768
661742607
661742448
661742288
661742129
661741968
661741809
661741649
661741490
661741330
661741171
661741011
661740852
661740692
661740534
661740374
661740215
661740055
661739897
661739737
661739579
661739419
661739261
661739101
661738943
661738784
661738626
661738466
661738309
661738149
661737992
661737833
661737676
661737518
661737362
661737203
661737047
661736888
661736732
661736574
661736418
661736260
661736103
661735945
661735789
661735631
661735475
661735318
661735162
661735004
661734848
661734691
661734535
661734377
661734222
661734066
661733913
661733757
661733603
661733448
661733294
661733141
661732990
661732838
661732687
661732534
661732383
661732230
661732079
661731927
661731776
661731624
661731473
661731321
661731170
661731018
661730867
661730715
661730565
661730413
661730262
661730110
661729960
661729808
661729658
661729506
661729356
661729205
661729056
661728905
661728756
661728605
661728457
661728306
661728157
661728006
661727857
661727707
661727558
661727408
661727259
661727109
661726960
661726810
661726661
661726511
661726363
661726213
661726064
661725914
661725766
661725616
661725468
661725318
661725170
661725021
661724873
661724724
661724577
661724431
661724287
661724140
661723997
661723850
661723706
661723560
661723417
661723271
661723127
661722981
661722837
661722691
661722548
661722402
661722259
661722113
661721970
661721824
661721681
661721535
661721392
661721247
661721104
661720958
661720815
661720671
661720530
661720386
661720244
661720100
661719959
661719815
661719674
661719530
661719389
661719245
661719104
661718960
661718819
661718676
661718535
661718391
661718250
661718107
661717966
661717823
661717682
661717539
661717399
661717256
661717115
661716972
661716832
661716689
661716548
661716405
661716265
661716122
661715982
661715839
661715699
661715557
661715417
661715274
661715134
661714992
661714852
661714710
661714570
661714428
661714288
661714146
661714006
661713864
661713724
661713582
661713443
661713301
661713162
661713020
661712880
661712739
661712600
661712458
661712319
661712178
661712039
661711898
661711759
661711618
661711480
661711339
661711201
661711060
661710921
661710781
661710642
661710502
661710364
661710223
661710085
661709944
661709806
661709669
661709534
661709396
661709261
661709123
661708988
661708850
661708716
661708578
661708443
661708306
661708171
661708034
661707899
661707762
661707627
661707490
661707355
661707218
661707084
661706947
661706812
661706676
661706541
661706404
661706270
661706133
661705999
661705863
661705728
661705592
661705458
661705322
661705189
661705053
661704919
661704784
661704650
661704515
661704382
661704246
661704113
661703977
661703844
661703709
661703576
661703440
661703308
661703172
661703040
661702904
661702772
661702637
661702504
661702369
661702236
661702101
661701969
661701834
661701702
661701567
661701435
661701302
661701173
661701041
661700912
661700780
661700650
661700518
661700389
661700257
661700128
661699996
661699867
661699735
661699606
661699475
661699346
661699214
661699085
661698954
661698825
661698694
661698565
661698434
661698305
661698174
661698045
661697914
661697786
661697655
661697528
661697398
661697271
661697141
661697013
661696884
661696756
661696627
661696499
661696370
661696243
661696113
661695986
661695856
661695730
661695600
661695473
661695344
661695217
661695088
661694961
661694832
661694705
661694576
661694449
661694320
661694194
661694065
661693938
661693811
661693687
661693561
661693438
661693311
661693188
661693062
661692939
661692813
661692690
661692564
661692441
661692315
661692192
661692066
661691943
661691817
661691694
661691569
661691446
661691320
661691197
661691072
661690949
661690824
661690701
661690576
661690454
661690328
661690206
661690081
661689959
661689834
661689713
661689589
661689469
661689345
661689224
661689100
661688979
661688855
661688735
661688611
661688490
661688367
661688246
661688122
661688002
661687880
661687761
661687639
661687520
661687398
661687279
661687157
661687039
661686917
661686798
661686677
661686558
661686437
661686320
661686201
661686086
661685967
661685852
661685733
661685618
661685500
661685384
661685266
661685151
661685033
661684918
661684800
661684684
661684566
661684451
661684333
661684219
661684101
661683986
661683868
661683753
661683635
661683521
661683403
661683288
661683171
661683056
661682938
661682824
661682706
661682592
661682474
661682360
661682243
661682128
661682011
661681897
661681780
661681665
661681548
661681434
661681318
661681206
661681090
661680977
661680862
661680749
661680633
661680521
661680405
661680293
661680178
661680065
661679950
661679838
661679722
661679610
661679495
661679383
661679267
661679155
661679040
661678928
661678813
661678701
661678586
661678474
661678359
661678248
661678133
661678021
661677906
661677794
661677680
661677570
661677457
661677348
661677236
661677127
661677015
661676906
661676794
661676685
661676573
661676465
661676353
661676244
661676132
661676024
661675912
661675803
661675692
661675583
661675472
661675363
661675252
661675143
661675032
661674923
661674812
661674704
661674592
661674484
661674373
661674265
661674153
661674046
661673934
661673826
661673715
661673607
661673496
661673388
661673277
661673170
661673059
661672951
661672840
661672732
661672621
661672514
661672403
661672296
661672185
661672078
661671967
661671860
661671749
661671642
661671531
661671424
661671314
661671207
661671096
661670989
661670879
661670772
661670662
661670555
661670445
661670338
661670228
661670121
661670011
661669904
661669794
661669688
661669578
661669471
661669361
661669255
661669145
661669039
661668929
661668823
661668713
661668607
661668497
661668391
661668281
661668175
661668068
661667965
661667858
661667756
661667649
661667547
661667440
661667338
661667232
661667129
661667023
661666921
661666815
661666712
661666606
661666504
661666398
661666296
661666190
661666088
661665982
661665880
661665774
661665672
661665567
661665465
661665359
661665257
661665152
661665050
661664944
661664843
661664737
661664636
661664530
661664429
661664323
661664222
661664117
661664015
661663910
661663808
661663703
661663602
661663497
661663396
661663291
661663190
661663088
661662990
661662888
661662790
661662689
661662590
661662489
661662391
661662289
661662191
661662090
661661992
661661890
661661793
661661691
661661593
661661492
661661394
661661293
661661196
661661094
661660997
661660895
661660798
661660697
661660600
661660498
661660401
661660300
661660203
661660102
661660004
661659903
661659806
661659705
661659608
661659507
661659410
661659310
661659213
661659112
661659015
661658914
661658817
661658717
661658620
661658519
661658423
661658322
661658225
661658125
661658028
661657928
661657831
661657731
661657635
661657534
661657438
661657338
661657241
661657141
661657045
661656945
661656848
661656748
661656652
661656552
661656456
661656356
661656260
661656160
661656064
661655964
661655868
661655768
661655672
661655572
661655477
661655377
661655281
661655182
661655086
661654986
661654891
661654791
661654695
661654596
661654500
661654402
661654307
661654210
661654116
661654019
661653926
661653829
661653736
661653639
661653545
661653448
661653355
661653258
661653165
661653068
661652976
661652879
661652786
661652689
661652596
661652499
661652407
661652310
661652217
661652121
661652028
661651931
661651839
661651742
661651650
661651553
661651461
661651365
661651275
661651179
661651089
661650994
661650903
661650808
661650717
661650622
661650532
661650437
661650346
661650251
661650161
661650066
661649976
661649881
661649790
661649696
661649605
661649511
661649420
661649326
661649236
661649141
661649051
661648957
661648867
661648772
661648682
661648588
661648498
661648404
661648314
661648219
661648130
661648035
661647946
661647851
661647762
661647668
661647578
661647484
661647394
661647300
661647211
661647117
661647027
661646933
661646844
661646750
661646660
661646567
661646477
661646384
661646294
661646201
661646111
661646018
661645928
661645835
661645746
661645652
661645563
661645470
661645381
661645287
661645198
661645105
661645016
661644923
661644834
661644740
661644652
661644558
661644470
661644377
661644288
661644195
661644106
661644013
661643925
661643832
661643743
661643650
661643562
661643469
661643380
661643287
661643199
661643107
661643020
661642928
661642841
661642749
661642662
661642571
661642484
661642392
661642305
661642214
661642127
661642035
661641948
661641857
661641770
661641679
661641592
661641501
661641414
661641323
661641236
661641145
661641058
661640967
661640881
661640789
661640703
661640612
661640526
661640434
661640348
661640257
661640171
661640080
661639994
661639903
661639817
661639726
661639640
661639549
661639463
661639372
661639286
661639196
661639110
661639019
661638933
661638843
661638757
661638666
661638580
661638490
661638404
661638314
661638228
661638138
661638052
661637962
661637877
661637786
661637701
661637611
661637525
661637435
661637350
661637260
661637174
661637084
661636999
661636909
661636824
661636734
661636649
661636559
661636474
661636384
661636299
661636209
661636124
661636034
661635950
661635860
661635775
661635685
661635600
661635511
661635426
661635336
661635252
661635162
661635078
661634988
661634903
661634814
661634729
661634640
661634556
661634466
661634382
661634292
661634208
661634119
661634035
661633945
661633861
661633772
661633688
661633598
661633514
661633425
661633341
661633252
661633168
661633079
661632995
661632906
661632822
661632733
661632649
661632560
661632477
661632388
661632304
661632215
661632132
661632043
661631959
661631871
661631787
661631698
661631615
661631526
661631443
661631354
661631271
661631182
661631099
661631010
661630927
661630839
661630755
661630667
661630584
661630496
661630412
661630324
661630241
661630153
661630070
661629982
661629899
661629810
661629728
661629640
661629557
661629469
661629386
661629298
661629215
661629127
661629045
661628957
661628874
661628786
661628704
661628616
661628533
661628446
661628363
661628275
661628193
661628105
661628023
661627935
661627853
661627766
661627683
661627596
661627514
661627426
661627344
661627256
661627174
661627087
661627005
661626918
661626836
661626748
661626666
661626579
661626497
661626410
661626328
661626241
661626159
661626072
661625990
661625903
661625822
661625735
661625653
661625566
661625484
661625397
661625316
661625229
661625148
661625061
661624979
661624892
661624811
661624724
661624643
661624556
661624475
661624388
661624307
661624220
661624139
661624053
661623971
661623885
661623804
661623717
661623636
661623550
661623469
661623383
661623302
661623215
661623134
661623048
661622967
661622881
661622800
661622714
661622634
661622547
661622467
661622380
661622300
661622214
661622133
661622047
661621967
661621881
661621800
661621714
661621634
661621548
661621468
661621382
661621302
661621216
661621136
661621050
661620970
661620884
661620804
661620718
661620638
661620552
661620472
661620387
661620307
661620221
661620141
661620056
661619976
661619890
661619811
661619725
661619646
661619560
661619480
661619395
661619315
661619230
661619151
661619065
661618986
661618900
661618821
661618736
661618657
661618571
661618492
661618407
661618328
661618242
661618163
661618078
661617999
661617914
661617835
661617750
661617671
661617586
661617507
661617422
661617343
661617258
661617179
661617094
661617015
661616931
661616852
661616767
661616688
661616604
661616525
661616441
661616362
661616277
661616199
661616114
661616036
661615951
661615873
661615788
661615710
661615625
661615547
661615462
661615384
661615300
661615222
661615137
661615059
661614975
661614897
661614812
661614734
661614650
661614572
661614488
661614410
661614326
661614248
661614164
661614086
661614002
661613924
661613840
661613762
661613678
661613601
661613518
661613441
661613359
661613284
661613203
661613128
661613046
661612971
661612890
661612815
661612733
661612658
661612577
661612502
661612421
661612346
661612264
661612190
661612108
661612034
661611952
661611878
661611797
661611722
661611641
661611566
661611485
661611411
661611330
661611255
661611174
661611100
661611019
661610944
661610863
661610789
661610708
661610634
661610553
661610479
661610398
661610324
661610243
661610169
661610088
661610014
661609933
661609859
661609779
661609704
661609624
661609550
661609470
661609396
661609315
661609241
661609161
661609087
661609007
661608933
661608852
661608779
661608698
661608625
661608545
661608471
661608391
661608317
661608237
661608163
661608083
661608010
661607930
661607856
661607776
661607703
661607623
661607549
661607470
661607396
661607316
661607243
661607163
661607090
661607010
661606937
661606857
661606784
661606704
661606631
661606552
661606479
661606399
661606326
661606246
661606173
661606094
661606021
661605941
661605869
661605789
661605716
661605637
661605564
661605485
661605412
661605333
661605260
661605181
661605108
661605029
661604956
661604877
661604804
661604725
661604653
661604574
661604501
661604422
661604350
661604271
661604198
661604119
661604047
661603968
661603896
661603817
661603744
661603666
661603593
661603515
661603442
661603364
661603291
661603213
661603141
661603062
661602990
661602911
661602839
661602761
661602689
661602610
661602539
661602460
661602388
661602310
661602238
661602159
661602088
661602009
661601938
661601859
661601788
661601709
661601638
661601559
661601488
661601410
661601338
661601260
661601189
661601110
661601039
661600961
661600890
661600812
661600740
661600664
661600594
661600521
661600454
661600380
661600313
661600240
661600173
661600099
661600033
661599959
661599892
661599819
661599752
661599678
661599612
661599538
661599472
661599398
661599332
661599258
661599192
661599118
661599052
661598979
661598912
661598839
661598773
661598699
661598633
661598560
661598494
661598420
661598354
661598282
661598217
661598146
661598081
661598009
661597944
661597873
661597808
661597736
661597671
661597600
661597535
661597464
661597399
661597327
661597263
661597191
661597127
661597055
661596991
661596919
661596855
661596783
661596719
661596649
661596586
661596516
661596454
661596384
661596321
661596251
661596189
661596119
661596056
661595986
661595924
661595854
661595792
661595722
661595659
661595590
661595527
661595458
661595395
661595326
661595263
661595194
661595131
661595062
661595000
661594930
661594868
661594799
661594736
661594667
661594605
661594536
661594474
661594407
661594348
661594280
661594221
661594154
661594094
661594027
661593967
661593900
661593841
661593774
661593714
661593647
661593588
661593521
661593461
661593394
661593335
661593268
661593209
661593142
661593082
661593016
661592956
661592889
661592830
661592763
661592704
661592639
661592581
661592516
661592458
661592393
661592335
661592270
661592212
661592147
661592090
661592025
661591967
661591902
661591844
661591779
661591722
661591657
661591599
661591534
661591477
661591412
661591354
661591290
661591232
661591167
661591110
661591045
661590988
661590923
661590866
661590801
661590744
661590679
661590622
661590557
661590500
661590435
661590378
661590314
661590257
661590192
661590135
661590071
661590013
661589949
661589892
661589828
661589771
661589707
661589651
661589587
661589531
661589467
661589411
661589348
661589292
661589228
661589172
661589110
661589055
661588993
661588938
661588876
661588822
661588759
661588705
661588643
661588588
661588526
661588472
661588409
661588355
661588293
661588239
661588177
661588122
661588060
661588006
661587944
661587890
661587828
661587774
661587712
661587658
661587596
661587542
661587480
661587426
661587364
661587310
661587248
661587194
661587132
661587078
661587016
661586962
661586901
661586847
661586785
661586731
661586670
661586616
661586554
661586500
661586439
661586385
661586323
661586270
661586208
661586154
661586093
661586039
661585978
661585924
661585863
661585809
661585748
661585694
661585633
661585579
661585518
661585464
661585403
661585350
661585288
661585235
661585174
661585120
661585059
661585006
661584945
661584891
661584830
661584777
661584716
661584663
661584601
661584548
661584488
661584436
661584377
661584325
661584265
661584213
661584153
661584101
661584042
661583990
661583930
661583878
661583818
661583767
661583707
661583655
661583596
661583544
661583484
661583433
661583373
661583322
661583262
661583210
661583151
661583099
661583040
661582988
661582929
661582877
661582819
661582769
661582711
661582661
661582602
661582552
661582494
661582444
661582386
661582336
661582278
661582228
661582170
661582120
661582062
661582012
661581954
661581904
661581846
661581796
661581738
661581688
661581630
661581581
661581523
661581473
661581415
661581365
661581308
661581260
661581202
661581154
661581097
661581048
661580991
661580943
661580886
661580837
661580780
661580732
661580675
661580626
661580569
661580521
661580464
661580415
661580359
661580310
661580254
661580205
661580148
661580100
661580043
661579995
661579938
661579890
661579833
661579785
661579728
661579680
661579624
661579577
661579522
661579474
661579419
661579371
661579316
661579269
661579213
661579166
661579110
661579063
661579007
661578960
661578905
661578858
661578802
661578755
661578700
661578653
661578597
661578550
661578495
661578448
661578392
661578346
661578290
661578243
661578188
661578142
661578088
661578042
661577989
661577944
661577890
661577845
661577791
661577746
661577692
661577647
661577593
661577548
661577495
661577449
661577396
661577351
661577297
661577252
661577199
661577154
661577100
661577055
661577002
661576957
661576903
661576858
661576805
661576760
661576706
661576662
661576608
661576564
661576510
661576465
661576412
661576367
661576314
661576269
661576216
661576171
661576118
661576073
661576020
661575975
661575922
661575878
661575825
661575780
661575727
661575682
661575629
661575585
661575532
661575487
661575434
661575390
661575337
661575293
661575239
661575195
661575142
661575098
661575045
661575001
661574948
661574904
661574851
661574806
661574753
661574709
661574656
661574612
661574560
661574517
661574465
661574422
661574369
661574326
661574274
661574231
661574179
661574136
661574084
661574041
661573989
661573946
661573894
661573851
661573799
661573756
661573704
661573661
661573609
661573566
661573515
661573472
661573420
661573377
661573325
661573282
661573231
661573188
661573136
661573093
661573042
661572999
661572947
661572904
661572853
661572810
661572758
661572716
661572664
661572621
661572570
661572527
661572476
661572433
661572381
661572339
661572287
661572245
661572193
661572151
661572100
661572057
661572006
661571963
661571912
661571869
661571818
661571776
661571724
661571682
661571631
661571588
661571537
661571495
661571443
661571401
661571350
661571308
661571256
661571214
661571163
661571121
661571070
661571028
661570976
661570934
661570883
661570841
661570790
661570748
661570697
661570655
661570604
661570562
661570511
661570469
661570418
661570376
661570326
661570286
661570236
661570196
661570146
661570106
661570056
661570016
661569966
661569926
661569877
661569836
661569787
661569747
661569697
661569657
661569608
661569568
661569518
661569478
661569429
661569388
661569339
661569299
661569250
661569210
661569160
661569120
661569071
661569031
661568982
661568942
661568892
661568853
661568803
661568763
661568714
661568674
661568625
661568585
661568536
661568496
661568447
661568407
661568358
661568318
661568269
661568230
661568181
661568141
661568092
661568052
661568003
661567964
661567915
661567875
661567826
661567787
661567738
661567698
661567649
661567610
661567561
661567521
661567473
661567433
661567384
661567345
661567296
661567257
661567208
661567169
661567120
661567081
661567032
661566993
661566944
661566905
661566857
661566819
661566771
661566733
661566685
661566647
661566599
661566561
661566513
661566475
661566428
661566390
661566342
661566304
661566256
661566218
661566171
661566133
661566085
661566047
661566000
661565962
661565915
661565877
661565829
661565791
661565744
661565706
661565659
661565621
661565573
661565536
661565488
661565450
661565403
661565365
661565318
661565280
661565233
661565195
661565148
661565110
661565063
661565026
661564978
661564941
661564893
661564856
661564809
661564771
661564724
661564686
661564639
661564602
661564555
661564517
661564470
661564433
661564386
661564348
661564301
661564264
661564217
661564179
661564132
661564095
661564048
661564011
661563964
661563927
661563880
661563843
661563795
661563758
661563711
661563674
661563627
661563590
661563543
661563506
661563459
661563423
661563376
661563339
661563292
661563255
661563208
661563171
661563124
661563087
661563041
661563005
661562959
661562923
661562877
661562842
661562796
661562760
661562714
661562678
661562632
661562596
661562550
661562514
661562468
661562433
661562387
661562351
661562305
661562270
661562224
661562188
661562142
661562107
661562061
661562025
661561980
661561944
661561898
661561863
661561817
661561781
661561736
661561700
661561654
661561619
661561573
661561538
661561492
661561457
661561411
661561376
661561330
661561295
661561249
661561214
661561168
661561133
661561087
661561052
661561006
661560971
661560926
661560890
661560845
661560810
661560764
661560729
661560684
661560648
661560603
661560568
661560523
661560487
661560442
661560407
661560362
661560327
661560281
661560246
661560201
661560166
661560121
661560086
661560040
661560006
661559960
661559925
661559880
661559845
661559800
661559765
661559720
661559685
661559640
661559605
661559560
661559525
661559480
661559445
661559401
661559368
661559324
661559290
661559246
661559213
661559169
661559135
661559091
661559058
661559014
661558981
661558937
661558903
661558859
661558826
661558782
661558749
661558705
661558672
661558628
661558594
661558551
661558517
661558474
661558440
661558396
661558363
661558319
661558286
661558242
661558209
661558165
661558132
661558089
661558056
661558012
661557979
661557935
661557902
661557858
661557825
661557782
661557749
661557705
661557672
661557628
661557595
661557552
661557519
661557475
661557442
661557399
661557366
661557323
661557290
661557246
661557213
661557170
661557137
661557094
661557061
661557018
661556985
661556941
661556909
661556865
661556833
661556789
661556757
661556713
661556681
661556637
661556605
661556561
661556529
661556486
661556453
661556410
661556377
661556334
661556301
661556258
661556226
661556183
661556150
661556107
661556075
661556031
661555999
661555956
661555923
661555880
661555848
661555805
661555772
661555729
661555697
661555654
661555622
661555579
661555546
661555503
661555471
661555428
661555396
661555353
661555321
661555278
661555246
661555203
661555170
661555127
661555095
661555052
661555020
661554977
661554945
661554902
661554871
661554827
661554796
661554752
661554721
661554678
661554646
661554603
661554571
661554528
661554496
661554454
661554422
661554379
661554347
661554304
661554273
661554230
661554198
661554155
661554123
661554081
661554049
661554006
661553975
661553932
661553900
661553858
661553826
661553783
661553752
661553709
661553678
661553635
661553604
661553561
661553530
661553487
661553456
661553413
661553382
661553339
661553308
661553265
661553234
661553191
661553160
661553117
661553086
661553043
661553012
661552969
661552938
661552896
661552865
661552822
661552791
661552748
661552717
661552675
661552644
661552601
661552570
661552528
661552497
661552454
661552423
661552381
661552350
661552307
661552276
661552234
661552203
661552161
661552130
661552087
661552057
661552014
661551983
661551941
661551910
661551868
661551837
661551795
661551764
661551722
661551691
661551649
661551618
661551576
661551545
661551503
661551472
661551430
661551399
661551357
661551326
661551284
661551253
661551211
661551181
661551139
661551108
661551066
661551035
661550993
661550963
661550921
661550890
661550848
661550818
661550776
661550745
661550703
661550673
661550631
661550600
661550558
661550528
661550486
661550456
661550414
661550383
661550341
661550311
661550269
661550239
661550197
661550167
661550125
661550095
661550053
661550023
661549981
661549951
661549909
661549879
661549837
661549807
661549765
661549735
661549693
661549663
661549621
661549591
661549549
661549519
661549478
661549448
661549406
661549376
661549334
661549304
661549262
661549233
661549191
661549161
661549119
661549090
661549048
661549018
661548976
661548947
661548905
661548875
661548834
661548804
661548762
661548733
661548691
661548661
661548620
661548590
661548548
661548519
661548477
661548448
661548406
661548377
661548335
661548306
661548264
661548234
661548193
661548163
661548122
661548092
661548051
661548022
661547980
661547951
661547909
661547880
661547839
661547809
661547768
661547738
661547697
661547668
661547626
661547597
661547556
661547527
661547485
661547456
661547415
661547385
661547344
661547315
661547274
661547245
661547203
661547174
661547133
661547104
661547062
661547033
661546992
661546963
661546922
661546893
661546852
661546823
661546781
661546753
661546711
661546682
661546641
661546612
661546571
661546542
661546501
661546472
661546431
661546402
661546361
661546332
661546291
661546263
661546221
661546193
661546152
661546123
661546082
661546053
661546012
661545983
661545942
661545914
661545873
661545844
661545803
661545775
661545733
661545705
661545664
661545635
661545594
661545566
661545526
661545498
661545458
661545431
661545391
661545363
661545323
661545296
661545256
661545228
661545188
661545161
661545121
661545093
661545054
661545026
661544986
661544959
661544919
661544891
661544852
661544824
661544784
661544757
661544717
661544690
661544650
661544623
661544583
661544556
661544516
661544489
661544449
661544422
661544382
661544355
661544315
661544288
661544248
661544221
661544181
661544154
661544115
661544088
661544048
661544021
661543981
661543954
661543914
661543888
661543848
661543821
661543781
661543754
661543715
661543688
661543648
661543621
661543583
661543558
661543519
661543494
661543455
661543430
661543392
661543366
661543328
661543303
661543264
661543239
661543201
661543175
661543137
661543112
661543073
661543048
661543010
661542985
661542946
661542921
661542883
661542858
661542819
661542794
661542756
661542731
661542693
661542668
661542629
661542604
661542566
661542541
661542503
661542478
661542440
661542414
661542377
661542351
661542313
661542288
661542250
661542225
661542187
661542162
661542124
661542099
661542061
661542036
661541998
661541973
661541935
661541910
661541872
661541848
661541809
661541785
661541747
661541722
661541684
661541659
661541621
661541597
661541559
661541534
661541496
661541471
661541433
661541409
661541371
661541346
661541308
661541283
661541246
661541221
661541183
661541159
661541121
661541096
661541058
661541034
661540996
661540972
661540934
661540909
661540871
661540847
661540809
661540785
661540747
661540723
661540685
661540660
661540623
661540598
661540561
661540536
661540498
661540474
661540436
661540412
661540374
661540350
661540312
661540288
661540250
661540226
661540189
661540164
661540127
661540103
661540066
661540042
661540005
661539982
661539945
661539922
661539885
661539862
661539825
661539802
661539765
661539742
661539705
661539681
661539645
661539621
661539585
661539561
661539525
661539501
661539465
661539442
661539405
661539382
661539345
661539322
661539285
661539262
661539225
661539202
661539166
661539143
661539106
661539083
661539046
661539023
661538987
661538964
661538927
661538904
661538867
661538844
661538808
661538785
661538748
661538725
661538689
661538666
661538629
661538606
661538570
661538547
661538511
661538488
661538451
661538428
661538393
661538372
661538337
661538316
661538281
661538260
661538224
661538203
661538168
661538147
661538112
661538091
661538056
661538035
661538000
661537979
661537944
661537923
661537887
661537866
661537831
661537810
661537775
661537754
661537719
661537698
661537663
661537642
661537607
661537587
661537552
661537531
661537497
661537477
661537443
661537422
661537388
661537368
661537334
661537314
661537280
661537260
661537227
661537206
661537173
661537152
661537119
661537099
661537065
661537045
661537011
661536991
661536957
661536937
661536903
661536883
661536849
661536830
661536796
661536776
661536742
661536722
661536688
661536668
661536635
661536615
661536581
661536561
661536527
661536508
661536474
661536454
661536420
661536401
661536367
661536347
661536313
661536294
661536260
661536240
661536207
661536187
661536153
661536134
661536100
661536080
661536047
661536027
661535993
661535974
661535941
661535922
661535889
661535871
661535838
661535820
661535787
661535768
661535735
661535717
661535684
661535665
661535633
661535614
661535581
661535563
661535530
661535511
661535479
661535460
661535427
661535409
661535376
661535358
661535325
661535307
661535274
661535256
661535223
661535204
661535172
661535153
661535121
661535102
661535070
661535051
661535019
661535000
661534968
661534949
661534917
661534898
661534866
661534848
661534815
661534797
661534764
661534746
661534713
661534695
661534662
661534644
661534612
661534594
661534561
661534543
661534510
661534492
661534460
661534442
661534409
661534391
661534358
661534340
661534308
661534290
661534257
661534239
661534207
661534189
661534156
661534138
661534106
661534088
661534056
661534038
661534005
661533987
661533955
661533938
661533906
661533889
661533857
661533839
661533807
661533790
661533758
661533741
661533709
661533692
661533660
661533642
661533610
661533593
661533561
661533544
661533512
661533495
661533463
661533446
661533414
661533397
661533365
661533348
661533316
661533299
661533267
661533250
661533218
661533201
661533169
661533153
661533122
661533105
661533074
661533057
661533026
661533010
661532978
661532962
661532931
661532914
661532883
661532866
661532835
661532819
661532788
661532771
661532740
661532723
661532692
661532676
661532645
661532628
661532597
661532581
661532549
661532533
661532502
661532486
661532455
661532439
661532408
661532392
661532361
661532345
661532314
661532298
661532268
661532252
661532221
661532205
661532174
661532158
661532127
661532112
661532081
661532065
661532034
661532018
661531988
661531972
661531941
661531925
661531895
661531879
661531848
661531832
661531802
661531786
661531755
661531739
661531709
661531693
661531662
661531647
661531616
661531600
661531570
661531554
661531523
661531508
661531477
661531461
661531431
661531415
661531384
661531369
661531338
661531323
661531292
661531277
661531246
661531230
661531200
661531184
661531154
661531138
661531108
661531093
661531064
661531051
661531022
661531008
661530979
661530965
661530936
661530922
661530893
661530880
661530851
661530837
661530808
661530794
661530765
661530752
661530723
661530709
661530680
661530666
661530638
661530624
661530595
661530581
661530552
661530539
661530510
661530496
661530467
661530454
661530425
661530412
661530383
661530369
661530340
661530327
661530298
661530284
661530256
661530242
661530213
661530200
661530171
661530157
661530129
661530115
661530086
661530073
661530044
661530031
661530002
661529988
661529960
661529946
661529918
661529904
661529875
661529862
661529833
661529820
661529791
661529778
661529749
661529736
661529707
661529694
661529665
661529652
661529623
661529610
661529581
661529568
661529539
661529526
661529497
661529484
661529455
661529442
661529413
661529400
661529372
661529358
661529330
661529317
661529288
661529275
661529246
661529233
661529204
661529191
661529163
661529150
661529121
661529108
661529079
661529066
661529038
661529025
661528996
661528983
661528955
661528941
661528913
661528900
661528871
661528858
661528830
661528817
661528788
661528775
661528747
661528734
661528705
661528693
661528664
661528651
661528622
661528610
661528581
661528568
661528540
661528527
661528498
661528486
661528457
661528444
661528416
661528403
661528375
661528362
661528333
661528320
661528292
661528279
661528251
661528238
661528210
661528197
661528168
661528156
661528127
661528115
661528086
661528074
661528045
661528033
661528004
661527992
661527963
661527951
661527922
661527910
661527881
661527869
661527840
661527828
661527799
661527787
661527758
661527746
661527717
661527705
661527676
661527664
661527636
661527624
661527595
661527583
661527555
661527543
661527515
661527503
661527475
661527463
661527435
661527423
661527394
661527382
661527354
661527342
661527314
661527302
661527274
661527262
661527234
661527222
661527194
661527182
661527154
661527142
661527114
661527102
661527074
661527062
661527034
661527022
661526994
661526982
661526954
661526942
661526914
661526902
661526874
661526863
661526835
661526823
661526795
661526783
661526755
661526743
661526715
661526703
661526676
661526664
661526636
661526624
661526596
661526584
661526557
661526545
661526517
661526505
661526477
661526465
661526437
661526426
661526398
661526386
661526358
661526347
661526319
661526307
661526279
661526268
661526240
661526228
661526200
661526189
661526161
661526150
661526121
661526110
661526082
661526071
661526043
661526031
661526003
661525992
661525964
661525953
661525925
661525913
661525885
661525874
661525846
661525835
661525807
661525796
661525768
661525756
661525729
661525717
661525689
661525678
661525650
661525639
661525611
661525600
661525572
661525561
661525533
661525522
661525494
661525483
661525455
661525444
661525416
661525405
661525377
661525366
661525338
661525327
661525299
661525288
661525260
661525249
661525221
661525210
661525182
661525171
661525143
661525132
661525104
661525093
661525066
661525055
661525027
661525016
661524988
661524977
661524949
661524938
661524911
661524900
661524872
661524861
661524833
661524822
661524795
661524784
661524756
661524745
661524717
661524707
661524679
661524668
661524640
661524629
661524602
661524591
661524563
661524552
661524525
661524514
661524486
661524475
661524448
661524437
661524409
661524399
661524371
661524360
661524332
661524322
661524294
661524283
661524256
661524245
661524217
661524207
661524179
661524169
661524141
661524130
661524103
661524092
661524064
661524054
661524026
661524016
661523988
661523978
661523950
661523939
661523912
661523901
661523874
661523863
661523836
661523825
661523798
661523787
661523759
661523749
661523721
661523711
661523683
661523673
661523645
661523635
661523607
661523597
661523569
661523559
661523532
661523521
661523494
661523483
661523456
661523446
661523418
661523408
661523380
661523370
661523343
661523332
661523305
661523294
661523267
661523257
661523229
661523219
661523191
661523181
661523154
661523143
661523116
661523106
661523078
661523068
661523041
661523031
661523003
661522993
661522965
661522956
661522928
661522918
661522890
661522880
661522853
661522843
661522815
661522805
661522778
661522768
661522740
661522730
661522703
661522693
661522666
661522656
661522629
661522619
661522592
661522583
661522555
661522546
661522519
661522509
661522482
661522472
661522445
661522436
661522408
661522399
661522372
661522362
661522335
661522325
661522298
661522289
661522262
661522252
661522225
661522216
661522188
661522179
661522152
661522142
661522115
661522106
661522079
661522069
661522042
661522033
661522006
661521996
661521969
661521960
661521933
661521923
661521896
661521887
661521860
661521851
661521824
661521814
661521787
661521778
661521751
661521741
661521715
661521705
661521678
661521669
661521642
661521633
661521606
661521596
661521569
661521560
661521533
661521524
661521497
661521488
661521461
661521452
661521425
661521416
661521389
661521380
661521352
661521343
661521316
661521307
661521280
661521271
661521244
661521235
661521208
661521199
661521172
661521163
661521136
661521127
661521100
661521091
661521064
661521055
661521028
661521020
661520992
661520984
661520956
661520948
661520921
661520912
661520885
661520876
661520849
661520840
661520813
661520805
661520777
661520769
661520742
661520733
661520706
661520697
661520670
661520662
661520635
661520626
661520599
661520590
661520563
661520555
661520528
661520519
661520492
661520483
661520456
661520448
661520421
661520412
661520385
661520377
661520350
661520341
661520314
661520306
661520279
661520270
661520243
661520235
661520208
661520199
661520173
661520164
661520137
661520129
661520102
661520093
661520066
661520058
661520031
661520023
661519996
661519987
661519960
661519952
661519925
661519917
661519890
661519882
661519855
661519846
661519819
661519811
661519784
661519776
661519749
661519741
661519714
661519706
661519679
661519670
661519644
661519635
661519608
661519600
661519573
661519565
661519538
661519530
661519503
661519495
661519468
661519460
661519433
661519425
661519398
661519390
661519363
661519355
661519328
661519320
661519294
661519286
661519259
661519251
661519224
661519216
661519189
661519181
661519154
661519146
661519119
661519111
661519084
661519077
661519050
661519042
661519015
661519007
661518980
661518972
661518945
661518938
661518911
661518903
661518876
661518868
661518841
661518834
661518807
661518799
661518772
661518764
661518738
661518730
661518703
661518695
661518669
661518661
661518634
661518626
661518600
661518592
661518565
661518557
661518531
661518523
661518496
661518488
661518462
661518454
661518427
661518420
661518393
661518385
661518358
661518351
661518324
661518317
661518290
661518282
661518255
661518248
661518221
661518214
661518187
661518179
661518153
661518145
661518118
661518111
661518084
661518077
661518050
661518043
661518016
661518008
661517982
661517974
661517948
661517940
661517913
661517906
661517879
661517872
661517845
661517838
661517811
661517804
661517777
661517770
661517743
661517736
661517709
661517702
661517675
661517668
661517641
661517634
661517607
661517600
661517573
661517566
661517539
661517532
661517506
661517498
661517472
661517465
661517438
661517431
661517404
661517397
661517370
661517363
661517337
661517329
661517303
661517296
661517269
661517262
661517236
661517228
661517202
661517194
661517168
661517161
661517134
661517127
661517101
661517094
661517067
661517060
661517033
661517026
661517000
661516993
661516966
661516959
661516933
661516926
661516899
661516892
661516866
661516859
661516832
661516825
661516799
661516792
661516765
661516758
661516732
661516725
661516699
661516692
661516665
661516658
661516632
661516625
661516598
661516592
661516565
661516558
661516532
661516525
661516498
661516492
661516465
661516459
661516432
661516425
661516399
661516392
661516365
661516359
661516332
661516326
661516299
661516293
661516266
661516259
661516233
661516226
661516200
661516193
661516167
661516160
661516133
661516127
661516100
661516094
661516067
661516061
661516034
661516028
661516001
661515995
661515968
661515962
661515936
661515929
661515903
661515896
661515870
661515863
661515837
661515830
661515804
661515797
661515771
661515764
661515738
661515732
661515705
661515699
661515672
661515666
661515640
661515633
661515607
661515601
661515574
661515568
661515541
661515535
661515509
661515502
661515476
661515470
661515443
661515437
661515411
661515404
661515378
661515372
661515345
661515339
661515313
661515307
661515280
661515274
661515248
661515242
661515215
661515209
661515183
661515177
661515150
661515144
661515118
661515112
661515085
661515079
661515053
661515047
661515020
661515014
661514988
661514982
661514956
661514950
661514923
661514917
661514891
661514885
661514858
661514853
661514826
661514820
661514794
661514788
661514762
661514756
661514729
661514723
661514697
661514691
661514665
661514659
661514633
661514627
661514600
661514595
661514568
661514563
661514536
661514530
661514504
661514498
661514472
661514466
661514440
661514434
661514408
661514402
661514376
661514370
661514344
661514338
661514312
661514306
661514280
661514274
661514248
661514242
661514216
661514210
661514184
661514178
661514152
661514146
661514120
661514114
661514088
661514083
661514056
661514051
661514024
661514019
661513993
661513987
661513961
661513955
661513929
661513923
661513897
661513892
661513866
661513860
661513834
661513828
661513802
661513797
661513771
661513766
661513740
661513735
661513709
661513704
661513678
661513674
661513648
661513643
661513617
661513612
661513586
661513581
661513555
661513551
661513525
661513520
661513494
661513489
661513463
661513459
661513433
661513428
661513402
661513397
661513371
661513367
661513341
661513336
661513310
661513306
661513280
661513275
661513249
661513245
661513219
661513214
661513188
661513184
661513158
661513153
661513128
661513123
661513097
661513092
661513067
661513062
661513036
661513032
661513006
661513001
661512975
661512971
661512945
661512940
661512915
661512910
661512884
661512880
661512854
661512850
661512824
661512819
661512793
661512789
661512763
661512759
661512733
661512729
661512703
661512698
661512673
661512668
661512643
661512638
661512612
661512608
661512582
661512578
661512552
661512548
661512522
661512518
661512492
661512488
661512462
661512458
661512432
661512428
661512402
661512398
661512372
661512368
661512342
661512338
661512312
661512308
661512282
661512278
661512252
661512248
661512222
661512218
661512192
661512188
661512162
661512158
661512132
661512128
661512102
661512098
661512072
661512068
661512043
661512040
661512015
661512012
661511987
661511984
661511959
661511956
661511931
661511927
661511903
661511899
661511874
661511871
661511846
661511843
661511818
661511815
661511790
661511787
661511762
661511759
661511734
661511731
661511706
661511703
661511678
661511675
661511650
661511647
661511622
661511619
661511594
661511591
661511566
661511563
661511538
661511535
661511510
661511507
661511482
661511479
661511454
661511451
661511426
661511423
661511399
661511395
661511371
661511368
661511343
661511340
661511315
661511312
661511287
661511284
661511260
661511257
661511232
661511229
661511204
661511201
661511176
661511173
661511148
661511146
661511121
661511118
661511093
661511090
661511065
661511063
661511038
661511035
661511010
661511007
661510983
661510980
661510955
661510952
661510927
661510925
661510900
661510897
661510872
661510870
661510845
661510842
661510817
661510815
661510790
661510787
661510762
661510760
661510735
661510732
661510707
661510705
661510680
661510677
661510653
661510650
661510625
661510622
661510598
661510595
661510570
661510568
661510543
661510540
661510516
661510513
661510488
661510486
661510461
661510458
661510434
661510431
661510406
661510404
661510379
661510377
661510352
661510349
661510325
661510322
661510297
661510295
661510270
661510268
661510243
661510240
661510216
661510213
661510189
661510186
661510162
661510159
661510135
661510132
661510107
661510105
661510080
661510078
661510053
661510051
661510026
661510024
661509999
661509997
661509972
661509970
661509945
661509943
661509918
661509916
661509891
661509889
661509864
661509862
661509837
661509835
661509810
661509808
661509783
661509781
661509757
661509754
661509730
661509728
661509704
661509702
661509678
661509676
661509652
661509650
661509625
661509624
661509599
661509597
661509573
661509571
661509547
661509545
661509521
661509519
661509495
661509493
661509469
661509467
661509443
661509441
661509417
661509415
661509391
661509389
661509365
661509363
661509339
661509337
661509313
661509312
661509288
661509286
661509262
661509261
661509237
661509236
661509212
661509210
661509186
661509185
661509161
661509159
661509136
661509134
661509110
661509109
661509085
661509083
661509060
661509058
661509034
661509033
661509009
661509008
661508984
661508983
661508959
661508957
661508934
661508933
661508910
661508909
661508886
661508885
661508861
661508861
661508837
661508837
661508813
661508813
661508789
661508788
661508765
661508764
661508741
661508740
661508717
661508716
661508693
661508692
661508668
661508668
661508644
661508644
661508620
661508620
661508597
661508597
661508573
661508573
661508550
661508550
661508527
661508527
661508504
661508503
661508480
661508480
661508457
661508457
661508434
661508434
661508411
661508411
661508387
661508387
661508364
661508364
661508341
661508341
661508318
661508318
661508295
661508295
661508271
661508272
661508248
661508248
661508225
661508225
661508202
661508202
661508179
661508179
661508156
661508156
661508133
661508133
661508110
661508110
661508087
661508087
661508064
661508064
661508041
661508041
661508018
661508018
661507995
661507995
661507972
661507972
661507949
661507949
661507926
661507926
661507903
661507903
661507880
661507880
661507857
661507857
661507834
661507834
661507811
661507812
661507788
661507789
661507765
661507766
661507742
661507743
661507720
661507720
661507698
661507699
661507676
661507678
661507655
661507656
661507634
661507635
661507613
661507614
661507592
661507593
661507571
661507572
661507549
661507551
661507528
661507530
661507507
661507509
661507486
661507487
661507465
661507466
661507444
661507445
661507423
661507424
661507402
661507403
661507381
661507382
661507360
661507361
661507339
661507340
661507318
661507319
661507297
661507298
661507276
661507277
661507255
661507256
661507234
661507235
661507213
661507215
661507192
661507194
661507172
661507173
661507151
661507152
661507130
661507131
661507109
661507110
661507088
661507089
661507067
661507069
661507046
661507048
661507025
661507027
661507005
661507006
661506984
661506986
661506963
661506965
661506942
661506944
661506921
661506923
661506901
661506902
661506880
661506882
661506859
661506861
661506839
661506840
661506818
661506820
661506797
661506799
661506777
661506779
661506756
661506758
661506736
661506738
661506716
661506718
661506696
661506698
661506676
661506678
661506656
661506658
661506636
661506638
661506615
661506617
661506595
661506597
661506575
661506577
661506555
661506557
661506535
661506537
661506515
661506517
661506495
661506497
661506475
661506477
661506455
661506457
661506435
661506437
661506415
661506417
661506395
661506397
661506375
661506377
661506355
661506357
661506335
661506337
661506315
661506317
661506295
661506297
661506275
661506277
661506255
661506257
661506235
661506237
661506216
661506218
661506196
661506198
661506176
661506178
661506156
661506158
661506136
661506139
661506116
661506119
661506097
661506099
661506077
661506079
661506057
661506059
661506037
661506040
661506017
661506020
661505998
661506000
661505978
661505980
661505958
661505961
661505939
661505941
661505919
661505921
661505899
661505902
661505879
661505882
661505860
661505862
661505840
661505843
661505821
661505823
661505801
661505803
661505781
661505784
661505762
661505764
661505742
661505745
661505723
661505725
661505703
661505706
661505684
661505686
661505664
661505667
661505644
661505647
661505625
661505628
661505605
661505608
661505586
661505589
661505566
661505569
661505547
661505550
661505527
661505530
661505508
661505511
661505489
661505491
661505469
661505472
661505450
661505453
661505432
661505435
661505414
661505417
661505396
661505399
661505378
661505381
661505360
661505363
661505342
661505345
661505324
661505327
661505306
661505310
661505288
661505292
661505270
661505274
661505252
661505256
661505235
661505238
661505217
661505220
661505199
661505203
661505181
661505185
661505163
661505167
661505145
661505149
661505128
661505131
661505110
661505114
661505092
661505096
661505074
661505078
661505057
661505060
661505039
661505043
661505021
661505025
661505003
661505007
661504986
661504990
661504968
661504972
661504951
661504954
661504933
661504937
661504915
661504919
661504897
661504901
661504880
661504884
661504862
661504866
661504845
661504848
661504827
661504831
661504809
661504813
661504792
661504796
661504774
661504778
661504757
661504761
661504739
661504743
661504722
661504725
661504704
661504708
661504687
661504690
661504669
661504673
661504652
661504655
661504634
661504638
661504617
661504620
661504599
661504603
661504582
661504586
661504564
661504568
661504547
661504551
661504529
661504533
661504512
661504516
661504494
661504499
661504477
661504481
661504460
661504464
661504442
661504446
661504425
661504429
661504407
661504412
661504390
661504394
661504374
661504379
661504358
661504363
661504342
661504347
661504326
661504331
661504311
661504316
661504295
661504300
661504279
661504284
661504263
661504268
661504248
661504253
661504232
661504237
661504216
661504221
661504201
661504206
661504185
661504190
661504169
661504175
661504154
661504159
661504138
661504143
661504122
661504128
661504107
661504112
661504091
661504096
661504076
661504081
661504060
661504065
661504044
661504050
661504029
661504034
661504013
661504019
661503998
661504003
661503982
661503987
661503967
661503972
661503951
661503956
661503936
661503941
661503920
661503926
661503905
661503910
661503889
661503895
661503874
661503879
661503858
661503864
661503843
661503848
661503827
661503833
661503812
661503818
661503797
661503802
661503781
661503787
661503766
661503771
661503750
661503756
661503735
661503740
661503720
661503725
661503704
661503710
661503689
661503694
661503673
661503679
661503658
661503664
661503643
661503648
661503627
661503633
661503612
661503618
661503597
661503602
661503582
661503587
661503566
661503572
661503551
661503557
661503536
661503541
661503520
661503526
661503505
661503511
661503490
661503496
661503475
661503480
661503459
661503465
661503444
661503450
661503429
661503435
661503414
661503419
661503399
661503404
661503383
661503389
661503368
661503374
661503353
661503359
661503338
661503344
661503323
661503328
661503308
661503313
661503293
661503298
661503278
661503283
661503262
661503268
661503247
661503253
661503232
661503238
661503217
661503223
661503202
661503208
661503187
661503193
661503172
661503178
661503157
661503163
661503142
661503148
661503127
661503133
661503112
661503118
661503097
661503103
661503082
661503088
661503067
661503073
661503052
661503058
661503037
661503043
661503022
661503028
661503007
661503013
661502992
661502998
661502977
661502983
661502962
661502968
661502947
661502953
661502932
661502939
661502918
661502924
661502903
661502909
661502888
661502894
661502873
661502879
661502858
661502864
661502843
661502849
661502828
661502835
661502814
661502820
661502799
661502805
661502784
661502790
661502769
661502775
661502754
661502760
661502739
661502746
661502725
661502731
661502710
661502716
661502695
661502701
661502681
661502687
661502666
661502672
661502651
661502657
661502636
661502642
661502622
661502628
661502607
661502613
661502592
661502598
661502577
661502584
661502563
661502569
661502548
661502554
661502533
661502540
661502519
661502525
661502504
661502510
661502489
661502496
661502475
661502481
661502460
661502467
661502445
661502452
661502431
661502437
661502416
661502423
661502402
661502408
661502387
661502394
661502372
661502379
661502358
661502365
661502343
661502350
661502329
661502335
661502314
661502321
661502300
661502306
661502285
661502292
661502271
661502277
661502256
661502263
661502242
661502248
661502227
661502234
661502213
661502219
661502198
661502205
661502184
661502190
661502169
661502176
661502155
661502162
661502140
661502147
661502126
661502133
661502112
661502118
661502097
661502104
661502083
661502089
661502069
661502075
661502054
661502061
661502040
661502046
661502025
661502032
661502011
661502018
661501996
661502003
661501982
661501989
661501968
661501975
661501953
661501960
661501939
661501946
661501925
661501932
661501910
661501918
661501896
661501903
661501882
661501889
661501868
661501875
661501853
661501860
661501839
661501846
661501825
661501832
661501811
661501818
661501796
661501803
661501782
661501789
661501768
661501775
661501754
661501761
661501739
661501747
661501725
661501732
661501711
661501718
661501697
661501704
661501683
661501690
661501669
661501676
661501654
661501661
661501640
661501647
661501626
661501633
661501612
661501619
661501598
661501605
661501584
661501591
661501570
661501577
661501555
661501563
661501541
661501549
661501527
661501535
661501513
661501520
661501499
661501506
661501485
661501492
661501471
661501478
661501457
661501464
661501443
661501450
661501429
661501436
661501415
661501422
661501401
661501408
661501387
661501394
661501373
661501380
661501359
661501366
661501345
661501352
661501331
661501338
661501317
661501324
661501303
661501311
661501289
661501297
661501275
661501283
661501261
661501269
661501247
661501255
661501234
661501241
661501220
661501227
661501206
661501213
661501192
661501199
661501178
661501185
661501164
661501172
661501150
661501158
661501136
661501144
661501122
661501130
661501109
661501116
661501095
661501102
661501081
661501089
661501067
661501075
661501053
661501061
661501040
661501047
661501026
661501033
661501012
661501020
661500998
661501006
661500984
661500992
661500971
661500978
661500957
661500965
661500943
661500951
661500929
661500937
661500916
661500923
661500902
661500910
661500889
661500896
661500875
661500882
661500861
661500869
661500847
661500855
661500834
661500841
661500820
661500828
661500806
661500814
661500793
661500800
661500779
661500787
661500765
661500773
661500752
661500760
661500738
661500746
661500724
661500732
661500711
661500719
661500697
661500705
661500684
661500691
661500670
661500678
661500657
661500664
661500643
661500651
661500629
661500637
661500616
661500624
661500602
661500610
661500589
661500597
661500575
661500583
661500562
661500570
661500548
661500556
661500535
661500543
661500521
661500529
661500508
661500516
661500494
661500502
661500481
661500489
661500467
661500475
661500454
661500462
661500440
661500449
661500427
661500435
661500414
661500422
661500400
661500408
661500387
661500395
661500373
661500381
661500360
661500368
661500347
661500355
661500333
661500341
661500320
661500328
661500307
661500314
661500293
661500301
661500280
661500288
661500267
661500274
661500253
661500261
661500240
661500248
661500226
661500235
661500213
661500221
661500200
661500208
661500186
661500195
661500173
661500181
661500160
661500168
661500147
661500155
661500133
661500142
661500120
661500128
661500107
661500115
661500094
661500102
661500080
661500089
661500067
661500075
661500054
661500062
661500041
661500049
661500028
661500036
661500014
661500023
661500001
661500010
661499989
661499999
661499978
661499987
661499966
661499976
661499955
661499964
661499943
661499953
661499932
661499941
661499920
661499929
661499909
661499918
661499897
661499906
661499886
661499895
661499874
661499883
661499863
661499872
661499851
661499861
661499840
661499849
661499828
661499838
661499817
661499826
661499805
661499815
661499794
661499803
661499783
661499792
661499771
661499781
661499760
661499769
661499749
661499758
661499737
661499746
661499726
661499735
661499714
661499724
661499703
661499712
661499691
661499701
661499680
661499690
661499669
661499678
661499657
661499667
661499646
661499656
661499635
661499644
661499623
661499633
661499612
661499622
661499601
661499610
661499590
661499599
661499578
661499588
661499567
661499576
661499556
661499565
661499544
661499554
661499533
661499543
661499522
661499531
661499510
661499520
661499499
661499509
661499488
661499498
661499477
661499486
661499465
661499475
661499454
661499464
661499443
661499453
661499432
661499442
661499421
661499430
661499409
661499419
661499398
661499408
661499387
661499397
661499376
661499385
661499365
661499374
661499353
661499363
661499342
661499352
661499331
661499341
661499320
661499330
661499309
661499319
661499298
661499307
661499287
661499296
661499276
661499285
661499265
661499274
661499253
661499263
661499242
661499252
661499231
661499241
661499220
661499230
661499209
661499219
661499198
661499208
661499187
661499197
661499176
661499186
661499164
661499174
661499153
661499163
661499142
661499152
661499131
661499141
661499120
661499130
661499110
661499119
661499098
661499108
661499087
661499097
661499076
661499086
661499065
661499075
661499055
661499065
661499044
661499055
661499034
661499045
661499024
661499035
661499014
661499024
661499003
661499014
661498993
661499004
661498983
661498994
661498973
661498983
661498963
661498973
661498952
661498963
661498942
661498953
661498932
661498943
661498922
661498932
661498912
661498922
661498901
661498912
661498891
661498902
661498881
661498892
661498871
661498882
661498861
661498872
661498851
661498861
661498841
661498851
661498831
661498841
661498821
661498831
661498811
661498821
661498800
661498811
661498790
661498801
661498780
661498791
661498770
661498781
661498760
661498771
661498750
661498760
661498740
661498750
661498730
661498740
661498720
661498730
661498710
661498720
661498699
661498710
661498689
661498700
661498679
661498690
661498669
661498680
661498659
661498670
661498649
661498660
661498639
661498650
661498629
661498640
661498619
661498630
661498609
661498620
661498600
661498611
661498590
661498602
661498581
661498592
661498572
661498583
661498562
661498574
661498553
661498564
661498544
661498555
661498535
661498546
661498525
661498537
661498516
661498527
661498507
661498518
661498497
661498509
661498488
661498499
661498479
661498490
661498470
661498481
661498461
661498473
661498453
661498465
661498446
661498458
661498438
661498450
661498430
661498442
661498423
661498435
661498415
661498427
661498407
661498419
661498399
661498411
661498392
661498404
661498384
661498396
661498376
661498388
661498369
661498381
661498361
661498373
661498353
661498365
661498345
661498358
661498338
661498350
661498330
661498342
661498322
661498334
661498315
661498327
661498307
661498319
661498299
661498311
661498292
661498304
661498284
661498296
661498277
661498288
661498269
661498281
661498261
661498273
661498254
661498266
661498246
661498258
661498238
661498251
661498231
661498243
661498223
661498235
661498215
661498228
661498208
661498220
661498200
661498213
661498193
661498205
661498185
661498197
661498177
661498190
661498170
661498182
661498162
661498174
661498155
661498167
661498147
661498159
661498139
661498152
661498132
661498144
661498124
661498137
661498117
661498129
661498109
661498122
661498102
661498114
661498094
661498107
661498087
661498099
661498079
661498092
661498072
661498084
661498064
661498076
661498056
661498069
661498049
661498061
661498041
661498054
661498034
661498046
661498026
661498039
661498019
661498031
661498011
661498024
661498004
661498016
661497996
661498009
661497989
661498001
661497982
661497994
661497974
661497986
661497967
661497979
661497959
661497971
661497952
661497964
661497944
661497957
661497937
661497949
661497929
661497942
661497922
661497935
661497914
661497927
661497907
661497920
661497899
661497912
661497892
661497905
661497885
661497897
661497877
661497890
661497870
661497883
661497862
661497875
661497855
661497868
661497848
661497861
661497841
661497855
661497835
661497848
661497828
661497841
661497822
661497835
661497815
661497828
661497809
661497822
661497802
661497815
661497796
661497809
661497789
661497802
661497783
661497796
661497776
661497789
661497770
661497783
661497763
661497776
661497757
661497770
661497750
661497763
661497744
661497757
661497737
661497750
661497731
661497744
661497724
661497738
661497718
661497731
661497711
661497725
661497705
661497718
661497698
661497712
661497692
661497705
661497686
661497699
661497679
661497692
661497673
661497686
661497666
661497679
661497660
661497673
661497653
661497667
661497647
661497660
661497640
661497654
661497634
661497647
661497627
661497641
661497621
661497635
661497615
661497628
661497608
661497622
661497602
661497615
661497595
661497609
661497589
661497603
661497583
661497596
661497576
661497590
661497570
661497583
661497563
661497577
661497557
661497571
661497551
661497564
661497544
661497558
661497538
661497551
661497532
661497545
661497525
661497539
661497519
661497532
661497513
661497526
661497506
661497520
661497500
661497513
661497494
661497507
661497487
661497501
661497481
661497494
661497475
661497488
661497468
661497482
661497462
661497476
661497455
661497469
661497449
661497463
661497443
661497457
661497437
661497450
661497430
661497444
661497424
661497438
661497418
661497431
661497411
661497425
661497405
661497419
661497399
661497412
661497393
661497406
661497386
661497400
661497380
661497394
661497374
661497388
661497367
661497381
661497361
661497375
661497355
661497369
661497349
661497363
661497342
661497356
661497336
661497350
661497330
661497344
661497324
661497338
661497317
661497331
661497312
661497326
661497306
661497321
661497301
661497315
661497296
661497310
661497290
661497304
661497285
661497299
661497279
661497294
661497274
661497288
661497269
661497283
661497263
661497278
661497258
661497272
661497253
661497267
661497247
661497262
661497242
661497256
661497237
661497251
661497231
661497246
661497226
661497240
661497221
661497235
661497215
661497230
661497210
661497224
661497204
661497219
661497199
661497214
661497194
661497208
661497188
661497203
661497183
661497198
661497178
661497192
661497173
661497187
661497167
661497182
661497162
661497176
661497157
661497171
661497151
661497166
661497146
661497160
661497141
661497155
661497136
661497150
661497130
661497145
661497125
661497140
661497120
661497134
661497114
661497129
661497109
661497124
661497104
661497119
661497099
661497113
661497093
661497108
661497088
661497103
661497083
661497097
661497077
661497092
661497073
661497088
661497068
661497083
661497064
661497079
661497059
661497075
661497055
661497070
661497051
661497066
661497046
661497061
661497042
661497057
661497037
661497053
661497033
661497048
661497029
661497044
661497024
661497039
661497020
661497035
661497015
661497031
661497011
661497026
661497007
661497022
661497002
661497017
661496998
661497013
661496993
661497009
661496989
661497004
661496985
661497000
661496980
661496996
661496976
661496991
661496972
661496987
661496967
661496982
661496963
661496978
661496959
661496974
661496954
661496969
661496950
661496965
661496945
661496961
661496941
661496956
661496937
661496952
661496932
661496948
661496928
661496943
661496924
661496939
661496919
661496935
661496915
661496931
661496911
661496926
661496906
661496922
661496902
661496918
661496898
661496913
661496893
661496909
661496889
661496905
661496885
661496900
661496880
661496896
661496876
661496892
661496872
661496887
661496868
661496883
661496863
661496879
661496859
661496875
661496855
661496870
661496850
661496866
661496846
661496862
661496842
661496857
661496838
661496853
661496833
661496849
661496829
661496845
661496825
661496840
661496820
661496836
661496816
661496832
661496812
661496828
661496808
661496823
661496803
661496819
661496799
661496815
661496795
661496810
661496791
661496806
661496786
661496802
661496782
661496798
661496778
661496793
661496774
661496789
661496770
661496785
661496765
661496781
661496761
661496777
661496757
661496772
661496752
661496768
661496748
661496764
661496744
661496760
661496740
661496756
661496736
661496751
661496731
661496747
661496727
661496743
661496723
661496739
661496719
661496735
661496715
661496730
661496710
661496726
661496706
661496722
661496702
661496718
661496698
661496714
661496694
661496710
661496689
661496705
661496685
661496701
661496681
661496697
661496677
661496693
661496673
661496689
661496669
661496684
661496664
661496680
661496660
661496676
661496656
661496672
661496652
661496668
661496648
661496664
661496644
661496659
661496639
661496655
661496635
661496651
661496631
661496647
661496627
661496643
661496623
661496639
661496619
661496635
661496614
661496630
661496610
661496626
661496606
661496622
661496602
661496618
661496598
661496614
661496594
661496610
661496590
661496606
661496586
661496601
661496581
661496597
661496577
661496593
661496573
661496589
661496569
661496585
661496565
661496581
661496561
661496577
661496557
661496573
661496553
661496569
661496549
661496565
661496544
661496561
661496540
661496556
661496536
661496552
661496532
661496548
661496528
661496544
661496524
661496540
661496520
661496536
661496516
661496532
661496512
661496528
661496508
661496524
661496503
661496520
661496499
661496516
661496495
661496512
661496491
661496508
661496487
661496504
661496483
661496499
661496479
661496495
661496475
661496491
661496471
661496487
661496467
661496483
661496463
661496479
661496459
661496475
661496455
661496471
661496451
661496467
661496447
661496463
661496443
661496459
661496439
661496455
661496435
661496451
661496431
661496447
661496427
661496443
661496423
661496439
661496419
661496435
661496415
661496431
661496410
661496427
661496406
661496423
661496402
661496419
661496398
661496415
661496394
661496411
661496390
661496407
661496386
661496403
661496382
661496399
661496378
661496395
661496374
661496391
661496370
661496387
661496366
661496383
661496362
661496379
661496358
661496375
661496354
661496371
661496350
661496367
661496346
661496363
661496342
661496359
661496338
661496355
661496334
661496351
661496330
661496347
661496326
661496343
661496322
661496339
661496318
661496335
661496314
661496331
661496311
661496327
661496307
661496323
661496303
661496319
661496299
661496315
661496295
661496311
661496291
661496307
661496287
661496303
661496283
661496300
661496279
661496296
661496275
661496292
661496271
661496288
661496267
661496284
661496263
661496280
661496259
661496276
661496255
661496272
661496251
661496268
661496248
661496264
661496244
661496260
661496240
661496256
661496236
661496252
661496232
661496249
661496228
661496245
661496224
661496241
661496220
661496237
661496216
661496233
661496212
661496229
661496208
661496225
661496204
661496221
661496200
661496217
661496197
661496213
661496193
661496209
661496189
661496205
661496185
661496202
661496181
661496198
661496177
661496194
661496173
661496190
661496169
661496186
661496165
661496182
661496161
661496179
661496158
661496175
661496154
661496171
661496150
661496167
661496146
661496163
661496142
661496159
661496138
661496155
661496134
661496151
661496130
661496147
661496127
661496144
661496123
661496140
661496119
661496136
661496115
661496132
661496111
661496128
661496107
661496124
661496104
661496121
661496100
661496117
661496096
661496113
661496092
661496109
661496088
661496105
661496085
661496101
661496081
661496098
661496077
661496094
661496073
661496090
661496069
661496086
661496065
661496082
661496061
661496079
661496057
661496075
661496054
661496071
661496050
661496067
661496046
661496063
661496042
661496059
661496039
661496056
661496035
661496052
661496031
661496048
661496027
661496044
661496023
661496040
661496020
661496037
661496016
661496033
661496012
661496029
661496008
661496025
661496004
661496022
661496000
661496018
661495997
661496014
661495993
661496010
661495989
661496007
661495985
661496003
661495982
661495999
661495978
661495995
661495974
661495991
661495970
661495988
661495966
661495984
661495963
661495980
661495959
661495976
661495955
661495973
661495951
661495969
661495948
661495965
661495944
661495961
661495940
661495958
661495937
661495954
661495933
661495950
661495929
661495946
661495925
661495943
661495922
661495939
661495918
661495935
661495914
661495931
661495910
661495928
661495907
661495924
661495903
661495920
661495899
661495917
661495895
661495913
661495892
661495909
661495888
661495906
661495884
661495902
661495880
661495898
661495877
661495894
661495873
661495890
661495869
661495887
661495866
661495883
661495862
661495879
661495858
661495876
661495855
661495872
661495851
661495868
661495847
661495865
661495843
661495861
661495840
661495858
661495836
661495854
661495832
661495850
661495829
661495847
661495825
661495843
661495821
661495839
661495818
661495835
661495814
661495832
661495810
661495828
661495807
661495824
661495803
661495821
661495799
661495817
661495795
661495813
661495792
661495809
661495788
661495806
661495785
661495802
661495781
661495799
661495777
661495795
661495774
661495791
661495770
661495788
661495766
661495784
661495763
661495780
661495759
661495777
661495755
661495773
661495752
661495770
661495748
661495766
661495744
661495762
661495741
661495759
661495737
661495755
661495733
661495751
661495730
661495748
661495726
661495744
661495723
661495740
661495719
661495737
661495715
661495733
661495712
661495729
661495708
661495726
661495705
661495722
661495701
661495719
661495697
661495715
661495694
661495712
661495690
661495708
661495687
661495705
661495684
661495703
661495681
661495700
661495679
661495697
661495676
661495695
661495673
661495692
661495671
661495689
661495668
661495687
661495665
661495684
661495663
661495681
661495660
661495678
661495657
661495676
661495655
661495673
661495652
661495670
661495649
661495668
661495647
661495665
661495644
661495662
661495641
661495660
661495639
661495657
661495636
661495654
661495633
661495652
661495631
661495649
661495628
661495646
661495625
661495644
661495623
661495641
661495620
661495639
661495617
661495636
661495615
661495633
661495612
661495631
661495609
661495628
661495607
661495625
661495604
661495623
661495601
661495620
661495599
661495617
661495596
661495615
661495594
661495612
661495591
661495609
661495588
661495607
661495586
661495604
661495583
661495601
661495580
661495599
661495578
661495596
661495575
661495594
661495572
661495591
661495570
661495589
661495567
661495586
661495564
661495583
661495562
661495581
661495559
661495578
661495557
661495575
661495554
661495573
661495551
661495570
661495549
661495568
661495546
661495565
661495543
661495562
661495541
661495560
661495538
661495557
661495536
661495554
661495533
661495552
661495530
661495549
661495528
661495547
661495525
661495544
661495523
661495541
661495520
661495539
661495518
661495536
661495515
661495534
661495512
661495531
661495510
661495529
661495507
661495526
661495504
661495523
661495502
661495521
661495499
661495518
661495497
661495516
661495494
661495513
661495492
661495510
661495489
661495508
661495486
661495505
661495484
661495502
661495481
661495500
661495479
661495497
661495476
661495495
661495474
661495492
661495471
661495490
661495468
661495487
661495466
661495485
661495463
661495482
661495461
661495480
661495458
661495477
661495455
661495475
661495453
661495472
661495450
661495470
661495448
661495467
661495445
661495464
661495443
661495462
661495440
661495459
661495438
661495457
661495435
661495454
661495432
661495451
661495430
661495449
661495427
661495446
661495425
661495444
661495423
661495442
661495421
661495441
661495419
661495439
661495418
661495437
661495416
661495435
661495414
661495433
661495412
661495431
661495410
661495429
661495408
661495427
661495406
661495425
661495404
661495423
661495402
661495422
661495400
661495420
661495398
661495418
661495396
661495416
661495394
661495414
661495392
661495412
661495391
661495410
661495389
661495408
661495387
661495406
661495385
661495404
661495383
661495402
661495381
661495400
661495379
661495398
661495377
661495396
661495375
661495395
661495373
661495393
661495371
661495391
661495369
661495389
661495367
661495387
661495366
661495386
661495364
661495384
661495362
661495382
661495360
661495380
661495358
661495378
661495356
661495376
661495354
661495374
661495352
661495372
661495350
661495370
661495349
661495368
661495347
661495366
661495345
661495364
661495343
661495363
661495341
661495361
661495339
661495359
661495337
661495357
661495336
661495355
661495334
661495353
661495332
661495351
661495330
661495349
661495328
661495348
661495326
661495346
661495324
661495344
661495322
661495342
661495320
661495340
661495318
661495338
661495317
661495336
661495315
661495335
661495313
661495333
661495311
661495331
661495309
661495329
661495307
661495327
661495306
661495325
661495304
661495323
661495302
661495321
661495300
661495319
661495298
661495317
661495296
661495316
661495294
661495314
661495292
661495312
661495290
661495310
661495289
661495309
661495287
661495307
661495285
661495305
661495283
661495303
661495281
661495301
661495279
661495299
661495277
661495297
661495276
661495296
661495274
661495294
661495272
661495292
661495270
661495290
661495268
661495288
661495266
661495286
661495264
661495284
661495263
661495283
661495261
661495281
661495259
661495279
661495257
661495277
661495255
661495275
661495254
661495273
661495252
661495272
661495250
661495270
661495248
661495268
661495246
661495266
661495244
661495264
661495242
661495263
661495240
661495261
661495239
661495259
661495237
661495257
661495235
661495255
661495233
661495253
661495231
661495251
661495230
661495250
661495228
661495248
661495226
661495246
661495224
661495244
661495223
661495242
661495221
661495240
661495219
661495239
661495217
661495237
661495215
661495235
661495213
661495233
661495211
661495232
661495210
661495230
661495208
661495228
661495206
661495226
661495204
661495225
661495202
661495223
661495200
661495221
661495199
661495219
661495197
661495217
661495195
661495215
661495193
661495213
661495191
661495212
661495189
661495210
661495188
661495208
661495186
661495206
661495184
661495204
661495182
661495203
661495181
661495201
661495179
661495199
661495177
661495197
661495175
661495196
661495173
661495194
661495172
661495192
661495170
661495190
661495168
661495188
661495166
661495187
661495164
661495185
661495163
661495183
661495161
661495181
661495159
661495180
661495157
661495178
661495155
661495176
661495154
661495174
661495152
661495172
661495150
661495170
661495148
661495169
661495147
661495167
661495145
661495165
661495143
661495163
661495141
661495161
661495140
661495160
661495138
661495158
661495136
661495156
661495134
661495155
661495132
661495153
661495130
661495151
661495129
661495150
661495127
661495148
661495125
661495146
661495123
661495144
661495122
661495142
661495120
661495141
661495118
661495139
661495116
661495137
661495115
661495135
661495113
661495133
661495111
661495132
661495109
661495130
661495107
661495128
661495106
661495126
661495104
661495125
661495102
661495123
661495101
661495121
661495099
661495119
661495097
661495118
661495095
661495116
661495094
661495114
661495092
661495112
661495090
661495111
661495088
661495109
661495086
661495107
661495085
661495106
661495083
661495104
661495081
661495102
661495079
661495100
661495078
661495098
661495076
661495097
661495074
661495095
661495073
661495093
661495071
661495091
661495069
661495090
661495067
661495088
661495066
661495086
661495064
661495084
661495062
661495083
661495060
661495081
661495059
661495080
661495057
661495078
661495055
661495076
661495053
661495075
661495052
661495073
661495050
661495071
661495048
661495069
661495046
661495067
661495045
661495066
661495043
661495064
661495041
661495062
661495039
661495060
661495038
661495059
661495036
661495057
661495034
661495055
661495033
661495054
661495031
661495052
661495029
661495050
661495027
661495049
661495026
661495047
661495024
661495045
661495022
661495043
661495021
661495042
661495019
661495040
661495017
661495038
661495015
661495037
661495014
661495035
661495012
661495033
661495010
661495031
661495009
661495030
661495007
661495028
661495005
661495026
661495003
661495025
661495002
661495023
661495000
661495021
661494999
661495019
661494997
661495017
661494995
661495016
661494993
661495014
661494992
661495013
661494990
661495011
661494988
661495009
661494986
661495008
661494985
661495006
661494983
661495005
661494981
661495003
661494980
661495001
661494978
661494999
661494976
661494998
661494975
661494996
661494973
661494994
661494971
661494992
661494970
661494991
661494968
661494989
661494966
661494988
661494964
661494986
661494963
661494984
661494961
661494982
661494959
661494981
661494958
661494979
661494956
661494978
661494954
661494976
661494953
661494974
661494951
661494972
661494949
661494971
661494948
661494969
661494946
661494967
661494944
661494966
661494943
661494964
661494941
661494963
661494939
661494961
661494938
661494959
661494936
661494957
661494934
661494956
661494933
661494954
661494931
661494952
661494929
661494951
661494928
661494949
661494926
661494947
661494925
661494946
661494923
661494944
661494921
661494942
661494920
661494941
661494918
661494939
661494916
661494938
661494914
661494936
661494913
661494934
661494911
661494933
661494909
661494931
661494908
661494930
661494906
661494928
661494904
661494926
661494903
661494924
661494901
661494923
661494899
661494921
661494898
661494919
661494896
661494918
661494895
661494916
661494893
661494915
661494891
661494913
661494889
661494911
661494888
661494910
661494886
661494908
661494885
661494906
661494883
661494905
661494881
661494903
661494880
661494902
661494878
661494900
661494877
661494898
661494875
661494897
661494873
661494895
661494872
661494893
661494870
661494892
661494868
661494890
661494867
661494889
661494865
661494887
661494863
661494885
661494862
661494883
661494860
661494882
661494859
661494880
661494857
661494879
661494855
661494877
661494854
661494875
661494852
661494874
661494851
661494872
661494849
661494870
661494847
661494869
661494846
661494867
661494844
661494866
661494842
661494864
661494841
661494863
661494839
661494861
661494837
661494859
661494836
661494858
661494834
661494856
661494833
661494854
661494831
661494853
661494829
661494851
661494828
661494850
661494826
661494848
661494825
661494846
661494823
661494845
661494821
661494843
661494820
661494842
661494818
661494840
661494816
661494839
661494815
661494837
661494813
661494835
661494812
661494834
661494810
661494832
661494809
661494831
661494807
661494829
661494805
661494827
661494804
661494826
661494802
661494824
661494800
661494823
661494799
661494821
661494797
661494819
661494796
661494818
661494794
661494816
661494793
661494815
661494791
661494813
661494789
661494811
661494788
661494810
661494786
661494808
661494785
661494807
661494783
661494805
661494782
661494803
661494780
661494802
661494778
661494800
661494777
661494799
661494775
661494797
661494773
661494796
661494772
661494794
661494770
661494793
661494769
661494791
661494767
661494789
661494766
661494788
661494764
661494786
661494763
661494785
661494761
661494783
661494759
661494781
661494758
661494780
661494756
661494778
661494755
661494777
661494753
661494775
661494751
661494774
661494750
661494772
661494748
661494771
661494747
661494769
661494745
661494768
661494744
661494766
661494742
661494764
661494741
661494763
661494739
661494761
661494737
661494760
661494736
661494758
661494734
661494757
661494733
661494755
661494731
661494753
661494729
661494752
661494728
661494750
661494726
661494749
661494725
661494747
661494723
661494746
661494722
661494744
661494720
661494742
661494719
661494741
661494717
661494739
661494716
661494738
661494714
661494736
661494713
661494735
661494711
661494733
661494709
661494732
661494708
661494730
661494706
661494729
661494705
661494727
661494703
661494726
661494702
661494724
661494700
661494723
661494699
661494721
661494697
661494719
661494696
661494718
661494694
661494716
661494692
661494715
661494691
661494713
661494689
661494712
661494688
661494711
661494686
661494709
661494685
661494708
661494683
661494706
661494682
661494704
661494680
661494703
661494679
661494701
661494677
661494700
661494676
661494698
661494674
661494697
661494672
661494695
661494671
661494693
661494669
661494692
661494668
661494690
661494666
661494689
661494665
661494688
661494663
661494686
661494662
661494684
661494660
661494683
661494659
661494681
661494657
661494680
661494656
661494678
661494654
661494677
661494653
661494675
661494651
661494674
661494650
661494672
661494648
661494671
661494647
661494669
661494645
661494668
661494644
661494667
661494642
661494665
661494640
661494664
661494639
661494662
661494638
661494660
661494636
661494659
661494635
661494657
661494633
661494656
661494632
661494654
661494630
661494653
661494629
661494651
661494627
661494650
661494626
661494648
661494624
661494647
661494623
661494645
661494621
661494644
661494619
661494643
661494618
661494641
661494616
661494640
661494615
661494638
661494614
661494637
661494612
661494635
661494611
661494634
661494609
661494632
661494608
661494631
661494606
661494629
661494605
661494627
661494603
661494626
661494602
661494624
661494600
661494623
661494599
661494622
661494597
661494620
661494596
661494619
661494594
661494617
661494593
661494616
661494591
661494614
661494590
661494613
661494588
661494611
661494587
661494610
661494585
661494608
661494584
661494607
661494582
661494605
661494581
661494604
661494579
661494602
661494578
661494601
661494576
661494600
661494575
661494598
661494573
661494597
661494572
661494595
661494571
661494593
661494569
661494592
661494568
661494590
661494566
661494589
661494565
661494588
661494563
661494586
661494562
661494585
661494560
661494583
661494559
661494582
661494557
661494581
661494556
661494579
661494554
661494578
661494553
661494576
661494551
661494575
661494550
661494573
661494549
661494572
661494547
661494570
661494546
661494569
661494544
661494567
661494543
661494566
661494541
661494564
661494540
661494563
661494538
661494561
661494537
661494560
661494535
661494559
661494534
661494557
661494533
661494556
661494531
661494554
661494530
661494553
661494528
661494551
661494527
661494550
661494525
661494548
661494524
661494547
661494523
661494546
661494521
661494544
661494520
661494543
661494518
661494541
661494517
661494540
661494515
661494538
661494514
661494537
661494512
661494536
661494511
661494534
661494509
661494533
661494508
661494531
661494507
661494530
661494505
661494528
661494504
661494527
661494502
661494525
661494501
661494524
661494499
661494523
661494498
661494521
661494496
661494520
661494495
661494519
661494494
661494517
661494492
661494516
661494491
661494514
661494489
661494513
661494488
661494512
661494486
661494510
661494485
661494509
661494484
661494507
661494482
661494506
661494481
661494504
661494479
661494503
661494478
661494501
661494476
661494500
661494475
661494498
661494474
661494497
661494472
661494496
661494471
661494494
661494469
661494493
661494468
661494491
661494467
661494490
661494465
661494489
661494464
661494487
661494462
661494486
661494461
661494484
661494460
661494483
661494458
661494482
661494457
661494480
661494455
661494479
661494454
661494478
661494452
661494476
661494451
661494475
661494450
661494473
661494448
661494472
661494447
661494470
661494446
661494469
661494444
661494467
661494443
661494466
661494441
661494465
661494440
661494463
661494438
661494462
661494437
661494461
661494436
661494459
661494434
661494458
661494433
661494457
661494431
661494455
661494430
661494454
661494429
661494453
661494427
661494451
661494426
661494450
661494424
661494448
661494423
661494447
661494422
661494445
661494420
661494444
661494419
661494442
661494417
661494441
661494416
661494440
661494415
661494438
661494413
661494437
661494412
661494436
661494411
661494434
661494409
661494433
661494408
661494432
661494407
661494430
661494405
661494429
661494404
661494427
661494402
661494426
661494401
661494425
661494400
661494423
661494398
661494422
661494397
661494421
661494395
661494419
661494394
661494418
661494393
661494417
661494391
661494415
661494390
661494414
661494389
661494412
661494387
661494411
661494386
661494409
661494385
661494408
661494383
661494407
661494382
661494405
661494380
661494404
661494379
661494403
661494378
661494401
661494376
661494400
661494375
661494399
661494373
661494398
661494372
661494396
661494371
661494395
661494369
661494394
661494368
661494392
661494367
661494391
661494365
661494389
661494364
661494388
661494363
661494386
661494361
661494385
661494360
661494384
661494358
661494382
661494357
661494381
661494356
661494380
661494355
661494380
661494355
661494379
661494354
661494378
661494353
661494377
661494352
661494376
661494351
661494375
661494350
661494374
661494349
661494373
661494348
661494372
661494347
661494371
661494346
661494370
661494345
661494369
661494344
661494368
661494343
661494367
661494342
661494366
661494341
661494365
661494340
661494364
661494339
661494363
661494338
661494362
661494338
661494361
661494337
661494360
661494336
661494359
661494335
661494359
661494334
661494358
661494333
661494357
661494332
661494356
661494331
661494355
661494330
661494354
661494329
661494354
661494328
661494353
661494327
661494352
661494326
661494351
661494325
661494350
661494324
661494349
661494323
661494348
661494322
661494347
661494321
661494346
661494320
661494345
661494320
661494344
661494319
661494343
661494318
661494342
661494317
661494341
661494316
661494340
661494315
661494339
661494314
661494338
661494313
661494337
661494312
661494337
661494311
661494336
661494311
661494335
661494310
661494334
661494309
661494333
661494308
661494332
661494307
661494331
661494306
661494330
661494305
661494329
661494304
661494328
661494303
661494327
661494302
661494327
661494301
661494325
661494300
661494324
661494299
661494323
661494298
661494322
661494297
661494322
661494297
661494321
661494296
661494320
661494295
661494319
661494294
661494318
661494293
661494317
661494292
661494316
661494291
661494315
661494290
661494315
661494289
661494314
661494288
661494313
661494287
661494312
661494286
661494311
661494285
661494310
661494284
661494309
661494284
661494308
661494283
661494307
661494282
661494306
661494281
661494305
661494280
661494304
661494279
661494303
661494278
661494303
661494277
661494302
661494276
661494301
661494275
661494300
661494274
661494299
661494273
661494298
661494273
661494297
661494272
661494296
661494271
661494295
661494270
661494295
661494269
661494294
661494268
661494293
661494267
661494292
661494266
661494291
661494265
661494290
661494264
661494289
661494263
661494288
661494263
661494287
661494262
661494286
661494261
661494285
661494260
661494284
661494259
661494283
661494258
661494282
661494257
661494282
661494256
661494281
661494256
661494280
661494255
661494279
661494254
661494278
661494253
661494277
661494252
661494277
661494251
661494276
661494250
661494275
661494249
661494274
661494248
661494273
661494247
661494273
661494246
661494272
661494245
661494271
661494244
661494270
661494244
661494269
661494243
661494268
661494242
661494267
661494241
661494266
661494240
661494265
661494239
661494264
661494238
661494263
661494237
661494262
661494236
661494261
661494236
661494261
661494235
661494260
661494234
661494259
661494233
661494258
661494232
661494257
661494231
661494256
661494230
661494255
661494229
661494254
661494229
661494254
661494228
661494253
661494227
661494252
661494226
661494251
661494225
661494250
661494224
661494249
661494223
661494248
661494222
661494247
661494221
661494246
661494221
661494245
661494220
661494244
661494219
661494243
661494218
661494242
661494217
661494242
661494216
661494241
661494215
661494240
661494214
661494239
661494213
661494239
661494212
661494238
661494212
661494237
661494211
661494236
661494210
661494235
661494209
661494234
661494208
661494234
661494207
661494233
661494206
661494232
661494205
661494231
661494205
661494230
661494204
661494229
661494203
661494228
661494202
661494227
661494201
661494226
661494200
661494225
661494199
661494225
661494198
661494224
661494198
661494223
661494197
661494222
661494196
661494221
661494195
661494220
661494194
661494220
661494193
661494219
661494192
661494218
661494192
661494217
661494191
661494216
661494190
661494215
661494189
661494214
661494188
661494214
661494187
661494213
661494186
661494212
661494185
661494211
661494185
661494210
661494184
661494209
661494183
661494208
661494182
661494207
661494181
661494206
661494180
661494205
661494179
661494204
661494179
661494204
661494178
661494203
661494177
661494202
661494176
661494201
661494175
661494201
661494174
661494200
661494173
661494199
661494172
661494198
661494171
661494197
661494171
661494196
661494170
661494195
661494169
661494195
661494168
661494194
661494167
661494193
661494166
661494192
661494165
661494191
661494165
661494190
661494164
661494189
661494163
661494189
661494162
661494188
661494161
661494187
661494160
661494186
661494160
661494185
661494159
661494184
661494158
661494183
661494157
661494183
661494156
661494182
661494155
661494181
661494154
661494180
661494154
661494179
661494153
661494178
661494152
661494178
661494151
661494177
661494150
661494176
661494149
661494175
661494148
661494174
661494148
661494173
661494147
661494172
661494146
661494171
661494145
661494170
661494144
661494170
661494144
661494169
661494143
661494168
661494142
661494167
661494141
661494166
661494140
661494166
661494139
661494165
661494138
661494164
661494137
661494164
661494137
661494163
661494136
661494162
661494135
661494161
661494134
661494160
661494133
661494159
661494132
661494158
661494132
661494157
661494131
661494156
661494130
661494156
661494129
661494155
661494128
661494154
661494127
661494153
661494126
661494152
661494126
661494152
661494125
661494151
661494124
661494150
661494123
661494149
661494122
661494148
661494122
661494148
661494121
661494147
661494120
661494146
661494119
661494145
661494118
661494144
661494117
661494143
661494116
661494143
661494116
661494142
661494115
661494141
661494114
661494140
661494113
661494139
661494112
661494138
661494112
661494137
661494111
661494137
661494110
661494136
661494109
661494135
661494108
661494134
661494108
661494133
661494107
661494132
661494106
661494131
661494105
661494131
661494104
661494130
661494103
661494129
661494102
661494129
661494101
661494128
661494101
661494127
661494100
661494126
661494099
661494125
661494098
661494125
661494097
661494124
661494097
661494123
661494096
661494122
661494095
661494121
661494094
661494120
661494093
661494119
661494092
661494119
661494092
661494118
661494091
661494117
661494090
661494116
661494089
661494115
661494088
661494115
661494088
661494114
661494087
661494113
661494086
661494112
661494085
661494111
661494084
661494111
661494083
661494110
661494083
661494109
661494082
661494108
661494081
661494107
661494080
661494107
661494079
661494106
661494078
661494105
661494078
661494104
661494077
661494103
661494076
661494102
661494075
661494101
661494075
661494101
661494074
661494100
661494073
661494099
661494072
661494098
661494071
661494097
661494070
661494096
661494070
661494096
661494069
661494095
661494068
661494095
661494067
661494094
661494066
661494093
661494065
661494092
661494065
661494091
661494064
661494090
661494063
661494090
661494062
661494089
661494061
661494088
661494061
661494087
661494060
661494086
661494059
661494085
661494058
661494085
661494057
661494084
661494057
661494083
661494056
661494083
661494055
661494082
661494054
661494081
661494053
661494080
661494053
661494079
661494052
661494078
661494051
661494078
661494050
661494077
661494049
661494076
661494049
661494075
661494048
661494074
661494047
661494074
661494046
661494073
661494045
661494072
661494045
661494071
661494044
661494070
661494043
661494070
661494042
661494069
661494041
661494068
661494041
661494067
661494040
661494066
661494039
661494065
661494038
661494065
661494038
661494064
661494037
661494063
661494036
661494062
661494035
661494062
661494034
661494061
661494033
661494060
661494033
661494060
661494032
661494059
661494031
661494058
661494030
661494057
661494029
661494056
661494029
661494055
661494028
661494054
661494027
661494054
661494026
661494053
661494026
661494052
661494025
661494051
661494024
661494051
661494023
661494050
661494022
661494049
661494022
661494048
661494021
661494048
661494020
661494047
661494019
661494046
661494018
661494046
661494018
661494045
661494017
661494044
661494016
661494043
661494015
661494042
661494015
661494041
661494014
661494041
661494013
661494040
661494012
661494039
661494011
661494038
661494011
661494037
661494010
661494037
661494009
661494036
661494008
661494035
661494008
661494034
661494007
661494033
661494006
661494033
661494005
661494032
661494005
661494031
661494004
661494030
661494003
661494030
661494002
661494029
661494001
661494028
661494000
661494027
661494000
661494027
661493999
661494026
661493998
661494025
661493997
661494024
661493997
661494024
661493996
661494023
661493995
661494022
661493994
661494021
661493994
661494020
661493993
661494019
661493992
661494019
661493991
661494018
661493990
661494017
661493990
661494017
661493989
661494016
661493988
661494015
661493987
661494014
661493987
661494014
661493986
661494013
661493985
661494012
661493984
661494012
661493984
661494011
661493983
661494010
661493982
661494009
661493981
661494008
661493980
661494007
661493980
661494007
661493979
661494006
661493978
661494005
661493977
661494004
661493977
661494004
661493976
661494003
661493975
661494002
661493974
661494001
661493974
661494000
661493973
661494000
661493972
661493999
661493971
661493998
661493971
661493997
661493970
661493997
661493969
661493996
661493968
661493995
661493967
661493995
661493967
661493994
661493966
661493993
661493965
661493992
661493964
661493992
661493964
661493991
661493963
661493990
661493962
661493989
661493961
661493988
661493961
661493988
661493960
661493987
661493959
661493986
661493958
661493985
661493958
661493985
661493957
661493984
661493956
661493984
661493955
661493983
661493954
661493982
661493954
661493981
661493953
661493980
661493952
661493980
661493952
661493979
661493951
661493978
661493950
661493977
661493949
661493977
661493949
661493976
661493948
661493975
661493947
661493974
661493946
661493973
661493946
661493973
661493945
661493972
661493944
661493971
661493943
661493971
661493943
661493970
661493942
661493969
661493941
661493968
661493940
661493967
661493940
661493967
661493939
661493966
661493938
661493965
661493937
661493965
661493937
661493964
661493936
661493963
661493935
661493962
661493934
661493962
661493934
661493961
661493933
661493960
661493932
661493960
661493931
661493959
661493931
661493958
661493930
661493957
661493929
661493956
661493929
661493955
661493928
661493955
661493927
661493954
661493926
661493954
661493925
661493953
661493925
661493952
661493924
661493952
661493923
661493951
661493922
661493950
661493922
661493950
661493921
661493949
661493920
661493948
661493920
661493947
661493919
661493946
661493918
661493945
661493917
661493945
661493917
661493944
661493916
661493943
661493915
661493942
661493914
661493942
661493914
661493941
661493913
661493940
661493912
661493940
661493912
661493939
661493911
661493938
661493910
661493937
661493909
661493937
661493909
661493936
661493908
661493935
661493907
661493934
661493907
661493934
661493906
661493933
661493905
661493932
661493904
661493932
661493903
661493931
661493903
661493930
661493902
661493930
661493901
661493929
661493901
661493928
661493900
661493927
661493899
661493926
661493898
661493926
661493898
661493925
661493897
661493924
661493896
661493923
661493896
661493923
661493895
661493922
661493894
661493922
661493893
661493921
661493893
661493920
661493892
661493920
661493891
661493919
661493890
661493918
661493890
661493918
661493889
661493917
661493888
661493916
661493888
661493915
661493887
661493914
661493886
661493914
661493885
661493913
661493885
661493912
661493884
661493911
661493883
661493911
661493882
661493910
661493882
661493909
661493881
661493909
661493880
661493908
661493880
661493907
661493879
661493907
661493878
661493906
661493878
661493905
661493877
661493904
661493876
661493904
661493875
661493903
661493875
661493902
661493874
661493902
661493873
661493901
661493872
661493900
661493872
661493900
661493871
661493899
661493870
661493898
661493870
661493897
661493869
661493896
661493868
661493896
661493868
661493895
661493867
661493894
661493866
661493893
661493865
661493893
661493865
661493892
661493864
661493892
661493863
661493891
661493863
661493890
661493862
661493890
661493861
661493889
661493860
661493889
661493860
661493888
661493859
661493887
661493858
661493886
661493858
661493886
661493857
661493885
661493856
661493884
661493855
661493883
661493855
661493882
661493854
661493882
661493853
661493881
661493853
661493880
661493852
661493880
661493851
661493879
661493851
661493878
661493850
661493878
661493849
661493877
661493849
661493876
661493848
661493875
661493847
661493875
661493847
661493874
661493846
661493874
661493845
661493873
661493844
661493872
661493844
661493871
661493843
661493871
661493842
661493870
661493841
661493869
661493841
661493869
661493840
661493868
661493839
661493867
661493839
661493866
661493838
661493866
661493837
661493865
661493837
661493864
661493836
661493863
661493835
661493863
661493835
661493862
661493834
661493862
661493833
661493861
661493832
661493861
661493832
661493860
661493831
661493859
661493830
661493859
661493830
661493858
661493829
661493857
661493828
661493857
661493828
661493856
661493827
661493855
661493826
661493854
661493826
661493853
661493825
661493853
661493824
661493852
661493823
661493851
661493823
661493851
661493822
661493850
661493821
661493849
661493821
661493849
661493820
661493848
661493820
661493847
661493819
661493847
661493818
661493846
661493817
661493845
661493817
661493845
661493816
661493844
661493815
661493843
661493815
661493843
661493814
661493842
661493813
661493841
661493812
661493841
661493812
661493840
661493811
661493839
661493811
661493838
661493810
661493838
661493809
661493837
661493809
661493836
661493808
661493835
661493807
661493835
661493807
661493834
661493806
661493833
661493805
661493833
661493805
661493832
661493804
661493832
661493803
661493831
661493802
661493831
661493802
661493830
661493801
661493830
661493800
661493829
661493800
661493828
661493799
661493827
661493798
661493827
661493798
661493826
661493797
661493825
661493796
661493824
661493796
661493824
661493795
661493823
661493794
661493822
661493794
661493822
661493793
661493821
661493792
661493820
661493792
661493820
661493791
661493819
661493790
661493818
661493790
661493818
661493789
661493817
661493788
661493817
661493788
661493816
661493787
661493815
661493786
661493814
661493786
661493814
661493785
661493813
661493784
661493813
661493784
661493812
661493783
661493811
661493782
661493810
661493782
661493810
661493781
661493809
661493780
661493808
661493780
661493807
661493779
661493807
661493778
661493806
661493778
661493805
661493777
661493805
661493776
661493804
661493776
661493804
661493775
661493803
661493774
661493803
661493774
661493802
661493773
661493802
661493772
661493801
661493772
661493800
661493771
661493800
661493770
661493799
661493770
661493798
661493769
661493797
661493768
661493797
661493768
661493796
661493767
661493795
661493766
661493795
661493766
661493794
661493765
661493793
661493764
661493793
661493764
661493792
661493763
661493791
661493762
661493791
661493762
661493790
661493761
661493790
661493761
661493789
661493760
661493788
661493759
661493788
661493759
661493787
661493758
661493786
661493757
661493786
661493756
661493785
661493756
661493784
661493755
661493784
661493755
661493783
661493754
661493782
661493753
661493782
661493753
661493781
661493752
661493780
661493751
661493779
661493751
661493779
661493750
661493778
661493750
661493777
661493749
661493777
661493748
661493776
661493747
661493776
661493747
661493775
661493746
661493775
661493745
661493774
661493745
661493774
661493744
661493773
661493743
661493773
661493743
661493772
661493742
661493771
661493742
661493770
661493741
661493770
661493740
661493769
661493740
661493768
661493739
661493767
661493738
661493767
661493738
661493766
661493737
661493766
661493736
661493765
661493736
661493764
661493735
661493764
661493735
661493763
661493734
661493763
661493733
661493762
661493733
661493761
661493732
661493761
661493731
661493760
661493731
661493759
661493730
661493759
661493729
661493758
661493729
661493758
661493728
661493757
661493727
661493756
661493727
661493755
661493726
661493755
661493726
661493754
661493725
661493753
661493724
661493753
661493724
661493752
661493723
661493751
661493722
661493751
661493722
661493750
661493721
661493749
661493721
661493749
661493720
661493749
661493719
661493748
661493718
661493748
661493718
661493747
661493717
661493746
661493717
661493746
661493716
661493745
661493715
661493745
661493715
661493744
661493714
661493743
661493713
661493742
661493713
661493742
661493712
661493741
661493712
661493740
661493711
661493740
661493710
661493739
661493710
661493738
661493709
661493738
661493708
661493737
661493708
661493737
661493707
661493736
661493707
661493735
661493706
661493735
661493705
661493734
661493705
661493734
661493704
661493733
661493703
661493732
661493703
661493732
661493702
661493731
661493701
661493731
661493701
661493730
661493700
661493729
661493699
661493729
661493699
661493728
661493698
661493727
661493698
661493726
661493697
661493726
661493697
661493725
661493696
661493724
661493695
661493724
661493695
661493723
661493694
661493723
661493693
661493722
661493693
661493722
661493692
661493721
661493691
661493721
661493691
661493720
661493690
661493720
661493690
661493719
661493689
661493718
661493688
661493718
661493688
661493717
661493687
661493716
661493687
661493716
661493686
661493715
661493685
661493715
661493685
661493715
661493685
661493715
661493685
661493715
661493685
661493715
661493685
661493715
661493685
661493715
661493685
661493715
661493685
661493715
661493685
661493715
661493686
661493715
661493686
661493715
661493686
661493715
661493685
661493715
661493685
661493715
661493685
661493715
661493685
661493715
661493685
661493715
661493685
661493715
661493685
661493715
661493685
661493715
661493685
661493715
661493685
661493715
661493685
661493714
661493685
661493714
661493685
661493714
661493685
661493714
661493685
661493714
661493685
661493714
661493685
661493714
661493685
661493715
661493685
661493715
661493685
661493715
661493685
661493715
661493685
661493715
661493685
661493715
661493685
661493715
661493685
661493715
661493685
661493715
661493685
661493715
661493685
661493715
661493685
661493714
661493685
661493714
661493685
661493714
661493685
661493714
661493685
661493714
661493685
661493714
661493685
661493714
661493685
661493715
661493685
661493715
661493685
661493715
661493685
661493715
661493685
661493715
661493685
661493715
661493685
661493714
661493685
661493714
661493685
661493714
661493685
661493714
661493685
661493715
661493685
661493715
661493685
661493715
661493685
661493714
661493685
661493714
661493685
661493714
661493685
661493714
661493685
661493714
661493685
661493714
661493685
661493714
661493685
661493714
661493685
661493714
661493685
661493714
661493685
661493714
661493685
661493714
661493685
661493714
661493684
661493714
661493684
661493714
661493684
661493714
661493684
661493714
661493684
661493714
661493684
661493715
661493684
661493715
661493684
661493714
661493684
661493714
661493684
661493714
661493684
661493714
661493684
661493714
661493684
661493714
661493684
661493714
661493684
661493714
661493684
661493714
661493684
661493714
661493684
661493714
661493684
661493714
661493684
661493714
661493684
661493714
661493684
661493714
661493684
661493714
661493684
661493714
661493684
661493714
661493684
661493714
661493684
661493714
661493684
661493714
661493684
661493714
661493684
661493714
661493684
661493714
661493684
661493714
661493684
661493714
661493684
661493714
661493684
661493714
661493684
661493714
661493684
661493714
661493684
661493713
661493684
661493713
661493684
661493713
661493684
661493713
661493684
661493713
661493684
661493714
661493684
661493714
661493684
661493714
661493684
661493714
661493684
661493714
661493684
661493714
661493684
661493714
661493684
661493714
661493684
661493714
661493684
661493714
661493684
661493714
661493684
661493714
661493683
661493713
661493683
661493713
661493683
661493713
661493683
661493713
661493683
661493714
661493683
661493714
661493683
661493714
661493683
661493714
661493683
661493714
661493683
661493714
661493683
661493714
661493683
661493714
661493683
661493714
661493683
661493714
661493683
661493714
661493683
661493713
661493683
661493713
661493683
661493713
661493683
661493713
661493683
661493713
661493683
661493714
661493683
661493713
661493683
661493713
661493683
661493713
661493683
661493713
661493683
661493713
661493683
661493713
661493683
661493713
661493683
661493713
661493683
661493713
661493683
661493713
661493683
661493713
661493683
661493713
661493683
661493713
661493683
661493713
661493683
661493714
661493683
661493714
661493683
661493714
661493683
661493713
661493683
661493713
661493683
661493713
661493683
661493713
661493683
661493713
661493683
661493713
661493683
661493713
661493683
661493713
661493683
661493713
661493683
661493713
661493683
661493713
661493683
661493713
661493683
661493713
661493683
661493713
661493683
661493713
661493683
661493713
661493683
661493713
661493683
661493713
661493683
661493713
661493683
661493713
661493683
661493713
661493682
661493713
661493682
661493713
661493682
661493713
661493682
661493713
661493682
661493713
661493682
661493713
661493682
661493713
661493682
661493713
661493682
661493713
661493683
661493712
661493683
661493712
661493683
661493712
661493683
661493712
661493682
661493712
661493682
661493713
661493682
661493713
661493682
661493713
661493682
661493713
661493682
661493713
661493682
661493713
661493682
661493713
661493682
661493713
661493682
661493713
661493682
661493713
661493682
661493712
661493682
661493712
661493682
661493712
661493682
661493712
661493682
661493712
661493682
661493712
661493682
661493713
661493682
661493713
661493682
661493713
661493682
661493713
661493682
661493713
661493682
661493713
661493682
661493713
661493682
661493713
661493682
661493713
661493682
661493712
661493682
661493712
661493682
661493712
661493682
661493712
661493682
661493712
661493682
661493712
661493682
661493712
661493682
661493712
661493682
661493712
661493682
661493712
661493682
661493712
661493682
661493712
661493682
661493712
661493682
661493712
661493682
661493712
661493682
661493712
661493682
661493712
661493682
661493712
661493682
661493712
661493682
661493712
661493682
661493712
661493681
661493712
661493681
661493712
661493681
661493712
661493681
661493712
661493681
661493712
661493681
661493712
661493681
661493712
661493681
661493712
661493681
661493712
661493681
661493712
661493681
661493711
661493681
661493712
661493681
661493712
661493681
661493712
661493681
661493712
661493681
661493712
661493681
661493712
661493681
661493712
661493681
661493712
661493681
661493712
661493681
661493712
661493681
661493712
661493681
661493712
661493681
661493712
661493681
661493712
661493681
661493711
661493681
661493711
661493681
661493711
661493681
661493711
661493681
661493712
661493681
661493712
661493681
661493712
661493681
661493711
661493681
661493711
661493681
661493711
661493681
661493711
661493681
661493711
661493681
661493711
661493681
661493711
661493681
661493711
661493681
661493711
661493681
661493711
661493681
661493711
661493681
661493712
661493681
661493712
661493681
661493712
661493681
661493712
661493681
661493711
661493681
661493711
661493681
661493711
661493681
661493711
661493681
661493711
661493681
661493711
661493681
661493711
661493681
661493711
661493681
661493711
661493681
661493711
661493681
661493711
661493680
661493712
661493680
661493712
661493680
661493712
661493680
661493712
661493680
661493711
661493680
661493711
661493680
661493711
661493680
661493711
661493680
661493711
661493680
661493711
661493680
661493711
661493680
661493711
661493680
661493711
661493680
661493711
661493680
661493711
661493680
661493711
661493680
661493711
661493680
661493711
661493680
661493711
661493680
661493711
661493680
661493711
661493680
661493711
661493680
661493711
661493680
661493711
661493680
661493711
661493680
661493711
661493680
661493711
661493680
661493711
661493680
661493711
661493680
661493711
661493680
661493711
661493680
661493711
661493680
661493711
661493680
661493711
661493680
661493710
661493680
661493710
661493680
661493710
661493680
661493710
661493680
661493710
661493680
661493710
661493680
661493711
661493680
661493711
661493680
661493711
661493680
661493711
661493680
661493711
661493680
661493711
661493680
661493711
661493680
661493711
661493680
661493711
661493680
661493711
661493680
661493710
661493680
661493710
661493680
661493710
661493680
661493710
661493680
661493710
661493680
661493710
661493680
661493710
661493680
661493710
661493680
661493710
661493680
661493710
661493680
661493710
661493680
661493710
661493680
661493710
661493680
661493710
661493680
661493710
661493680
661493710
661493680
661493710
661493680
661493710
661493679
661493710
661493679
661493710
661493679
661493710
661493679
661493710
661493679
661493710
661493679
661493710
661493679
661493710
661493679
661493710
661493679
661493710
661493679
661493710
661493679
661493710
661493679
661493710
661493679
661493709
661493679
661493709
661493679
661493710
661493679
661493710
661493679
661493710
661493679
661493710
661493679
661493710
661493679
661493710
661493679
661493710
661493679
661493710
661493679
661493710
661493679
661493710
661493679
661493710
661493679
661493710
661493679
661493710
661493679
661493710
661493679
661493709
661493679
661493709
661493679
661493709
661493679
661493710
661493679
661493710
661493679
661493710
661493679
661493710
661493679
661493709
661493679
661493709
661493679
661493709
661493679
661493710
661493679
661493710
661493679
661493710
661493679
661493710
661493679
661493710
661493679
661493710
661493679
661493710
661493679
661493710
661493679
661493710
661493679
661493710
661493679
661493709
661493679
661493709
661493679
661493709
661493679
661493709
661493679
661493709
661493679
661493709
661493679
661493709
661493679
661493709
661493679
661493709
661493679
661493709
661493679
661493709
661493678
661493709
661493678
661493710
661493678
661493710
661493678
661493710
661493678
661493710
661493678
661493710
661493678
661493710
661493678
661493709
661493678
661493709
661493678
661493709
661493678
661493709
661493678
661493709
661493678
661493709
661493678
661493709
661493678
661493709
661493678
661493709
661493678
661493709
661493678
661493709
661493678
661493709
661493678
661493709
661493678
661493709
661493678
661493709
661493678
661493709
661493678
661493709
661493678
661493709
661493678
661493709
661493678
661493709
661493678
661493709
661493678
661493709
661493678
661493709
661493678
661493709
661493678
661493709
661493678
661493709
661493678
661493709
661493678
661493709
661493678
661493708
661493678
661493708
661493678
661493708
661493678
661493708
661493678
661493708
661493678
661493708
661493678
661493709
661493678
661493709
661493678
661493709
661493678
661493709
661493678
661493709
661493678
661493709
661493678
661493709
661493678
661493709
661493678
661493709
661493678
661493709
661493678
661493709
661493678
661493709
661493678
661493708
661493678
661493708
661493678
661493708
661493678
661493708
661493678
661493708
661493677
661493708
661493677
661493708
661493678
661493708
661493678
661493708
661493678
661493708
661493678
661493708
661493678
661493708
661493678
661493708
661493678
661493708
661493678
661493708
661493677
661493708
661493677
661493708
661493677
661493708
661493677
661493708
661493677
661493708
661493677
661493708
661493677
661493708
661493677
661493708
661493677
661493708
661493677
661493708
661493677
661493708
661493677
661493708
661493677
661493708
661493677
661493708
661493677
661493708
661493677
661493708
661493677
661493708
661493677
661493708
661493677
661493708
661493677
661493709
661493677
661493709
661493677
661493709
661493677
661493709
661493677
661493709
661493677
661493708
661493677
661493708
661493677
661493708
661493677
661493708
661493677
661493708
661493677
661493708
661493677
661493708
661493677
661493708
661493677
661493708
661493677
661493708
661493677
661493708
661493677
661493708
661493677
661493708
661493677
661493708
661493677
661493708
661493677
661493708
661493677
661493708
661493677
661493708
661493677
661493708
661493677
661493708
661493677
661493708
661493677
661493708
661493677
661493708
661493677
661493708
661493677
661493708
661493677
661493708
661493677
661493708
661493677
661493707
661493677
661493707
661493677
661493707
661493677
661493707
661493677
661493707
661493677
661493707
661493677
661493707
661493677
661493707
661493677
661493707
661493676
661493708
661493676
661493708
661493676
661493708
661493676
661493708
661493676
661493708
661493676
661493708
661493676
661493708
661493676
661493708
661493676
661493708
661493676
661493708
661493676
661493707
661493676
661493707
661493676
661493707
661493676
661493707
661493676
661493707
661493676
661493707
661493676
661493707
661493676
661493707
661493676
661493707
661493676
661493708
661493676
661493708
661493676
661493707
661493676
661493707
661493676
661493707
661493676
661493707
661493676
661493707
661493676
661493707
661493676
661493707
661493676
661493707
661493676
661493707
661493676
661493707
661493676
661493707
661493676
661493707
661493676
661493707
661493676
661493707
661493676
661493707
661493676
661493707
661493676
661493707
661493676
661493706
661493676
661493706
661493676
661493707
661493676
661493707
661493676
661493707
661493676
661493707
661493676
661493707
661493676
661493707
661493676
661493707
661493676
661493708
661493676
661493708
661493676
661493707
661493676
661493707
661493676
661493707
661493676
661493707
661493676
661493707
661493676
661493707
661493676
661493707
661493676
661493707
661493676
661493707
661493675
661493707
661493675
661493707
661493675
661493707
661493676
661493707
661493676
661493707
661493676
661493707
661493676
661493707
661493676
661493707
661493676
661493707
661493676
661493707
661493675
661493707
661493675
661493707
661493675
661493707
661493675
661493707
661493675
661493707
661493675
661493707
661493675
661493707
661493675
661493707
661493675
661493706
661493675
661493706
661493675
661493706
661493675
661493706
661493675
661493706
661493675
661493706
661493675
661493706
661493675
661493706
661493675
661493706
661493675
661493706
661493675
661493707
661493675
661493707
661493675
661493707
661493675
661493707
661493675
661493707
661493675
661493707
661493675
661493707
661493675
661493707
661493675
661493707
661493675
661493707
661493675
661493706
661493675
661493706
661493675
661493706
661493675
661493706
661493675
661493706
661493675
661493706
661493675
661493706
661493675
661493707
661493675
661493707
661493675
661493706
661493675
661493706
661493675
661493706
661493675
661493706
661493675
661493706
661493675
661493706
661493675
661493706
661493675
661493706
661493675
661493706
661493675
661493706
661493675
661493706
661493675
661493706
661493675
661493706
661493675
661493706
661493675
661493706
661493675
661493706
661493675
661493706
661493675
661493705
661493675
661493705
661493675
661493705
661493675
661493706
661493675
661493706
661493675
661493706
661493674
661493706
661493674
661493706
661493674
661493706
661493674
661493706
661493674
661493707
661493674
661493707
661493674
661493707
661493674
661493706
661493674
661493706
661493674
661493706
661493674
661493706
661493674
661493706
661493674
661493706
661493674
661493706
661493674
661493706
661493674
661493706
661493674
661493706
661493674
661493706
661493674
661493706
661493674
661493706
661493674
661493706
661493674
661493706
661493674
661493706
661493674
661493706
661493674
661493706
661493674
661493706
661493674
661493706
661493674
661493706
661493674
661493706
661493674
661493706
661493674
661493706
661493674
661493706
661493674
661493706
661493674
661493705
661493674
661493705
661493674
661493705
661493674
661493705
661493674
661493705
661493674
661493705
661493674
661493705
661493674
661493705
661493674
661493705
661493674
661493705
661493674
661493706
661493674
661493706
661493674
661493706
661493674
661493706
661493674
661493706
661493674
661493706
661493674
661493706
661493674
661493706
661493674
661493706
661493674
661493705
661493674
661493705
661493674
661493705
661493674
661493705
661493674
661493705
661493673
661493705
661493673
661493705
661493673
661493705
661493673
661493705
661493673
661493705
661493673
661493705
661493673
661493705
661493673
661493706
661493673
661493706
661493673
661493705
661493673
661493705
661493673
661493705
661493673
661493705
661493673
661493705
661493673
661493705
661493673
661493705
661493673
661493705
661493673
661493705
661493673
661493705
661493673
661493705
661493673
661493705
661493673
661493705
661493673
661493705
661493673
661493705
661493673
661493705
661493673
661493704
661493673
661493704
661493673
661493704
661493673
661493704
661493673
661493705
661493673
661493705
661493673
661493705
661493673
661493705
661493673
661493705
661493673
661493705
661493673
661493705
661493673
661493705
661493673
661493705
661493673
661493705
661493673
661493705
661493673
661493704
661493673
661493704
661493673
661493704
661493673
661493704
661493673
661493705
661493673
661493705
661493673
661493705
661493673
661493705
661493673
661493705
661493673
661493705
661493673
661493705
661493673
661493705
661493673
661493705
661493673
661493705
661493673
661493705
661493673
661493704
661493673
661493704
661493673
661493704
661493672
661493704
661493672
661493704
661493672
661493705
661493672
661493704
661493672
661493704
661493672
661493704
661493672
661493704
661493673
661493704
661493673
661493704
661493673
661493704
661493673
661493704
661493672
661493704
661493672
661493704
661493672
661493704
661493672
661493704
661493672
661493704
661493672
661493704
661493672
661493705
661493672
661493705
661493672
661493705
661493672
661493704
661493672
661493704
661493672
661493704
661493672
661493704
661493672
661493704
661493672
661493704
661493672
661493704
661493672
661493704
661493672
661493704
661493672
661493704
661493672
661493704
661493672
661493704
661493672
661493704
661493672
661493704
661493672
661493704
661493672
661493704
661493672
661493704
661493672
661493704
661493672
661493704
661493672
661493704
661493672
661493704
661493672
661493704
661493672
661493704
661493672
661493704
661493672
661493704
661493672
661493704
661493672
661493704
661493672
661493704
661493672
661493704
661493672
661493703
661493672
661493703
661493672
661493703
661493672
661493703
661493672
661493703
661493672
661493703
661493672
661493703
661493672
661493703
661493671
661493704
661493671
661493704
661493671
661493703
661493671
661493704
661493671
661493704
661493671
661493704
661493671
661493704
661493671
661493703
661493671
661493703
661493671
661493703
661493671
661493703
661493671
661493703
661493671
661493703
661493671
661493703
661493671
661493703
661493671
661493703
661493671
661493703
661493671
661493703
661493671
661493703
661493671
661493704
661493671
661493704
661493671
661493704
661493671
661493703
661493671
661493703
661493671
661493703
661493671
661493703
661493671
661493703
661493671
661493703
661493671
661493703
661493671
661493703
661493671
661493703
661493671
661493703
661493671
661493703
661493671
661493703
661493671
661493703
661493671
661493703
661493671
661493703
661493671
661493703
661493671
661493702
661493671
661493702
661493671
661493702
661493671
661493702
661493671
661493703
661493671
661493703
661493671
661493703
661493671
661493703
661493671
661493703
661493671
661493703
661493671
661493703
661493671
661493703
661493671
661493702
661493671
661493702
661493671
661493702
661493671
661493702
661493671
661493702
661493671
661493702
661493671
661493702
661493670
661493702
661493670
661493703
661493670
661493703
661493670
661493703
661493670
661493703
661493670
661493703
661493670
661493703
661493670
661493703
661493670
661493703
661493670
661493703
661493670
661493702
661493670
661493702
661493670
661493702
661493670
661493702
661493670
661493702
661493670
661493702
661493670
661493702
661493670
661493702
661493670
661493702
661493670
661493702
661493670
661493702
661493670
661493702
661493670
661493702
661493670
661493702
661493670
661493702
661493670
661493702
661493670
661493702
661493670
661493702
661493670
661493702
661493670
661493702
661493670
661493702
661493670
661493702
661493670
661493702
661493670
661493702
661493670
661493702
661493670
661493701
661493670
661493701
661493670
661493701
661493670
661493701
661493670
661493701
661493670
661493701
661493670
661493701
661493670
661493701
661493670
661493702
661493670
661493702
661493670
661493702
661493670
661493702
661493670
661493702
661493670
661493702
661493670
661493702
661493670
661493702
661493670
661493701
661493670
661493701
661493670
661493701
661493670
661493701
661493670
661493701
661493669
661493701
661493669
661493701
661493669
661493701
661493669
661493701
661493669
661493701
661493669
661493701
661493669
661493701
661493669
661493701
661493669
661493701
661493669
661493701
661493669
661493701
661493670
661493701
661493669
661493701
661493669
661493701
661493669
661493701
661493669
661493701
661493669
661493701
661493669
661493701
661493669
661493701
661493669
661493701
661493669
661493701
661493669
661493701
661493669
661493701
661493669
661493700
661493669
661493700
661493669
661493700
661493669
661493700
661493669
661493700
661493669
661493701
661493669
661493701
661493669
661493701
661493669
661493701
661493669
661493701
661493669
661493701
661493669
661493701
661493669
661493701
661493669
661493701
661493669
661493701
661493669
661493701
661493669
661493701
661493669
661493700
661493669
661493700
661493669
661493700
661493669
661493700
661493669
661493700
661493669
661493700
661493669
661493700
661493669
661493700
661493669
661493700
661493669
661493700
661493669
661493700
661493669
661493700
661493669
661493700
661493669
661493700
661493669
661493700
661493669
661493700
661493669
661493700
661493669
661493700
661493669
661493700
661493668
661493700
661493668
661493700
661493668
661493700
661493668
661493700
661493668
661493700
661493668
661493700
661493668
661493700
661493668
661493700
661493668
661493700
661493668
661493699
661493668
661493699
661493668
661493699
661493668
661493700
661493668
661493700
661493668
661493700
661493668
661493700
661493668
661493701
661493668
661493701
661493668
661493700
661493668
661493700
661493668
661493700
661493668
661493700
661493668
661493700
661493668
661493700
661493668
661493700
661493668
661493699
661493668
661493699
661493668
661493699
661493668
661493699
661493668
661493699
661493668
661493700
661493668
661493700
661493668
661493699
661493668
661493699
661493668
661493699
661493668
661493699
661493668
661493699
661493668
661493699
661493668
661493699
661493668
661493699
661493668
661493699
661493668
661493699
661493668
661493699
661493668
661493699
661493668
661493699
661493668
661493699
661493668
661493699
661493668
661493699
661493668
661493699
661493668
661493699
661493668
661493699
661493668
661493699
661493668
661493699
661493668
661493699
661493668
661493699
661493668
661493699
661493668
661493699
661493668
661493699
661493667
661493699
661493667
661493700
661493667
661493700
661493667
661493700
661493667
661493700
661493667
661493700
661493667
661493699
661493667
661493699
661493667
661493699
661493667
661493699
661493667
661493699
661493667
661493699
661493667
661493698
661493667
661493698
661493667
661493698
661493667
661493699
661493667
661493699
661493667
661493699
661493667
661493699
661493667
661493699
661493667
661493699
661493667
661493699
661493667
661493699
661493667
661493699
661493667
661493699
661493667
661493699
661493667
661493699
661493667
661493699
661493667
661493699
661493667
661493699
661493667
661493698
661493667
661493698
661493667
661493698
661493667
661493698
661493667
661493698
661493667
661493698
661493667
661493698
661493667
661493698
661493667
661493698
661493667
661493698
661493667
661493698
661493667
661493698
661493667
661493699
661493667
661493699
661493667
661493699
661493667
661493699
661493667
661493699
661493667
661493699
661493667
661493699
661493667
661493699
661493667
661493698
661493667
661493698
661493667
661493698
661493667
661493698
661493667
661493698
661493667
661493698
661493667
661493698
661493667
661493698
661493666
661493698
661493666
661493698
661493667
661493698
661493667
661493698
661493667
661493698
661493667
661493698
661493667
661493698
661493667
661493698
661493667
661493698
661493667
661493698
661493666
661493698
661493666
661493698
661493666
661493698
661493666
661493698
661493666
661493698
661493666
661493698
661493666
661493697
661493666
661493697
661493666
661493697
661493666
661493697
661493666
661493697
661493666
661493697
661493666
661493697
661493666
661493697
661493666
661493697
661493666
661493697
661493666
661493698
661493666
661493698
661493666
661493698
661493666
661493698
661493666
661493698
661493666
661493698
661493666
661493698
661493666
661493698
661493666
661493698
661493666
661493698
661493666
661493698
661493666
661493697
661493666
661493697
661493666
661493697
661493666
661493697
661493666
661493697
661493666
661493697
661493666
661493697
661493666
661493697
661493666
661493697
661493666
661493697
661493666
661493697
661493666
661493697
661493666
661493697
661493666
661493697
661493666
661493697
661493666
661493697
661493666
661493697
661493666
661493697
661493666
661493697
661493666
661493697
661493666
661493697
661493666
661493697
661493666
661493697
661493666
661493697
661493666
661493696
661493666
661493696
661493666
661493696
661493666
661493696
661493666
661493696
661493666
661493696
661493666
661493696
661493665
661493697
661493665
661493697
661493665
661493697
661493665
661493697
661493665
661493697
661493665
661493698
661493665
661493698
661493665
661493698
661493665
661493697
661493665
661493697
661493665
661493697
661493665
661493697
661493665
661493697
661493665
661493697
661493665
661493696
661493665
661493696
661493665
661493696
661493665
661493696
661493665
661493696
661493665
661493697
661493665
661493697
661493665
661493697
661493665
661493697
661493665
661493697
661493665
661493697
661493665
661493696
661493665
661493696
661493665
661493697
661493665
661493697
661493665
661493697
661493665
661493697
661493665
661493696
661493665
661493696
661493665
661493696
661493665
661493696
661493665
661493696
661493665
661493696
661493665
661493696
661493665
661493695
661493665
661493695
661493665
661493695
661493665
661493696
661493665
661493696
661493665
661493696
661493665
661493696
661493665
661493697
661493665
661493697
661493665
661493697
661493665
661493697
661493665
661493697
661493665
661493697
661493665
661493697
661493665
661493696
661493665
661493696
661493665
661493696
661493665
661493696
661493665
661493696
661493665
661493696
661493664
661493696
661493664
661493696
661493664
661493696
661493664
661493696
661493664
661493696
661493664
661493696
661493665
661493696
661493665
661493696
661493664
661493696
661493664
661493696
661493664
661493696
661493664
661493696
661493664
661493696
661493664
661493696
661493664
661493696
661493664
661493696
661493664
661493696
661493664
661493696
661493664
661493696
661493664
661493695
661493664
661493695
661493664
661493695
661493664
661493695
661493664
661493695
661493664
661493695
661493664
661493695
661493664
661493695
661493664
661493695
661493664
661493695
661493664
661493696
661493664
661493696
661493664
661493696
661493664
661493696
661493664
661493696
661493664
661493696
661493664
661493696
661493664
661493696
661493664
661493696
661493664
661493696
661493664
661493695
661493664
661493695
661493664
661493695
661493664
661493695
661493664
661493695
661493664
661493695
661493664
661493695
661493664
661493695
661493664
661493695
661493664
661493695
661493664
661493695
661493664
661493695
661493664
661493695
661493664
661493695
661493664
661493695
661493664
661493695
661493664
661493695
661493664
661493695
661493664
661493695
661493664
661493695
661493664
661493695
661493664
661493695
661493663
661493695
661493663
661493695
661493663
661493694
661493664
661493694
661493664
661493694
661493664
661493694
661493664
661493694
661493664
661493694
661493663
661493694
661493663
661493694
661493663
661493695
661493663
661493695
661493663
661493695
661493663
661493695
661493663
661493695
661493663
661493696
661493663
661493696
661493663
661493695
661493663
661493695
661493663
661493695
661493663
661493695
661493663
661493695
661493663
661493695
661493663
661493695
661493663
661493694
661493663
661493694
661493663
661493694
661493663
661493694
661493663
661493695
661493663
661493695
661493663
661493695
661493663
661493695
661493663
661493695
661493663
661493695
661493663
661493694
661493663
661493694
661493663
661493694
661493663
661493694
661493663
661493695
661493663
661493695
661493663
661493694
661493663
661493694
661493663
661493694
661493663
661493694
661493663
661493694
661493663
661493694
661493663
661493694
661493663
661493693
661493663
661493693
661493663
661493693
661493663
661493693
661493663
661493694
661493663
661493694
661493663
661493694
661493663
661493694
661493662
661493694
661493662
661493694
661493662
661493695
661493662
661493695
661493662
661493695
661493662
661493695
661493662
661493694
661493662
661493694
661493662
661493694
661493662
661493693
661493662
661493693
661493662
661493694
661493662
661493694
661493662
661493694
661493662
661493694
661493662
661493694
661493662
661493694
661493662
661493694
661493662
661493694
661493662
661493694
661493662
661493694
661493662
661493694
661493662
661493694
661493662
661493694
661493662
661493693
661493662
661493693
661493662
661493694
661493662
661493694
661493662
661493694
661493662
661493694
661493662
661493693
661493662
661493693
661493662
661493693
661493662
661493693
661493662
661493693
661493662
661493693
661493662
661493693
661493662
661493693
661493662
661493693
661493662
661493693
661493662
661493693
661493662
661493693
661493662
661493694
661493662
661493694
661493662
661493694
661493662
661493694
661493662
661493694
661493662
661493694
661493662
661493693
661493662
661493693
661493662
661493693
661493662
661493693
661493662
661493693
661493662
661493693
661493662
661493693
661493662
661493693
661493662
661493693
661493661
661493693
661493661
661493693
661493661
661493693
661493661
661493693
661493661
661493693
661493661
661493693
661493662
661493693
661493662
661493693
661493661
661493693
661493661
661493693
661493661
661493693
661493661
661493693
661493661
661493693
661493661
661493693
661493661
661493693
661493661
661493693
661493661
661493693
661493661
661493693
661493661
661493692
661493661
661493692
661493661
661493692
661493661
661493692
661493661
661493692
661493661
661493692
661493661
661493692
661493661
661493692
661493661
661493692
661493661
661493692
661493661
661493692
661493661
661493693
661493661
661493693
661493661
661493693
661493661
661493693
661493661
661493693
661493661
661493692
661493661
661493692
661493661
661493692
661493661
661493692
661493661
661493692
661493661
661493692
661493661
661493692
661493661
661493692
661493661
661493692
661493661
661493692
661493661
661493692
661493661
661493693
661493661
661493693
661493661
661493693
661493661
661493692
661493661
661493692
661493661
661493692
661493661
661493692
661493661
661493692
661493661
661493692
661493661
661493692
661493661
661493692
661493660
661493692
661493660
661493692
661493661
661493692
661493661
661493692
661493660
661493692
661493660
661493692
661493660
661493692
661493661
661493691
661493661
661493691
661493661
661493691
661493661
661493691
661493661
661493691
661493660
661493691
661493660
661493691
661493660
661493692
661493660
661493692
661493660
661493692
661493660
661493692
661493660
661493692
661493660
661493692
661493660
661493692
661493660
661493692
661493660
661493691
661493660
661493691
661493660
661493691
661493660
661493691
661493660
661493691
661493660
661493691
661493660
661493691
661493660
661493691
661493660
661493691
661493660
661493691
661493660
661493691
661493660
661493692
661493660
661493692
661493660
661493692
661493660
661493692
661493660
661493691
661493660
661493691
661493660
661493691
661493660
661493691
661493660
661493691
661493660
661493691
661493660
661493691
661493660
661493691
661493660
661493691
661493660
661493691
661493660
661493690
661493660
661493690
661493660
661493691
661493660
661493691
661493660
661493690
661493660
661493690
661493660
661493690
661493660
661493690
661493660
661493690
661493660
661493690
661493660
661493691
661493659
661493691
661493659
661493691
661493659
661493691
661493659
661493691
661493659
661493691
661493659
661493690
661493659
661493690
661493659
661493690
661493659
661493690
661493659
661493690
661493659
661493690
661493659
661493690
661493659
661493690
661493659
661493690
661493659
661493691
661493659
661493691
661493659
661493691
661493659
661493691
661493659
661493690
661493659
661493690
661493659
661493690
661493659
661493690
661493659
661493690
661493659
661493690
661493659
661493690
661493659
661493690
661493659
661493690
661493659
661493690
661493659
661493690
661493659
661493690
661493659
661493690
661493659
661493690
661493659
661493690
661493659
661493689
661493659
661493689
661493659
661493689
661493659
661493689
661493659
661493689
661493659
661493689
661493659
661493689
661493659
661493689
661493659
661493689
661493659
661493689
661493659
661493690
661493659
661493690
661493659
661493690
661493659
661493690
661493659
661493690
661493659
661493689
661493659
661493689
661493659
661493689
661493659
661493689
661493659
661493689
661493659
661493689
661493659
661493689
661493658
661493689
661493658
661493689
661493658
661493689
661493658
661493690
661493658
661493690
661493658
661493690
661493658
661493690
661493658
661493690
661493658
661493689
661493658
661493689
661493658
661493689
661493658
661493689
661493658
661493689
661493658
661493689
661493658
661493689
661493658
661493689
661493658
661493688
661493658
661493689
661493658
661493689
661493658
661493689
661493658
661493689
661493658
661493689
661493658
661493688
661493658
661493688
661493658
661493688
661493658
661493688
661493658
661493688
661493658
661493688
661493658
661493689
661493658
661493688
661493658
661493688
661493658
661493688
661493658
661493688
661493658
661493689
661493658
661493689
661493658
661493688
661493658
661493688
661493658
661493688
661493658
661493688
661493658
661493687
661493658
661493687
661493658
661493688
661493658
661493688
661493658
661493688
661493658
661493688
661493658
661493688
661493658
661493688
661493658
661493689
661493658
661493689
661493658
661493689
661493658
661493689
661493658
661493689
661493658
661493688
661493658
661493688
661493658
661493688
661493657
661493687
661493657
661493687
661493657
661493688
661493657
661493688
661493657
661493688
661493657
661493688
661493657
661493688
661493657
661493687
661493657
661493688
661493657
661493688
661493657
661493688
661493657
661493688
661493657
661493687
661493657
661493687
661493657
661493687
661493657
661493687
661493657
661493687
661493657
661493687
661493657
661493688
661493657
661493688
661493657
661493687
661493657
661493687
661493657
661493687
661493657
661493687
661493657
661493687
661493657
661493687
661493657
661493687
661493657
661493687
661493657
661493686
661493657
661493686
661493657
661493687
661493657
661493687
661493657
661493687
661493657
661493688
661493657
661493688
661493657
661493688
661493657
661493688
661493657
661493687
661493657
661493687
661493657
661493687
661493657
661493687
661493657
661493687
661493657
661493687
661493657
661493686
661493657
661493686
661493657
661493686
661493657
661493686
661493657
661493686
661493657
661493687
661493657
661493687
661493657
661493687
661493657
661493687
661493657
661493686
661493657
661493686
661493657
661493686
661493657
661493686
661493657
661493686
661493657
661493686
661493657
661493686
661493657
661493686
661493656
661493686
661493656
661493686
661493656
661493686
661493656
661493686
661493656
661493686
661493656
661493686
661493656
661493686
661493656
661493686
661493656
661493685
661493656
661493685
661493656
661493685
661493656
661493685
661493656
661493686
661493656
661493686
661493656
661493686
661493656
661493686
661493656
661493686
661493656
661493687
661493656
661493687
661493656
661493687
661493656
661493687
661493656
661493686
661493656
661493686
661493656
661493686
661493656
661493686
661493656
661493686
661493656
661493685
661493656
661493685
661493656
661493685
661493656
661493685
661493656
661493685
661493656
661493685
661493656
661493686
661493656
661493686
661493656
661493686
661493656
661493686
661493656
661493685
661493656
661493685
661493656
661493685
661493656
661493685
661493656
661493685
661493656
661493685
661493656
661493685
661493656
661493685
661493656
661493685
661493656
661493685
661493656
661493685
661493656
661493685
661493656
661493685
661493656
661493685
661493656
661493685
661493656
661493684
661493656
661493684
661493656
661493684
661493656
661493684
661493656
661493684
661493656
661493685
661493655
661493685
661493655
661493685
661493655
661493685
661493655
661493686
661493655
661493686
661493655
661493686
661493655
661493686
661493655
661493686
661493655
661493685
661493655
661493685
661493655
661493685
661493655
661493684
661493655
661493684
661493655
661493684
661493655
661493684
661493655
661493684
661493655
661493684
661493655
661493684
661493655
661493684
661493655
661493684
661493655
661493685
661493655
661493685
661493655
661493685
661493655
661493685
661493655
661493684
661493655
661493684
661493655
661493684
661493655
661493684
661493655
661493684
661493655
661493685
661493655
661493684
661493655
661493684
661493655
661493684
661493655
661493684
661493655
661493684
661493655
661493684
661493655
661493684
661493655
661493683
661493655
661493683
661493655
661493683
661493655
661493683
661493655
661493683
661493655
661493684
661493655
661493684
661493655
661493684
661493655
661493685
661493655
661493685
661493655
661493685
661493655
661493685
661493655
661493685
661493655
661493684
661493655
661493684
661493655
661493684
661493655
661493684
661493655
661493684
661493654
661493683
661493654
661493683
661493654
661493683
661493654
661493683
661493654
661493683
661493654
661493684
661493654
661493684
661493654
661493684
661493654
661493684
661493654
661493684
661493654
661493684
661493655
661493684
661493654
661493684
661493654
661493684
661493654
661493684
661493654
661493683
661493654
661493683
661493654
661493683
661493654
661493683
661493654
661493683
661493654
661493683
661493654
661493683
661493654
661493683
661493654
661493683
661493654
661493682
661493654
661493682
661493654
661493682
661493654
661493682
661493654
661493682
661493654
661493683
661493654
661493683
661493654
661493683
661493654
661493683
661493654
661493684
661493654
661493684
661493654
661493684
661493654
661493684
661493654
661493684
661493654
661493683
661493654
661493683
661493654
661493683
661493654
661493683
661493654
661493683
661493654
661493683
661493654
661493682
661493654
661493682
661493654
661493682
661493654
661493682
661493654
661493683
661493654
661493683
661493654
661493683
661493654
661493683
661493654
661493683
661493654
661493683
661493654
661493683
661493654
661493683
661493654
661493683
661493654
661493683
661493654
661493683
661493654
661493683
661493653
661493683
661493653
661493682
661493653
661493682
661493653
661493682
661493653
661493682
661493654
661493682
661493653
661493682
661493653
661493682
661493653
661493681
661493653
661493681
661493654
661493681
661493654
661493681
661493653
661493682
661493653
661493682
661493653
661493682
661493653
661493683
661493653
661493683
661493653
661493683
661493653
661493683
661493653
661493683
661493653
661493683
661493653
661493683
661493653
661493682
661493653
661493682
661493653
661493682
661493653
661493682
661493653
661493682
661493653
661493682
661493653
661493682
661493653
661493682
661493653
661493682
661493653
661493682
661493653
661493682
661493653
661493682
661493653
661493682
661493653
661493682
661493653
661493682
661493653
661493682
661493653
661493682
661493653
661493682
661493653
661493682
661493653
661493682
661493653
661493682
661493653
661493682
661493653
661493682
661493653
661493682
661493653
661493681
661493653
661493681
661493653
661493681
661493653
661493681
661493653
661493681
661493653
661493681
661493653
661493681
661493653
661493681
661493653
661493681
661493653
661493681
661493653
661493681
661493653
661493681
661493653
661493682
661493652
661493682
661493652
661493682
661493652
661493682
661493652
661493682
661493652
661493682
661493652
661493682
661493652
661493682
661493652
661493681
661493652
661493681
661493652
661493681
661493652
661493681
661493652
661493681
661493652
661493681
661493652
661493681
661493652
661493681
661493652
661493681
661493652
661493681
661493652
661493681
661493652
661493681
661493652
661493681
661493652
661493681
661493652
661493681
661493652
661493681
661493652
661493681
661493652
661493681
661493652
661493681
661493652
661493681
661493652
661493681
661493652
661493681
661493652
661493681
661493652
661493681
661493652
661493680
661493652
661493680
661493652
661493680
661493652
661493680
661493652
661493680
661493652
661493680
661493652
661493680
661493652
661493680
661493652
661493680
661493652
661493680
661493652
661493680
661493652
661493681
661493652
661493681
661493652
661493681
661493652
661493681
661493652
661493681
661493652
661493681
661493652
661493680
661493652
661493680
661493652
661493680
661493652
661493680
661493652
661493680
661493652
661493680
661493652
661493680
661493651
661493680
661493651
661493680
661493651
661493680
661493652
661493680
661493651
661493680
661493651
661493681
661493651
661493681
661493651
661493680
661493651
661493680
661493652
661493680
661493652
661493680
661493651
661493680
661493651
661493680
661493651
661493680
661493651
661493680
661493651
661493680
661493651
661493680
661493651
661493680
661493651
661493680
661493651
661493680
661493651
661493679
661493651
661493679
661493651
661493679
661493651
661493679
661493651
661493679
661493651
661493679
661493651
661493679
661493651
661493679
661493651
661493680
661493651
661493680
661493651
661493680
661493651
661493680
661493651
661493680
661493651
661493680
661493651
661493680
661493651
661493680
661493651
661493680
661493651
661493679
661493651
661493679
661493651
661493679
661493651
661493679
661493651
661493679
661493651
661493679
661493651
661493679
661493651
661493679
661493651
661493679
661493651
661493679
661493651
661493679
661493651
661493679
661493651
661493680
661493651
661493680
661493651
661493680
661493651
661493679
661493651
661493679
661493651
661493679
661493651
661493679
661493651
661493679
661493651
661493679
661493651
661493679
661493650
661493679
661493650
661493679
661493651
661493678
661493651
661493678
661493651
661493678
661493651
661493678
661493651
661493678
661493651
661493678
661493651
661493678
661493650
661493678
661493650
661493678
661493650
661493678
661493650
661493678
661493650
661493679
661493650
661493679
661493650
661493679
661493650
661493679
661493650
661493679
661493650
661493679
661493650
661493679
661493650
661493679
661493650
661493679
661493650
661493678
661493650
661493678
661493650
661493678
661493650
661493678
661493650
661493678
661493650
661493678
661493650
661493678
661493650
661493679
661493650
661493679
661493650
661493678
661493650
661493678
661493650
661493678
661493650
661493678
661493650
661493678
661493650
661493678
661493650
661493678
661493650
661493678
661493650
661493678
661493650
661493677
661493650
661493678
661493650
661493678
661493650
661493678
661493650
661493678
661493650
661493678
661493650
661493677
661493650
661493677
661493650
661493677
661493650
661493677
661493650
661493677
661493650
661493677
661493650
661493677
661493650
661493677
661493650
661493677
661493650
661493677
661493650
661493677
661493649
661493678
661493649
661493678
661493649
661493678
661493649
661493678
661493649
661493678
661493649
661493677
661493649
661493677
661493649
661493677
661493649
661493677
661493649
661493677
661493649
661493677
661493649
661493677
661493649
661493677
661493649
661493677
661493649
661493677
661493649
661493677
661493649
661493678
661493649
661493678
661493649
661493678
661493649
661493677
661493649
661493677
661493649
661493677
661493649
661493677
661493649
661493677
661493649
661493677
661493649
661493677
661493649
661493677
661493649
661493677
661493649
661493676
661493649
661493676
661493649
661493677
661493649
661493677
661493649
661493677
661493649
661493676
661493649
661493676
661493649
661493676
661493649
661493676
661493649
661493676
661493649
661493676
661493649
661493676
661493649
661493676
661493649
661493676
661493649
661493676
661493649
661493676
661493649
661493676
661493649
661493677
661493649
661493677
661493649
661493677
661493649
661493677
661493649
661493676
661493649
661493676
661493649
661493675
661493649
661493675
661493649
661493676
661493649
661493676
661493648
661493676
661493648
661493676
661493648
661493676
661493648
661493676
661493648
661493676
661493648
661493676
661493648
661493677
661493648
661493677
661493648
661493676
661493648
661493676
661493648
661493676
661493648
661493675
661493648
661493675
661493648
661493675
661493648
661493676
661493648
661493676
661493648
661493676
661493648
661493675
661493648
661493675
661493648
661493675
661493648
661493675
661493648
661493675
661493648
661493675
661493648
661493675
661493648
661493675
661493648
661493674
661493648
661493674
661493648
661493675
661493648
661493675
661493648
661493675
661493648
661493675
661493648
661493676
661493648
661493675
661493648
661493675
661493648
661493675
661493648
661493675
661493648
661493675
661493648
661493675
661493648
661493675
661493648
661493674
661493648
661493674
661493648
661493674
661493648
661493674
661493648
661493675
661493648
661493675
661493648
661493675
661493648
661493675
661493647
661493675
661493647
661493675
661493648
661493675
661493648
661493675
661493648
661493675
661493648
661493675
661493648
661493675
661493647
661493674
661493647
661493674
661493647
661493674
661493647
661493674
661493647
661493674
661493647
661493674
661493647
661493674
661493647
661493674
661493647
661493674
661493647
661493674
661493647
661493673
661493647
661493674
661493647
661493674
661493647
661493674
661493647
661493674
661493647
661493673
661493647
661493673
661493647
661493673
661493647
661493674
661493647
661493674
661493647
661493674
661493647
661493674
661493647
661493674
661493647
661493674
661493647
661493673
661493647
661493673
661493647
661493673
661493647
661493673
661493647
661493673
661493647
661493673
661493647
661493673
661493647
661493673
661493647
661493673
661493647
661493673
661493647
661493674
661493647
661493674
661493647
661493674
661493647
661493674
661493647
661493674
661493647
661493674
661493647
661493673
661493647
661493673
661493647
661493673
661493647
661493673
661493647
661493673
661493647
661493673
661493647
661493673
661493647
661493672
661493647
661493673
661493647
661493673
661493647
661493673
661493647
661493673
661493647
661493673
661493647
661493672
661493647
661493672
661493647
661493672
661493647
661493672
661493647
661493672
661493647
661493672
661493646
661493672
661493646
661493672
661493646
661493672
661493646
661493672
661493646
661493672
661493646
661493673
661493646
661493673
661493646
661493673
661493646
661493672
661493646
661493672
661493646
661493672
661493646
661493671
661493646
661493671
661493646
661493672
661493646
661493672
661493646
661493672
661493646
661493672
661493646
661493672
661493646
661493672
661493646
661493673
661493646
661493673
661493646
661493673
661493646
661493673
661493646
661493673
661493646
661493672
661493646
661493672
661493646
661493671
661493646
661493671
661493646
661493671
661493646
661493671
661493646
661493671
661493646
661493671
661493646
661493671
661493646
661493671
661493646
661493671
661493646
661493671
661493646
661493671
661493646
661493671
661493646
661493671
661493646
661493671
661493646
661493671
661493646
661493671
661493646
661493671
661493646
661493671
661493646
661493671
661493646
661493671
661493646
661493671
661493645
661493671
661493645
661493671
661493645
661493671
661493645
661493671
661493645
661493671
661493646
661493671
661493646
661493670
661493645
661493670
661493645
661493670
661493645
661493670
661493645
661493670
661493645
661493670
661493645
661493671
661493645
661493671
661493645
661493671
661493645
661493671
661493645
661493671
661493645
661493671
661493645
661493671
661493645
661493671
661493645
661493671
661493645
661493671
661493645
661493670
661493645
661493670
661493645
661493670
661493645
661493670
661493645
661493670
661493645
661493670
661493645
661493670
661493645
661493670
661493645
661493670
661493645
661493670
661493645
661493670
661493645
661493670
661493645
661493670
661493645
661493670
661493645
661493670
661493645
661493670
661493645
661493670
661493645
661493670
661493645
661493670
661493645
661493670
661493645
661493670
661493645
661493670
661493645
661493670
661493645
661493670
661493645
661493669
661493645
661493669
661493645
661493669
661493645
661493669
661493645
661493669
661493645
661493669
661493645
661493669
661493645
661493669
661493645
661493669
661493645
661493669
661493644
661493670
661493644
661493670
661493644
661493670
661493644
661493670
661493644
661493670
661493644
661493670
661493644
661493670
661493644
661493669
661493644
661493669
661493644
661493669
661493644
661493669
661493644
661493669
661493644
661493668
661493644
661493668
661493644
661493668
661493644
661493669
661493644
661493669
661493644
661493669
661493644
661493669
661493644
661493669
661493644
661493668
661493644
661493668
661493644
661493668
661493644
661493668
661493644
661493669
661493644
661493669
661493644
661493668
661493644
661493668
661493644
661493668
661493644
661493668
661493644
661493668
661493644
661493668
661493644
661493668
661493644
661493668
661493644
661493668
661493644
661493667
661493644
661493667
661493644
661493667
661493644
661493667
661493644
661493667
661493644
661493668
661493644
661493668
661493644
661493668
661493644
661493668
661493644
661493669
661493644
661493669
661493644
661493669
661493644
661493669
661493644
661493669
661493644
661493668
661493644
661493668
661493644
661493668
661493644
661493667
661493644
661493667
661493644
661493667
661493644
661493667
661493644
661493667
661493643
661493667
661493643
661493667
661493643
661493667
661493643
661493667
661493643
661493667
661493644
661493668
661493644
661493668
661493643
661493667
661493643
661493667
661493643
661493667
661493643
661493667
661493643
661493667
661493643
661493667
661493643
661493667
661493643
661493667
661493643
661493667
661493643
661493667
661493643
661493667
661493643
661493667
661493643
661493666
661493643
661493666
661493643
661493666
661493643
661493666
661493643
661493666
661493643
661493666
661493643
661493666
661493643
661493666
661493643
661493667
661493643
661493667
661493643
661493667
661493643
661493668
661493643
661493668
661493643
661493668
661493643
661493667
661493643
661493667
661493643
661493667
661493643
661493667
661493643
661493667
661493643
661493666
661493643
661493666
661493643
661493666
661493643
661493666
661493643
661493666
661493643
661493666
661493643
661493666
661493643
661493666
661493643
661493666
661493643
661493666
661493643
661493666
661493643
661493666
661493643
661493666
661493643
661493666
661493643
661493666
661493643
661493666
661493643
661493666
661493643
661493666
661493643
661493666
661493643
661493666
661493643
661493666
661493643
661493666
661493642
661493666
661493642
661493665
661493642
661493665
661493643
661493665
661493643
661493665
661493643
661493665
661493643
661493665
661493642
661493665
661493642
661493665
661493642
661493665
661493642
661493665
661493642
661493666
661493642
661493666
661493642
661493666
661493642
661493667
661493642
661493667
661493642
661493666
661493642
661493666
661493642
661493666
661493642
661493666
661493642
661493665
661493642
661493665
661493642
661493665
661493642
661493665
661493642
661493665
661493642
661493665
661493642
661493665
661493642
661493665
661493642
661493665
661493642
661493665
661493642
661493665
661493642
661493665
661493642
661493665
661493642
661493665
661493642
661493665
661493642
661493665
661493642
661493665
661493642
661493665
661493642
661493763
661493763
